TIME,LB,UB,OPEN,GAP,TREE
0.01767110824584961,0.0,22.852768709071132,1,100.0,1
0.017705202102661133,20.259299899983066,22.852768709071132,1,11.348597809326357,1
0.10696101188659668,20.259299899983066,22.85276869133277,1,11.348597740514972,1
0.10699820518493652,20.259299899983066,22.85276869133277,2,11.348597740514972,1
0.3190782070159912,21.3302231170271,22.85276869068893,1,6.662411869079881,1
0.31911802291870117,21.3302231170271,22.85276869068893,2,6.662411869079881,1
0.9503049850463867,22.0110269261757,22.85276869068893,2,3.683325096867529,1
3.1326041221618652,22.409812926089813,22.852768690373093,1,1.9383024012748107,1
3.1326382160186768,22.409812926089813,22.852768690373093,2,1.9383024012748107,1
10.192184209823608,22.627165420996207,22.852768690367427,1,0.9872032243791672,1
10.192222118377686,22.627165420996207,22.852768690367427,2,0.9872032243791672,1
36.624996185302734,22.73934756334536,22.852768690350324,1,0.4963124098519317,1
36.625056982040405,22.73934756334536,22.852768690350324,2,0.4963124098519317,1
147.1704761981964,22.79580082343083,22.852768690350324,2,0.24928212284206844,1
725.9216721057892,22.824236646836685,22.852768690350324,2,0.12485158319432389,1
4201.089592218399,22.837079032920403,22.852768690350324,2,0.06865538982392698,1
4201.0896961688995,22.837079032920403,22.852768690350324,2,0.06865538982392698,1
