x1,y1,theta1,x2,y2,theta,length
1.915534111867507,6.061988997659464,1.6014759425526093,11.581512644144588,7.70898998263732,-1.1658253987930869,10.610470626317074
11.582188723661103,7.707501085181997,5.105088062083414,8.086747163219677,3.9930667404046765,3.4054373491061236,5.390434407993958
8.084075545347845,3.9924293466279424,3.399301425954581,1.9154924807410663,6.060818622747308,1.6076118657041514,6.836173998609372
