x1,y1,theta1,x2,y2,theta,length
1.9122271459504403,6.048609089700106,1.542551638375592,11.616973891178683,7.625169799650939,5.124876922332321,10.582371666642985
11.616973891178683,7.625169799650939,5.124876922332321,8.08927524081812,3.9929629300569114,3.3724834695626216,5.380874526464305
8.08927524081812,3.9929629300569114,3.3724834695626216,1.9122271459504403,6.048609089700106,1.542551638375592,6.889522497243033
