x1,y1,theta1,x2,y2,theta,length
5.874895224269078,7.610134746110196,0.009203884727313847,12.296626480277041,8.124648587106828,-0.4939418136991778,6.475634041678364
12.298854602042734,8.123450553633889,5.786175531904639,12.928951743363934,6.407410028896245,4.261398628746312,1.9761502289160606
12.928148699639442,6.405755638230146,4.25833066717054,8.79881674996715,5.183386717938439,3.5220198889854317,4.4140992346817285
8.796022035644077,5.1822634567310315,3.5250878505612033,3.173040196421999,1.6112977876664052,3.457592695894235,6.664840239915473
3.1702199428971176,1.6103812225542595,3.454524734318464,1.0219075660846397,1.883626584755532,2.2396119503130363,2.272417941000964
1.0208194071220722,1.8850107289221736,2.2365439887372647,1.8382146459669784,6.060973456258888,1.2363885150358265,4.374362018906794
1.8392260710977684,6.063866901905582,1.2333205534600555,2.537162226710569,7.567283940783291,0.7577865092155067,1.6684672753353842
2.538364578521844,7.570105554671752,0.7555136085843568,2.7046712131261446,7.6967440660387245,0.5460971604872875,0.20941644809706927
2.7068333321778306,7.698001935337999,0.5430291989115169,5.871842489657933,7.610108177931401,0.006135923151542655,3.2016871954762225
