x1,y1,theta1,x2,y2,theta,length
5.873195345610263,7.609969230225362,0.007845315463130685,12.297149546316474,8.125350867511925,5.789640412458249,6.47787459267182
12.297149546316474,8.125350867511925,5.789640412458249,12.92960842435834,6.40595390498415,4.259968279919294,1.9813926604113654
12.92960842435834,6.40595390498415,4.259968279919294,8.79728277264687,5.1830832401555185,3.523523301794836,4.417815565650596
8.79728277264687,5.1830832401555185,3.523523301794836,3.1713455929020866,1.6103346303944193,3.456485657173993,6.66835516695484
3.1713455929020866,1.6103346303944193,3.456485657173993,1.0206507586661182,1.883195132808198,2.23763499638412,2.2757240419339366
1.0206507586661182,1.883195132808198,2.23763499638412,1.8383066096451275,6.061433326007741,1.2337872326628385,4.377082949301922
1.8383066096451275,6.061433326007741,1.2337872326628385,2.706394665008081,7.69880441945682,0.548906391840357,1.8857533671167328
2.706394665008081,7.69880441945682,0.548906391840357,5.873195345610263,7.609969230225362,0.007845315463130685,3.204719721524814
