x1,y1,theta1,x2,y2,theta,length
6.546688800527328,2.487223968519728,0.0030679615757712823,11.543874976642183,0.9226257683000645,0.1963495408493614,5.249793934790033
11.545180531576879,0.9228883533084913,0.19941750242513334,12.403521115468887,1.6655533598680958,1.2149127840054272,1.1565862049043627
12.403991382732611,1.6668172857348738,1.217980745581199,12.29834930158951,3.0397733901653554,1.3744467859455338,1.3872715861457041
12.29863453362132,3.0411916617078525,1.371378824369763,14.08655429162929,6.1915717823785394,1.478757479521757,3.6320418985618605
14.086679750809683,6.1929495619599555,1.4818254410975293,12.936236567589727,9.18345933623717,2.518796453708222,3.228220373026021
12.935202633123685,9.184198844315828,2.5218644152839946,10.84999575145269,9.293239852755526,3.4760004653488625,2.1083499669708385
10.848641083148197,9.292767898299743,3.479068426924634,9.995955133410858,8.627392176168339,3.690757775652853,1.0850500013036317
9.994659930383543,8.626602877570317,3.687689814077081,9.62297419505022,8.385350143155089,4.086524818927349,0.44983947399611635
9.62220655842983,8.384288763273185,4.08959278050312,9.437464012659053,7.017790148327423,4.50069963165647,1.3902146309873653
9.43714085014574,7.016304967729881,4.4976316700806995,8.521208062057426,4.941312515471589,3.555767466318918,2.305802638230549
8.520237969753655,4.9408885509106035,3.552699504743145,7.9496661410224725,5.012520382282467,2.744525396928459,0.5964555041630557
7.9482508800404865,5.013112099218555,2.745825610315298,5.289346175611546,6.125619127843944,2.623107147284447,2.8824185213962066
5.288025135495674,6.126375091682164,2.6200391857086753,1.9752079578824309,8.250118367319395,3.632466505713199,4.038705100173674
1.9746423958405104,8.249813705448132,3.6355344672889696,1.98135844414911,3.3273029114540384,4.598874402081153,5.029268740799094
1.9811870934710045,3.3258023018934333,4.595806440505381,1.6162215651536012,1.127282769351584,5.516194913236766,2.314227461886397
1.6167290289850182,1.1267940302654686,5.5192628748125365,6.545234611181464,2.4872195279341365,6.28932123033113,5.208991838435374
