x1,y1,theta1,x2,y2,theta,length
7.611750349510655,3.871646579922923,5.801515339783494,8.561927402339114,3.430476581581748,4.841243366567085,1.0965466219850257
8.561963823255995,3.4301916705795215,4.838175404991311,7.467245539617693,2.580500676907389,4.025165587411922,1.4377752074223218
7.466845102043059,2.580011423215857,4.028233548987695,7.065116775927706,1.2063343789575718,5.286097795053919,1.4611882800792897
7.065413179486345,1.2058757414705066,5.289165756629691,13.256898065558197,0.6303688897257518,6.617593118938656,6.251128530678782
13.257682414430402,0.6306420717401044,0.337475773334841,15.526656985976842,2.9138889422186782,1.8775924843720255,3.275486644124794
15.526573048572207,2.9141523122571202,1.8806604459477958,13.750475496670951,3.3535223108177195,2.32551487443463,1.887751117638346
13.750035856390838,3.3539927597170833,2.3224469128588607,13.658414591180914,3.948529703600249,1.451145825339817,0.6126697487449335
13.658497432702038,3.9492150310120686,1.4480778637640452,15.039975666249921,8.963471001648106,2.6016314162540453,5.28876750876858
15.039799375232057,8.963576343551734,2.6046993778298186,11.757690923289465,5.903647797473578,3.4361169648638334,4.578069452036939
11.757072287265252,5.903460225441907,3.433049003288065,3.465792908199238,7.455376342393634,4.264466590322087,8.52809708343147
3.4656812864699185,7.455142271724554,4.267534551897853,7.611383470456626,3.8718390076715887,5.798447378207723,5.567848645988453
