TIME,LB,UB,OPEN,GAP,TREE
0.025999069213867188,0.0,29.690533422310033,1,100.0,1
0.02603006362915039,26.39942423633179,29.690533422310033,1,11.084708850347704,1
0.10439205169677734,26.39942423633179,29.690533422200325,1,11.084708850019158,3
0.1341240406036377,26.39942423633179,29.690533422200325,2,11.084708850019158,4
0.3353250026702881,26.39942423633179,29.690533422200325,5,11.084708850019158,8
0.6805028915405273,26.39942423633179,29.690533422200325,8,11.084708850019158,13
0.7839169502258301,26.39942423633179,29.690533422200325,8,11.084708850019158,13
0.91121506690979,27.365460518988684,29.690533422200325,8,7.831024354291756,13
1.16969895362854,27.446628954141822,29.690533422200325,8,7.557642822209052,13
1.345715045928955,28.002307173410358,29.690533422200325,8,5.686075843715355,13
1.4399340152740479,28.31376878336865,29.690533422200325,7,4.63704918754418,13
1.5708959102630615,28.465818240028064,29.690533422200325,6,4.12493492372391,13
2.441420078277588,28.49488016075364,29.690533412582916,5,4.027052108543639,13
2.4414710998535156,28.49488016075364,29.690533412582916,6,4.027052108543639,13
4.905612945556641,29.07142170038216,29.6905334047711,5,2.085215836133987,13
4.905668020248413,29.07142170038216,29.6905334047711,6,2.085215836133987,13
5.36205792427063,29.079888164683727,29.6905334047711,5,2.0567001332123085,13
5.533055067062378,29.241985703978262,29.6905334047711,4,1.5107431539803782,13
12.999560117721558,29.37561223815426,29.690533397405705,3,1.0606786851426562,13
12.999615907669067,29.37561223815426,29.690533397405705,4,1.0606786851426562,13
37.95820689201355,29.53124807567207,29.690533396334807,3,0.5364852107453187,13
37.95826005935669,29.53124807567207,29.690533396334807,4,0.5364852107453187,13
38.35442495346069,29.599633220726794,29.690533396334807,3,0.3061587826483249,13
129.69119596481323,29.610436207552336,29.69053339618472,2,0.26977349164995307,13
129.69124698638916,29.610436207552336,29.69053339618472,3,0.26977349164995307,13
543.4433469772339,29.650395243934373,29.690533396110652,2,0.13518838358605342,13
543.4434440135956,29.650395243934373,29.690533396110652,3,0.13518838358605342,13
2667.8786630630493,29.67044967315769,29.690533396098928,2,0.06764352352078658,13
2667.878756046295,29.67044967315769,29.690533396098928,3,0.06764352352078658,13
2668.021413087845,29.670541662074786,29.690533396098928,2,0.06733369777307113,13
