x1,y1,theta1,x2,y2,theta,length
14.453209435517293,1.1741801876114173,3.7613208918955916,8.96184258036024,3.174016559566728,2.9851266132254586,6.011469982441415
8.960993914074194,3.1741500187358818,2.986660594013343,7.014889173980076,3.0904833328179975,2.75196153346684,1.9674441713051127
7.013466498628759,3.091070049928479,2.7504275526789543,4.438692383459467,7.20049709935115,1.0676506283684062,5.093243487790762
4.438955839342606,7.200909895737632,1.0615147052168636,9.976475589436077,6.735414554087993,0.07976700097005351,5.833174449070258
9.977487820737425,6.735511536802828,0.08283496254582462,13.433657055489599,7.813820847519169,-0.44178646691106427,3.7046888413714
13.434102020907481,7.813582280401446,5.835262917116979,14.45413050802179,1.174880759795151,3.767456815047135,7.07046046986223
