x1,y1,theta1,x2,y2,theta,length
14.411783844643178,1.1438975621450298,3.782994304502366,8.95687032117224,3.1749446169217355,2.9779741546510543,6.003459880561405
8.95687032117224,3.1749446169217355,2.9779741546510543,7.0066091287881616,3.0933946238852217,2.756563065388227,1.9710462177061987
7.0066091287881616,3.0933946238852217,2.756563065388227,4.434533637286989,7.195030333129936,1.014846934470534,5.11956081169985
4.434533637286989,7.195030333129936,1.014846934470534,9.974552591408484,6.735038934233874,0.10706803323132903,5.803582408360645
9.974552591408484,6.735038934233874,0.10706803323132903,13.427157688226181,7.817567206587129,5.795394267958159,3.7187126919420446
13.427157688226181,7.817567206587129,5.795394267958159,14.411783844643178,1.1438975621450298,3.782994304502366,7.074171385828782
