x1,y1,theta1,x2,y2,theta,length
11.99337006209722,6.0856272817129415,1.3291781433381675,13.370876539728485,8.084768644009312,2.1571194967665663,2.50223974303252
13.370876539728485,8.084768644009312,2.1571194967665663,9.942968726925942,7.2678425075124204,3.0952310243023393,3.599470754735256
9.942968726925942,7.2678425075124204,3.0952310243023393,9.839348609192594,7.295700030131049,2.6626787308755966,0.10813807335668568
9.839348609192594,7.295700030131049,2.6626787308755966,8.803803024844871,8.84975864788387,2.7702822856207745,1.883932505863257
8.803803024844871,8.84975864788387,2.7702822856207745,3.2534642353947283,7.191315589163426,4.160782686832096,5.8203414830743725
3.2534642353947283,7.191315589163426,4.160782686832096,4.144668731708586,2.121935389417046,5.44436541959547,5.169817733074855
4.144668731708586,2.121935389417046,5.44436541959547,7.7955857591925675,1.070053181825827,0.4102764457796169,3.8200311262730615
7.7955857591925675,1.070053181825827,0.4102764457796169,9.142258402886842,3.456361533813122,0.2968438770806881,2.77184413383882
9.142258402886842,3.456361533813122,0.2968438770806881,12.722017911083357,1.6973443115675966,0.6304057327793368,4.062027489514694
12.722017911083357,1.6973443115675966,0.6304057327793368,11.99337006209722,6.0856272817129415,1.3291781433381675,4.507039231931763
