x1,y1,theta1,x2,y2,theta,length
8.297036909948185,3.3945459939137756,4.8434314929965385,7.70107890885169,2.4235991257189418,4.080609550801283,1.172799683439305
7.70107890885169,2.4235991257189418,4.080609550801283,7.262974054540736,1.2777913401406111,5.192663382922596,1.2924496524671818
7.262974054540736,1.2777913401406111,5.192663382922596,13.198129161108902,0.8257502197873289,0.3189209511493543,6.043734974554987
13.198129161108902,0.8257502197873289,0.3189209511493543,15.248761713236606,2.833744487845882,1.86346771183473,2.989810377989174
15.248761713236606,2.833744487845882,1.86346771183473,13.965674813305103,3.449141237424168,2.1660867990343298,1.5190679802823812
13.965674813305103,3.449141237424168,2.1660867990343298,13.880437605670132,3.7572526446043497,1.5153042287901206,0.3253912851221046
13.880437605670132,3.7572526446043497,1.5153042287901206,14.934882974787072,8.78346680859891,2.6075307146469213,5.2972444193412604
14.934882974787072,8.78346680859891,2.6075307146469213,11.685344529830052,6.152294053778334,3.4288376446554274,4.343905032023056
11.685344529830052,6.152294053778334,3.4288376446554274,3.5936951731539604,7.412230512602295,4.298864626007446,8.380606441144307
3.5936951731539604,7.412230512602295,4.298864626007446,8.297036909948185,3.3945459939137756,4.8434314929965385,6.399567753757534
