x1,y1,theta1,x2,y2,theta,length
12.480533933533517,8.270581761662248,0.21475731030398976,15.762355079669838,9.829731112066753,-0.8375535101855622,3.719687166520116
15.762472949233368,9.829599757098007,5.442563835418254,15.502272689331692,9.118283833540689,4.120272396260834,0.8237535745602651
15.501844865620805,9.11764735887201,4.123340357836604,14.25054183484949,7.18105629031347,4.359573399170992,2.306132470404972
14.250283452297706,7.180354443728737,4.362641360746763,13.29250224411293,0.4379284810906465,3.7858645845017627,6.830535756325705
13.292074032126427,0.43760788085386126,3.7827966229259906,10.992192732530738,0.7570355168692159,2.4666411069201106,2.347777053527088
10.991674864607033,0.7574526165668138,2.46357314534434,9.713394988955526,3.684238227555151,2.8532042654672916,3.227198893645011
9.712945530970766,3.6843704281281355,2.856272227043064,8.54651393744133,2.917364281634273,4.289010282928253,1.4307251483977017
8.5462407678924,2.9167574006341805,4.292078244504024,8.49814915772928,1.6363988027637246,3.696893698804395,1.329296333388802
8.497861547517857,1.636220935578304,3.693825737228624,7.4062647726755575,2.1033967252617813,3.1906800388021335,1.2361462858295649
7.405636830960378,2.103365585292127,3.1937480003779046,6.032171733539244,1.1758221945120675,3.0710295373470546,1.6787242360589165
6.031603155393824,1.1758639794988213,3.0679615757712826,1.1279125813541837,6.204110633726189,2.1076896025548693,7.039690181180306
1.1275309767427666,6.2047528670614485,2.1046216409791,0.3371215942259124,9.032821442098552,0.9050486648525327,2.9717660919157947
0.3373879620828217,9.033159130170937,0.9019807032767571,12.47981474466194,8.27042599242671,0.211689348728216,12.203498761639391
