x1,y1,theta1,x2,y2,theta,length
6.925948135469403,1.193443956987396,2.938135931372841,3.3621738408026745,2.1785040196739107,2.496706197668009,3.701966886633942
3.3621738408026745,2.1785040196739107,2.496706197668009,2.467459902357105,3.7074048064114145,1.6294595619065124,1.7852967816406897
2.467459902357105,3.7074048064114145,1.6294595619065124,2.8822796429491886,4.730653773641907,0.9057030907721797,1.1137278525889611
2.8822796429491886,4.730653773641907,0.9057030907721797,3.9806429569157404,5.772921191249138,1.398969588641847,1.5406937927425122
3.9806429569157404,5.772921191249138,1.398969588641847,2.656787763210854,8.740267061448415,0.8997241132426492,3.3932335404318024
2.656787763210854,8.740267061448415,0.8997241132426492,8.356784311186985,7.122638709880306,6.113259840579881,6.060671387334765
8.356784311186985,7.122638709880306,6.113259840579881,10.710710535914474,7.102562453918904,6.2775270317750955,2.3543710197601926
10.710710535914474,7.102562453918904,6.2775270317750955,14.981778996472901,6.7064759485277765,4.965883413326427,4.445759326646397
14.981778996472901,6.7064759485277765,4.965883413326427,13.401291887755885,5.390042828509706,3.6753644438847957,2.195524826162451
13.401291887755885,5.390042828509706,3.6753644438847957,11.948966958943265,4.450784869612173,4.063463836316958,1.7333553913633146
11.948966958943265,4.450784869612173,4.063463836316958,11.579200438099699,3.114449264653298,4.881106729885772,1.3980911313064466
11.579200438099699,3.114449264653298,4.881106729885772,12.928420532697473,0.6119520112042092,4.163220716728977,2.952625817796306
12.928420532697473,0.6119520112042092,4.163220716728977,6.925948135469403,1.193443956987396,2.938135931372841,6.147128991225866
