TIME,LB,UB,OPEN,GAP,TREE
0.02031111717224121,0.0,29.719153252304537,1,100.0,1
0.020344018936157227,26.885837938789443,29.719153252304537,1,9.533634048928993,1
0.18918800354003906,26.885837938789443,29.719152560129686,2,9.533631941919273,4
0.18924999237060547,26.885837938789443,29.719152560129686,3,9.533631941919273,4
0.4171741008758545,26.885837938789443,29.719152560129686,5,9.533631941919273,8
0.8215601444244385,26.885837938789443,29.719152560129686,6,9.533631941919273,13
0.9741289615631104,26.885837938789443,29.719152560129686,6,9.533631941919273,13
1.1943590641021729,26.885837938789443,29.719152560129686,6,9.533631941919273,13
1.2979810237884521,26.885837938789443,29.719152560129686,6,9.533631941919273,13
1.7946140766143799,27.02585854695634,29.719152560129686,6,9.062485909462264,13
1.9605841636657715,27.603359371361165,29.719152560129686,6,7.119291791674454,13
2.2121269702911377,27.94289398125087,29.719152560129686,6,5.976814363346927,13
2.341050148010254,28.174429243522503,29.719152560129686,5,5.197736757405178,13
3.700369119644165,28.304699619462735,29.719152560129686,5,4.759398632935915,13
4.366398096084595,28.452691748040266,29.719152560129686,4,4.261429761589048,13
5.210106134414673,28.96981446109522,29.719152560129686,4,2.521397935282168,13
9.904476165771484,28.981416233585115,29.719152560129686,4,2.482359902597948,13
10.364866971969604,29.151256683733827,29.719152560129686,3,1.9108750670021828,13
24.16459894180298,29.344377582724455,29.719152560129686,3,1.2610553973467522,13
65.63446712493896,29.53057284159188,29.719152493984097,2,0.6345391324008673,13
65.63452196121216,29.53057284159188,29.719152493984097,3,0.6345391324008673,13
67.88042116165161,29.548807060306853,29.719152493984097,2,0.5731840223631098,13
211.78108716011047,29.62452070419298,29.71915249261154,1,0.31842021215807936,13
211.7811839580536,29.62452070419298,29.71915249261154,2,0.31842021215807936,13
925.0450401306152,29.671748411298218,29.71915249261154,2,0.1595068410012898,13
