x1,y1,theta1,x2,y2,theta,length
15.383088850946052,9.170474640339858,2.543340146314393,13.474513946351241,8.485095605073964,-2.4140289853718935,2.2368046793433085
13.472223997188943,8.483053912035848,-2.412859222833899,9.312385901768799,4.80659759289358,3.6355344672889696,5.553712446211538
9.309758735954384,4.805183095724221,3.6324665057131984,5.260692781880861,2.9532625758853985,4.693981210930063,4.722010775059163
5.260676797491492,2.952420616649161,4.697049172505833,6.235981962248525,1.901368342186486,6.0561561505725106,1.5687964568146415
6.238965204791571,1.900688043567688,6.059224112148282,12.93592104683949,1.100863726474911,6.810874698212247,6.792048331765043
12.937974781237212,1.102069211066405,0.5307573526084318,15.383697126828629,9.170058012234565,2.540272184738622,8.822054036139027
