x1,y1,theta1,x2,y2,theta,length
15.384040069586279,9.171626328350408,2.541571322731818,13.473321713830963,8.485070237788165,3.870439857019272,2.240530291331936
13.473321713830963,8.485070237788165,3.870439857019272,9.310259081534431,4.805049641176399,3.6351155226865135,5.558503102619832
9.310259081534431,4.805049641176399,3.6351155226865135,5.25924523566872,2.954657823401225,4.694234364571843,4.723758785117807
5.25924523566872,2.954657823401225,4.694234364571843,6.235148796961855,1.9014453204829493,6.060049418374671,1.5720478274747742
6.235148796961855,1.9014453204829493,6.060049418374671,12.936385801396275,1.1000178067406239,0.5304416622719349,6.79713370719817
12.936385801396275,1.1000178067406239,0.5304416622719349,15.384040069586279,9.171626328350408,2.541571322731818,8.827178778869019
