x1,y1,theta1,x2,y2,theta,length
13.208104380553516,0.5534835088674078,3.7674568150471344,7.027278042337238,1.186131792276638,2.1629129109187524,6.255842838945866
7.027141962185115,1.1863342086922033,2.1613789301308683,7.691330435386001,3.5451197445282756,0.6135923151542559,2.489689293394482
7.6915766277479385,3.545292553182281,0.6120583343663708,8.612691111768482,3.6335217758349394,0.8022719520641877,0.952271031922285
8.612864926309259,3.633701758166087,0.8038059328520759,8.485387558218257,6.498991764141018,1.021631204731836,2.901094647495713
8.485547995006765,6.499253854860491,1.0200972239439514,15.027239397105195,9.023344010135554,-0.7040971816395104,7.072034136729207
15.027375663481823,9.023228026352093,5.577554144752192,13.208337008938681,0.553651993277632,3.7689907958350206,8.727967919658745
