x1,y1,theta1,x2,y2,theta,length
13.208259608548122,0.5534391605593105,3.7683996920989693,7.027015892695183,1.1862567147244907,2.1626579053216863,6.256357000051237
7.027015892695183,1.1862567147244907,2.1626579053216863,7.691226712956764,3.5451920763203404,0.6120503458380859,2.4900384296148603
7.691226712956764,3.5451920763203404,0.6120503458380859,8.612909350177949,3.633538690170062,0.8028843833374841,0.9528843053269267
8.612909350177949,3.633538690170062,0.8028843833374841,8.485455644221775,6.499322473796776,1.0215200401393452,2.90166966710733
8.485455644221775,6.499322473796776,1.0215200401393452,15.027360531480761,9.023463502915925,5.578022417986764,7.072463770288609
15.027360531480761,9.023463502915925,5.578022417986764,13.208259608548122,0.5534391605593105,3.7683996920989693,8.728518508357926
