x1,y1,theta1,x2,y2,theta,length
3.6008356789281457,3.9110254486849474,5.49011723984271,9.757395144112467,2.3085926195687936,6.68355429281774,6.433575286094503
9.75824566320977,2.3089540316545314,0.40190296642603796,10.415731483501569,3.1122303011347277,1.288543861823939,1.0706485402383592
10.41604461103517,3.113313730941898,1.2900778426118242,10.485839357318946,8.662465853130254,2.3055731241921196,5.6262252666122725
10.485213150542126,8.663159041999899,2.3071071049800045,8.127276159431322,9.05512038469984,3.1027947333187553,2.452708664218668
8.12638945983466,9.055154785865284,3.1028357379984146,7.295780969423622,9.087300582679676,3.1139809994078527,0.8312305313986138
7.29441148748459,9.087337980927051,3.115514980195737,3.671799919715149,8.91940426777203,3.810408277107932,3.6717466718369303
3.6705743760294283,8.918433741290853,3.8119422578958178,2.8882562738014887,6.274105635830651,4.727728788263546,2.8048110816885874
2.8882891746231967,6.2721231910491815,4.729262769051432,3.6001050689164393,3.9117697519793917,5.488583259054823,2.489137754133993
