x1,y1,theta1,x2,y2,theta,length
3.600667543969918,3.9107637260771,5.4885999864870065,9.758475509621707,2.308655365128016,0.40194631120170765,6.435238815715833
9.758475509621707,2.308655365128016,0.40194631120170765,10.415948241201107,3.1125297031824104,1.2895956543413007,1.0711827391157958
10.415948241201107,3.1125297031824104,1.2895956543413007,10.485547899438767,8.66350126298919,2.305770271114674,5.628099817168174
10.485547899438767,8.66350126298919,2.305770271114674,8.129661283730002,9.055442765741178,3.1033278914549247,2.451061269407822
8.129661283730002,9.055442765741178,3.1033278914549247,7.2948236612233,9.087334229496742,3.11444185194925,0.835446766113148
7.2948236612233,9.087334229496742,3.11444185194925,3.6708779066103308,8.919489216925403,3.8112599796337907,3.6732743935032706
3.6708779066103308,8.919489216925403,3.8112599796337907,2.888027723101229,6.2737979934596435,4.729013602030852,2.806444741029451
2.888027723101229,6.2737979934596435,4.729013602030852,3.600667543969918,3.9107637260771,5.4885999864870065,2.491947836458543
