x1,y1,theta1,x2,y2,theta,length
13.254297737183427,2.399999431496935,3.141592653589793,8.9551488722233,2.1695676453985056,3.195477942198365,4.30534576695429
8.5768741777318,2.0927285212745232,-2.794670289246175,2.913960695299664,0.6572268192456518,2.3561944901923457,6.040536010054325
2.920401638489686,0.635560555897644,1.9634954084936207,2.6681964115834127,2.3988413940292572,2.356194490192345,1.8650136165738291
2.83969369685825,2.249287221092107,2.748893571891069,0.925069480183386,1.6111593883146205,3.141592653589793,2.1377979438084878
0.960145830446655,1.60455457403996,2.748893571891069,1.5464075601466183,6.429892035366767,0.785398163397449,5.285125515323715
1.794766093026189,6.626755219341766,0.39269908169872414,4.739787297567085,6.884691390064958,0.39269908169872425,2.967576965689185
5.077731188764465,7.026568487181318,0.7475340693002338,6.3898222018288084,8.24287812222541,0.7475340693002338,1.7891316203301824
6.7239680982130015,8.414893969063021,0.39269908169872414,8.970031901787,8.720119717239143,-0.3926990816987244,2.2972269176057827
9.167827039362951,8.5645323666275,5.497787143782138,9.676172960637047,7.701467633372502,5.497787143782138,1.0124219204377312
9.832856720508053,7.631279967655111,5.890486225480862,12.206143279491947,8.60972003234489,6.283185307179586,2.7061439525152062
12.32477789306007,8.541948143516208,5.890486225480862,12.827820157013027,5.903453806410694,5.105088062083414,2.9174130905221
12.987610710935767,5.671724783006209,5.497787143782138,14.857389289064237,5.101275216993791,5.890486225480862,1.979898361392738
15.075970363021987,4.8689573102192245,5.497787143782138,15.331641373353278,1.6566407398538752,3.9269908169872414,3.386985219194202
15.223656332388103,1.6038994284744827,3.5342917352885173,13.584553454060257,2.270100571525518,2.7488935718910685,1.8943778451087465
