x1,y1,theta1,x2,y2,theta,length
13.6147782974688,2.300694158491725,2.752637545822104,8.718243763846901,2.1321995656590715,3.291396188647106,4.912983691541924
8.718243763846901,2.1321995656590715,3.291396188647106,1.8980457967516635,1.0549389328089895,2.2142210062405407,7.128671682020061
1.8980457967516635,1.0549389328089895,2.2142210062405407,2.4059953972930046,3.3363422406002456,1.4933769243710449,2.4918336249919
2.4059953972930046,3.3363422406002456,1.4933769243710449,1.788992157985406,6.753842056649614,0.8241814855349943,3.6421200185195213
1.788992157985406,6.753842056649614,0.8241814855349943,4.642727014109287,6.807469714558003,0.5043884577082345,3.0168603311473543
4.642727014109287,6.807469714558003,0.5043884577082345,5.407513427598619,7.914556299395703,0.7663021983974673,1.377637958037898
5.407513427598619,7.914556299395703,0.7663021983974673,6.044498278780895,8.192597303441762,0.05668847235212219,0.7098238437758316
6.044498278780895,8.192597303441762,0.05668847235212219,8.595525541438075,7.531072295584102,0.5848870506889439,2.785605736646119
8.595525541438075,7.531072295584102,0.5848870506889439,9.309010136165998,8.742606329331208,0.7853978492381829,1.4404533890469444
9.309010136165998,8.742606329331208,0.7853978492381829,10.515296673573692,8.9875998858167,-0.10709238198885282,1.2870425214708745
10.515296673573692,8.9875998858167,-0.10709238198885282,12.385620849464926,8.693037730589184,5.741735221842659,1.904624227212026
12.385620849464926,8.693037730589184,5.741735221842659,13.069453796371986,7.699981297348444,4.899497089931463,1.2304397921337746
13.069453796371986,7.699981297348444,4.899497089931463,12.891774379744355,5.578904382637528,5.138039471701121,2.1638322265485876
12.891774379744355,5.578904382637528,5.138039471701121,13.58063657355143,5.004561244420316,6.027777856635018,0.9262398901111768
13.58063657355143,5.004561244420316,6.027777856635018,15.257249441120715,4.812107705849607,5.631218561026042,1.7259020284532087
15.257249441120715,4.812107705849607,5.631218561026042,15.445600775417848,1.5367463929054659,3.617785499296334,3.6403781896717624
15.445600775417848,1.5367463929054659,3.617785499296334,13.6147782974688,2.300694158491725,2.752637545822104,2.1544776085276025
