x1,y1,theta1,x2,y2,theta,length
2.269009697479287,5.2202059386477675,-0.0649507234995302,4.705181237274569,4.937244732962664,5.497787143782138,2.4797635725256995
4.771830997554505,4.754284266268858,4.71238898038469,2.440088981722775,2.094854779345611,4.71238898038469,3.6082474336992783
2.487173743231394,1.9260575208930795,5.497787143782138,6.1552085942244235,1.0398819030479975,6.283185307179586,3.788724163652461
6.500318631846393,1.1427343032038957,0.7853981633974483,8.947594744959682,3.656750180136605,0.7853981633974483,3.5084810185931783
9.15125579608127,3.716053400053607,0.0,14.131949954115639,2.7960433333663017,0.7853981633974493,5.143151853825735
14.192260441240776,2.8645819750430492,1.5707963267948966,12.119004081447986,8.341528018526288,2.356194490192345,5.866431637265325
11.886719519634545,8.379539009375867,3.141592653589793,9.984017745366318,6.628668940099341,3.141592653589794,2.671073159461659
9.846378013233227,6.6710518572575666,2.356194490192345,9.572890751154862,8.464592972124594,1.6574928653835461,1.8382244222726036
9.352300634814382,8.692615599566409,2.356194490192345,0.9266484864333022,9.621973962857519,3.92699081698724,8.559692314821056
0.8299279038865215,9.508270803729992,4.71238898038469,2.063980118754788,5.385134728702036,5.497787143782137,4.31604453778861
