x1,y1,theta1,x2,y2,theta,length
2.9237404532323232,3.896603590397659,4.74951172696899,2.32300960540467,2.0174849602844684,5.188908258149245,2.026485735938771
2.32300960540467,2.0174849602844684,5.188908258149245,6.4979016735105475,1.0716382981545767,0.09123828689228156,4.339516137073783
6.4979016735105475,1.0716382981545767,0.09123828689228156,8.010126936141798,1.9906900176349493,1.6062711889418697,1.8899016513231346
8.010126936141798,1.9906900176349493,1.6062711889418697,7.980208543299293,3.274728804015872,0.22347428681101475,1.6072834582643893
7.980208543299293,3.274728804015872,0.22347428681101475,8.64225672845777,3.2383249150141737,0.3383832356824227,0.6764156492558813
8.64225672845777,3.2383249150141737,0.3383832356824227,9.830051708077395,5.573648902838079,0.29192821546386877,2.7213460160808878
9.830051708077395,5.573648902838079,0.29192821546386877,11.796440247012617,4.263014105994546,5.398855672245791,2.4268395566735226
11.796440247012617,4.263014105994546,5.398855672245791,13.18628600328831,2.0203104722027603,-0.18084326439925727,2.692049651520751
13.18628600328831,2.0203104722027603,-0.18084326439925727,14.201654167441735,2.7622615892027764,1.257223398153797,1.3238674596069857
14.201654167441735,2.7622615892027764,1.257223398153797,13.32490563952447,7.10612483244586,2.0095844785450385,4.44399677802727
13.32490563952447,7.10612483244586,2.0095844785450385,12.11485944997302,8.488040844198759,2.9140703889568376,1.8604979910523747
12.11485944997302,8.488040844198759,2.9140703889568376,10.340903438218831,7.890258919138061,2.876401264088746,1.9124117743451718
10.340903438218831,7.890258919138061,2.876401264088746,9.578427741934476,8.616296693320034,2.8263479951418278,1.0813008567229303
9.578427741934476,8.616296693320034,2.8263479951418278,5.952150289057796,7.325175514334451,4.054946107439299,3.8878099651055615
5.952150289057796,7.325175514334451,4.054946107439299,5.36643610317101,5.765609505537685,3.3319164865619166,1.7856389497251346
5.36643610317101,5.765609505537685,3.3319164865619166,4.332667916023297,6.968922167247025,2.2470676090430635,1.706741201778277
4.332667916023297,6.968922167247025,2.2470676090430635,0.7066903992228313,9.483329119036142,3.798542610324473,4.5837077121222585
0.7066903992228313,9.483329119036142,3.798542610324473,2.3340515781713895,5.063397343422101,-1.0978438304140399,4.880784274842827
2.3340515781713895,5.063397343422101,-1.0978438304140399,2.9237404532323232,3.896603590397659,4.74951172696899,1.3149035886498939
