TIME,LB,UB,OPEN,GAP,TREE
0.021672964096069336,0.0,24.588926305292564,1,100.0,1
0.0217130184173584,23.277983696392162,24.588926305292564,1,5.331434941989442,1
0.14980506896972656,23.277983696392162,24.588926305292564,3,5.331434941989442,4
0.29665589332580566,23.277983696392162,24.588926305292564,3,5.331434941989442,4
0.3806328773498535,23.277983696392162,24.588926305292564,3,5.331434941989442,4
0.7132019996643066,23.62466591314282,24.58892630523513,2,3.9215229657547646,4
0.7132608890533447,23.62466591314282,24.58892630523513,3,3.9215229657547646,4
1.077383041381836,23.827244011333242,24.58892630523513,3,3.097663901411268,4
1.974449872970581,24.061578832347188,24.588926305233638,2,2.1446543307350807,4
1.9744939804077148,24.061578832347188,24.588926305233638,3,2.1446543307350807,4
4.100368022918701,24.318510317778486,24.588926305233638,3,1.099747032864934,4
4.867125034332275,24.320829231305538,24.588926305233638,3,1.090316309870907,4
11.472784996032715,24.450791510409495,24.588926305233514,2,0.5617764399685007,4
11.472835063934326,24.450791510409495,24.588926305233514,3,0.5617764399685007,4
34.79736590385437,24.519488843180525,24.588926305233514,3,0.2823932252715297,4
118.28081488609314,24.55400865001917,24.588926305233514,3,0.14200561171681347,4
515.7596640586853,24.57144063126898,24.588926305233336,2,0.07111198653937834,4
515.7597589492798,24.57144063126898,24.588926305233336,3,0.07111198653937834,4
2830.4482460021973,24.580176454345143,24.58892630523328,2,0.03558451792290945,4
2830.448319911957,24.580176454345143,24.58892630523328,3,0.03558451792290945,4
