x1,y1,theta1,x2,y2,theta,length
1.41150459054678,6.038219032545844,1.4925633066127286,12.074843346007436,7.825130554687198,-1.1566215140657725,11.166773031612436
12.07491852443069,7.824958860552678,5.125029812325928,9.983969440747979,5.720245006191145,3.9300587785630117,3.119383183786522
9.983434189225068,5.719704793405394,3.931592759350898,8.170643131319466,3.4974890859583128,3.4422528880153775,2.8858279862277523
8.170046888912813,3.497304453637269,3.4407189072274926,1.4114904030072672,6.03803514621566,1.4940972874006144,7.412565068658045
