x1,y1,theta1,x2,y2,theta,length
1.411143345849597,6.03837330722277,1.4937669732269183,12.075092511493414,7.825487966875015,5.125154333412724,11.168397346674912
12.075092511493414,7.825487966875015,5.125154333412724,9.983418097819433,5.719759003545802,3.931653838814628,3.1206321710866916
9.983418097819433,5.719759003545802,3.931653838814628,8.170232536450529,3.497128828825169,3.441859163128423,2.8864330860836684
8.170232536450529,3.497128828825169,3.441859163128423,1.411143345849597,6.03837330722277,1.4937669732269183,7.413463701388008
