x1,y1,theta1,x2,y2,theta,length
2.6982977844318534,4.8067584216798185,3.877903431774901,2.1881177815628945,3.685474509267529,4.743068596142402,1.2386557523355093
2.188136476781776,3.6848715811471004,4.746136557718174,3.148556319842355,1.8991584809430433,5.654253184146473,2.0353288563437095
3.148888164133058,1.8989185759056841,5.6573211457222445,6.677865364437064,1.3043927281353764,6.7832630440303054,3.5948995055550235
6.678480761328241,1.3047307068390575,0.5031456984264904,7.7001281657297085,3.5494128714503996,0.6534758156392821,2.483243374659299
7.700658341805352,3.5498177862900833,0.6504078540635119,8.752375042456105,3.7158150086625485,0.15339807878856104,1.0701679931797945
8.75316015246216,3.7159369852898494,0.15646604036433542,11.499756757871074,4.269875497194393,0.7823302018216769,2.8103516189451843
11.500298432356567,4.270413783048949,0.7853981633974483,11.606372247480776,4.594395476087368,1.3810012989846303,0.3468243110619388
11.606469263188231,4.5949012289577595,1.381547102839716,11.900735061010852,5.4455123047484655,0.3160000423044411,0.9384051005632507
11.901070972012661,5.445621483596383,0.31293208072867085,12.912338047570627,4.659771043669485,-1.0492428589137774,1.3240017805956028
12.912611066141944,4.65929428714438,5.230874486690036,13.266738510925872,3.136250438289007,4.828971520263998,1.5647690733521369
13.266837613415202,3.1353815063547628,4.825903558688227,13.449863845945668,0.6374178769057548,5.9610493417236015,2.5730742814028393
13.45014543147243,0.6373238893985916,5.964117303299372,15.475880304070158,3.053512384392727,7.559457322700437,3.2248279740784502
15.476097208874398,3.0542351548004296,1.2793399770966247,15.005551747873046,8.93721772389667,2.5525440310417107,5.9337808654801085
15.005036759412876,8.937560702394048,2.5556119926174783,2.69895253375052,4.80734936377072,3.8748354701991246,13.013858265760165
