x1,y1,theta1,x2,y2,theta,length
2.6984055282781743,4.807109378173041,3.8759673171713986,2.187984322714676,3.684932412842626,4.743528183586537,1.2396187030401302
2.187984322714676,3.684932412842626,4.743528183586537,3.1485009669721036,1.8990766456058692,5.657148163790124,2.0356404337295553
3.1485009669721036,1.8990766456058692,5.657148163790124,6.678158152870245,1.304231767107173,0.5021968069559137,3.595745698781957
6.678158152870245,1.304231767107173,0.5021968069559137,7.700316622221377,3.5498009231875907,0.6521466052243408,2.484355613454615
7.700316622221377,3.5498009231875907,0.6521466052243408,8.753024408127166,3.715904464720883,0.15393498760681745,1.0712235699578716
8.753024408127166,3.715904464720883,0.15393498760681745,11.499808857727364,4.269560915281165,0.7826765489429053,2.810500185024786
11.499808857727364,4.269560915281165,0.7826765489429053,11.606286797725579,4.594600932827627,1.3819161858643605,0.348057637530998
11.606286797725579,4.594600932827627,1.3819161858643605,11.900779310123854,5.445863494364286,0.314357452711323,0.9392998332175346
11.900779310123854,5.445863494364286,0.314357452711323,12.912544666633057,4.6595793847595655,5.2323781118339285,1.3248632570673542
12.912544666633057,4.6595793847595655,5.2323781118339285,13.266789443949625,3.1362197234771876,4.826039166747558,1.5651236425514305
13.266789443949625,3.1362197234771876,4.826039166747558,13.450251537432536,0.636827695702656,5.961235129814072,2.5745364966370676
13.450251537432536,0.636827695702656,5.961235129814072,15.476008505452144,3.05345127386534,1.2793255169208022,3.225723959892237
15.476008505452144,3.05345127386534,1.2793255169208022,15.00550469999593,8.937734037083608,2.554029899899439,5.935221142829593
15.00550469999593,8.937734037083608,2.554029899899439,2.6984055282781743,4.807109378173041,3.8759673171713986,13.01512997963779
