x1,y1,theta1,x2,y2,theta,length
11.447726016436897,0.7053628273896178,2.748893571891069,8.948014462827935,4.041866866028231,3.141592653589793,4.255809490303435
8.916616669487604,4.038947853090894,3.3379421944391554,7.224910386224396,0.8239796743965885,3.5342917352885186,3.7321443856010674
7.193865780212106,0.8172221785398521,3.3379421944391554,2.830123305815401,4.678179014726231,2.5525440310417062,5.892949913454833
2.7769294279551047,4.703093659410669,2.748893571891069,0.9150895320289827,5.0448214827464515,2.356194490192345,1.915082803235506
0.8787376413840174,5.100938344867149,2.1598449493429825,1.7562349826080985,8.302058374363245,0.7853981633974478,3.3832421487453104
1.824686730352436,8.371084516381073,0.5890486225480862,3.0523548444192605,8.664947469102593,-0.3926990816987248,1.2888208158098353
3.134819973046227,8.631122058023633,5.6941366846315,4.590777737994823,6.358330007101178,6.086835766330224,2.7559835823839105
4.649970928537964,6.357587567936987,6.283185307179586,5.192826030013922,6.579938865624805,6.4795348480289485,0.5968445291009963
5.2865766851334195,6.676043970942646,0.19634954084936207,10.309945934238826,9.420502778873924,-0.19634954084936218,5.755824485585585
10.343740955707506,9.411014916898894,5.890486225480862,11.83370884306627,6.940326111161692,5.497787143782139,2.9098963075299698
11.919198100123022,6.882907787770537,5.6941366846315,14.66569442410328,6.173982647947928,4.908738521234051,2.9722824318117564
14.669981909808975,6.153025263135425,4.71238898038469,12.622954542419455,4.708958102606846,-2.6291224400602538,2.585524804859196
12.501016288695984,4.647267068909262,-2.7173176733667024,11.814639343878243,4.014434552818136,4.71238898038469,1.0036248899464195
11.81328754386963,3.9642858843919573,4.908738521234052,14.776591604902743,1.912954402820739,4.712388980384691,3.7348950256650593
14.77413093448081,1.886143661687929,4.516039439535327,11.513780349855702,0.6808668799991908,2.94524311274043,3.5785740362194614
