x1,y1,theta1,x2,y2,theta,length
12.31074398227795,5.319749971398027,3.7623557300845833,11.939189554876808,4.810167996502409,4.402702102599871,0.6415439875160295
11.939189554876808,4.810167996502409,4.402702102599871,11.518983747210434,1.8183085288246925,3.6312806514560827,3.2024675546501604
11.518983747210434,1.8183085288246925,3.6312806514560827,9.123635493489083,2.7193300030528196,3.1026391374475337,2.72118813452148
9.123635493489083,2.7193300030528196,3.1026391374475337,7.342562880712498,1.747522191354757,3.584698758038921,2.0619613581762675
7.342562880712498,1.747522191354757,3.584698758038921,6.854804625754157,1.643417496884724,3.1098022911525818,0.5032827641894849
6.854804625754157,1.643417496884724,3.1098022911525818,3.3879109178218787,3.0144549420342983,2.2410765169494735,3.75956352841642
3.3879109178218787,3.0144549420342983,2.2410765169494735,2.875649291160578,8.471609168613242,0.9043213409464398,5.58519531841118
2.875649291160578,8.471609168613242,0.9043213409464398,2.9044530652912632,8.50657012817049,0.859029241215959,0.04529209973048076
2.9044530652912632,8.50657012817049,0.859029241215959,6.783775608674679,8.894101620451831,0.02157789555707789,3.9814080036918296
6.783775608674679,8.894101620451831,0.02157789555707789,8.175275267054419,8.92746942499622,6.1823235090028446,1.3922477075376873
8.175275267054419,8.92746942499622,6.1823235090028446,14.196475500318506,6.7708321440753965,4.760439531498741,6.685826621167183
14.196475500318506,6.7708321440753965,4.760439531498741,12.31074398227795,5.319749971398027,3.7623557300845833,2.5866086808228177
