x1,y1,theta1,x2,y2,theta,length
9.559721674273423,7.172670004866382,5.752182218888641,13.278440392948825,7.216806406880927,5.084338971546375,3.8001055648241087
13.278440392948825,7.216806406880927,5.084338971546375,11.956761458539367,5.930936182613321,4.033338403346343,1.914136418842276
11.956761458539367,5.930936182613321,4.033338403346343,11.50643558374605,5.006201689964063,4.578285910716324,1.0304034588237894
11.50643558374605,5.006201689964063,4.578285910716324,11.565873013054858,4.630697773075157,4.872398575523408,0.381384517560238
11.565873013054858,4.630697773075157,4.872398575523408,11.819857494833816,1.281915988341828,3.5708590264314286,3.4324507980000765
11.819857494833816,1.281915988341828,3.5708590264314286,9.527808234480593,3.4929156144615,2.9844276495498243,3.2678192589717723
9.527808234480593,3.4929156144615,2.9844276495498243,9.314516969516971,3.4294408109182424,3.8450761944901437,0.22953946984809023
9.314516969516971,3.4294408109182424,3.8450761944901437,8.07216569813173,1.9126140191027734,4.289362243925042,1.9616729250361142
8.07216569813173,1.9126140191027734,4.289362243925042,7.7918319875326265,0.7644175893161725,3.688339098696902,1.2048447151711996
7.7918319875326265,0.7644175893161725,3.688339098696902,2.6722430590913633,2.4212162360183918,2.1733695528847736,5.418111532297941
2.6722430590913633,2.4212162360183918,2.1733695528847736,2.8436769794914025,6.478649708948298,0.9773123536009727,4.078891464692445
2.8436769794914025,6.478649708948298,0.9773123536009727,6.627190659666979,8.25870342487378,0.6513582411332535,4.1883175989112065
6.627190659666979,8.25870342487378,0.6513582411332535,7.508418192970891,9.297565721756175,0.7508929241859409,1.3627826915892303
7.508418192970891,9.297565721756175,0.7508929241859409,8.224212614133412,9.707900188694778,6.030977634551228,0.8477181406065597
8.224212614133412,9.707900188694778,6.030977634551228,9.559721674273423,7.172670004866382,5.752182218888641,2.8986238049708177
