x1,y1,theta1,x2,y2,theta,length
12.739390017761476,4.090141721659423,3.8717675086233587,10.676873667396475,2.222064465380587,3.0771654604985965,2.8889435487359454
10.674983837944806,2.2221903154842035,3.074097498922825,9.348090099556213,3.387918865381498,2.580155685223648,1.8413268895558754
9.346547673152932,3.3888817793021078,2.5832236467994196,4.026916255427451,4.002867979382785,2.8010489186791805,5.372839376895758
4.023650880855339,4.004034441654324,2.7979809571034098,1.2540524172347456,6.708827059326111,1.2670681307935396,4.133990643340065
1.2543750955252153,6.709844624102565,1.2640001692177685,7.871773212002088,7.307650684961742,-0.11965050145507972,6.929158051537343
7.873683788644394,7.3074208302624495,6.160466844148735,11.111960901921478,6.589276442230215,6.200350344633762,3.3175409192880223
11.115810562811129,6.588957412879379,6.203418306209533,14.368251862260786,6.014824044027523,5.02225309953759,3.5646096922629864
14.368476550672852,6.01412006678012,5.019185137961818,12.742047422153162,4.0925078268100785,3.868699547047587,2.748988833236445
