x1,y1,theta1,x2,y2,theta,length
12.739670190479439,4.09078957705041,3.869265082318817,10.67674100906863,2.220716514112681,3.074792971968253,2.8918073597738996
10.67674100906863,2.220716514112681,3.074792971968253,9.347943800780708,3.3885519416286067,2.5823663774604415,1.8446492289937073
9.347943800780708,3.3885519416286067,2.5823663774604415,4.025840021259424,4.002775944529244,2.7988714892401214,5.3754853472076505
4.025840021259424,4.002775944529244,2.7988714892401214,1.2530230769497623,6.711483973797243,1.263854538362905,4.141171433929328
1.2530230769497623,6.711483973797243,1.263854538362905,7.873537583296663,7.307537139112207,6.163274230282293,6.932201030000103
7.873537583296663,7.307537139112207,6.163274230282293,11.115197238191755,6.588737775541727,6.200831773162194,3.32100372847889
11.115197238191755,6.588737775541727,6.200831773162194,14.369806189859963,6.014676791687379,5.020968879289545,3.567767355675109
14.369806189859963,6.014676791687379,5.020968879289545,12.739670190479439,4.09078957705041,3.869265082318817,2.7546845672044373
