x1,y1,theta1,x2,y2,theta,length
2.651182367751836,3.7158240867072854,1.624485654370894,2.872496336160215,4.7777739459506865,0.9740778003073829,1.0914549112139453
2.8728623728293345,4.77831108602583,0.9725438195194965,4.10934253689138,5.768657290577647,1.3499030933393636,1.6193121015560077
4.1094299644029295,5.76904686909976,1.3514370741272497,2.9112813994248623,8.454466146075996,0.9664078963679539,3.0731618013523088
2.9114660597859547,8.454732867136647,0.9648739155800683,10.72188371303414,7.043817284028927,-0.3589515043652436,8.059533373281521
10.722665348286588,7.043523228472915,5.92269982202646,12.809164086097502,5.729167999295965,4.979301637476792,2.5033560867611784
12.809262257525951,5.728808210849982,4.977767656688907,12.651863068178553,5.204045209454318,3.896311201229529,0.5749083687356451
12.651198803715943,5.203420413217169,3.894777220441643,11.493356058001215,4.589104230676803,3.5327577545006315,1.312447879469161
11.492541277544433,4.588769156761216,3.531223773712746,3.255956883462401,2.1427006165725486,2.652252782254272,8.631501999762895
3.255566182139328,2.1429087059695746,2.650718801466388,2.6512375404338373,3.7148047731393756,1.6260196351587795,1.71996547279353
