x1,y1,theta1,x2,y2,theta,length
2.651102232208735,3.715078039018682,1.624916070355525,2.872437955442828,4.777945751668195,0.9728430580922832,1.09242146285267
2.872437955442828,4.777945751668195,0.9728430580922832,4.10961723923133,5.768947849601459,1.3502838426946777,1.6203218539050446
4.10961723923133,5.768947849601459,1.3502838426946777,2.910994441425413,8.45474782779451,0.9654725196991415,3.07420366396846
2.910994441425413,8.45474782779451,0.9654725196991415,10.722272321031085,7.043734969618333,5.9234216061116305,8.060584398205792
10.722272321031085,7.043734969618333,5.9234216061116305,12.809472654272241,5.728767562678706,4.977803864474545,2.5044977571880205
12.809472654272241,5.728767562678706,4.977803864474545,12.65168166658607,5.203694463896022,3.8954070028793435,0.5753982899115143
12.65168166658607,5.203694463896022,3.8954070028793435,11.493093439961799,4.588956217079701,3.531745428358724,1.3133177945320822
11.493093439961799,4.588956217079701,3.531745428358724,3.2554626754852105,2.1427082919281064,2.65201574758406,8.632590285065742
3.2554626754852105,2.1427082919281064,2.65201574758406,2.651102232208735,3.715078039018682,1.624916070355525,1.7206377822622354
