x1,y1,theta1,x2,y2,theta,length
6.836628909137494,2.1168756703658054,2.515728492132452,4.654329556813881,3.1547457205301437,3.49440823480349,2.4383457561799347
4.654114014855564,3.1546660622530696,3.495942215591376,3.905973594412054,1.599387922287137,3.870233527835473,1.7494762393220566
3.9057608605841803,1.5991984144238234,3.868699547047587,3.3061921714928006,1.4061126450738708,3.390097541227266,0.6332878681590317
3.305808712450048,1.4060158323216096,3.3885635604393816,0.3012448467915741,0.8552588386770145,2.299437201040579,3.099543125685015
0.30106327361402646,0.8554627086643436,2.2979032202526906,1.5028603631058832,4.651092570500823,1.2471263805510269,4.02695809812893
1.503023437368967,4.65157937741567,1.2486603613389122,2.3592506000262823,7.121179281826734,0.5031456984264895,2.630699263593151
2.359483351222628,7.121307295467687,0.5016117176386048,9.160781061347754,5.473977653377825,0.5200194870932363,7.03328196482065
9.160942914035918,5.474070452751303,0.521553467881118,9.77701391695208,7.304725875041638,0.8038059328520761,1.95283833966735
9.777239536259026,7.30495973250501,0.8022719520641903,12.762393798935548,8.218665497071152,-0.4203107358806685,3.1423167779143193
12.762745821893468,8.218508173832038,5.861340590511035,13.232526115086907,7.13176306917975,4.310486013958652,1.2219363038692386
13.232472306872603,7.131636863499207,4.308952033170766,12.237642527074069,6.664812350995864,3.9392626632903265,1.1203183175597768
12.237371847083494,6.664534171799446,3.940796644078212,11.004559713125388,2.974329954671192,4.230719012988597,3.8946960244367235
11.004452732592043,2.974125848434445,4.2291850322007125,8.842459084933093,0.2677062269240894,3.2136897506204196,3.48770913374998
8.842332214503008,0.2676971180022178,3.2121557698325325,6.836943638642008,2.1166478326265525,2.514194511344568,2.7508750108082296
