x1,y1,theta1,x2,y2,theta,length
6.836788310439846,2.116796493804383,2.514888505101366,4.654262521836441,3.1548548859685774,3.495579989889823,2.438730904023766
4.654262521836441,3.1548548859685774,3.495579989889823,3.9059376937362464,1.599262304511596,3.8693114078320767,1.749890027427343
3.9059376937362464,1.599262304511596,3.8693114078320767,3.306108138694687,1.4060866811884423,-2.894281123976683,0.63357900223259
3.306108138694687,1.4060866811884423,-2.894281123976683,0.3010220485154489,0.8551371171151669,2.2984552732477384,3.100221879060501
0.3010220485154489,0.8551371171151669,2.2984552732477384,1.5029822076688004,4.651443858717965,1.2475491666610687,4.027722012858182
1.5029822076688004,4.651443858717965,1.2475491666610687,2.3593975730016616,7.121404238789081,0.5028151570840086,2.631122582434319
2.3593975730016616,7.121404238789081,0.5028151570840086,9.160930907964708,5.47395761270029,0.5206299218990597,7.033666313032048
9.160930907964708,5.47395761270029,0.5206299218990597,9.777120251112198,7.304962478123463,0.8033778071170726,1.9532859944143475
9.777120251112198,7.304962478123463,0.8033778071170726,12.762435035263982,8.218835084355812,-0.42020991287706894,3.14254710180568
12.762435035263982,8.218835084355812,-0.42020991287706894,13.232588615759003,7.131720244508868,4.309311675141166,1.2226243731884248
13.232588615759003,7.131720244508868,4.309311675141166,12.237534536275572,6.664837939201893,3.9405158507422855,1.120609970198042
12.237534536275572,6.664837939201893,3.9405158507422855,11.004546524504718,2.97426285748799,4.229625923004837,3.8951141395084385
11.004546524504718,2.97426285748799,4.229625923004837,8.84236314130758,0.26762701651435444,3.2132242043072616,3.4880370726342695
8.84236314130758,0.26762701651435444,3.2132242043072616,6.836788310439846,2.116796493804383,2.514888505101366,2.751253558995705
