TIME,LB,UB,OPEN,GAP,TREE
0.027558088302612305,0.0,33.58999527852656,1,100.0,1
0.027587175369262695,32.09876373777828,33.58999527852656,1,4.439511016250712,1
0.16029620170593262,32.09876373777828,33.58999527852656,2,4.439511016250712,4
0.3989241123199463,32.390904030524155,33.58999527852656,3,3.569786890589293,8
0.7473499774932861,32.390904030524155,33.58999527852656,4,3.569786890589293,13
1.2201480865478516,32.40591393809709,33.58999527852656,4,3.525101241042524,19
1.297037124633789,32.40591393809709,33.58999527852655,3,3.525101241042504,20
1.7545201778411865,32.40591393809709,33.58999527852655,4,3.525101241042504,26
2.5335161685943604,32.40591393809709,33.58999527852655,5,3.525101241042504,34
3.5431699752807617,32.40591393809709,33.58999527852655,7,3.525101241042504,43
3.716240167617798,32.40591393809709,33.58999527852655,7,3.525101241042504,43
3.8760621547698975,32.40591393809709,33.58999527852655,7,3.525101241042504,43
4.147062063217163,32.51715449297683,33.58999527852655,7,3.193929551504192,48
4.634817123413086,32.634156219412596,33.58999527852655,7,2.8456064110405084,48
5.0645201206207275,32.682517919084816,33.58999527852655,7,2.701629910683162,54
5.1822381019592285,32.682517919084816,33.58999527852655,7,2.701629910683162,54
5.30940318107605,32.97521299572435,33.58999527852655,7,1.8302541506911782,54
5.785022020339966,33.07272831456741,33.58999527852655,7,1.5399435447072651,54
7.080073118209839,33.09050419983815,33.58999527852655,7,1.4870233667693185,54
7.428405046463013,33.13630152441016,33.58999527852655,7,1.3506812083609656,54
7.628766059875488,33.20303347698733,33.58999527852655,6,1.152015051894334,54
11.206745147705078,33.33594282643613,33.58999527852655,6,0.7563336939580664,54
11.632037162780762,33.40657703256569,33.58999527852655,5,0.5460502284682197,54
12.475046157836914,33.46042192931511,33.58999527852655,4,0.38574982859338064,54
23.517141103744507,33.46126185894933,33.58999527852655,4,0.38324929345709086,54
24.593736171722412,33.520914851434796,33.58999527852655,3,0.20565774576311754,54
55.847283124923706,33.52527940925974,33.58999527852655,3,0.1926641213557552,54
153.63450598716736,33.55753570530872,33.58999527852655,3,0.09663464656268916,54
153.89696311950684,33.56635922046338,33.58999527852655,2,0.07036636316015903,54
514.7894151210785,33.573744409853255,33.58999527852655,2,0.04838008620883956,54
1968.4487161636353,33.58186482003648,33.58999527852655,2,0.024205000395667663,54
