x1,y1,theta1,x2,y2,theta,length
8.225443361112475,3.3450403634110977,3.41894094562313,7.256209595101186,3.3528219966632395,-2.888318137705596,0.9711784969383425
7.256209595101186,3.3528219966632395,-2.888318137705596,1.9910560008019722,0.32543855490568524,2.8432304783597266,6.097162082699233
1.9910560008019722,0.32543855490568524,2.8432304783597266,0.300552615775721,3.7894414860781596,1.6380584886553784,3.879488381709627
0.300552615775721,3.7894414860781596,1.6380584886553784,1.0016355226108997,5.980518580977256,0.745913544995239,2.3083997122873834
1.0016355226108997,5.980518580977256,0.745913544995239,2.67610324681953,6.392346625027067,0.06857365082097643,1.730113833956549
2.67610324681953,6.392346625027067,0.06857365082097643,8.47600040220005,5.900531617292104,0.16081945390313887,5.821485122443492
8.47600040220005,5.900531617292104,0.16081945390313887,9.510536244528897,6.339504839884997,0.413981713848648,1.1244178580502215
9.510536244528897,6.339504839884997,0.413981713848648,12.564155791146705,7.688210976055799,0.09166451361247578,3.3396421853446734
12.564155791146705,7.688210976055799,0.09166451361247578,13.849711253743555,7.237550552847098,4.886680986202469,1.41762562391887
13.849711253743555,7.237550552847098,4.886680986202469,8.225443361112475,3.3450403634110977,3.41894094562313,6.900481981178158
