x1,y1,theta1,x2,y2,theta,length
9.558053279339328,3.6035168518708374,3.037281960013569,7.698218059527181,2.296236581674618,3.390097541227267,2.291791042224429
7.697534168449552,2.296063071198857,3.3870295796514958,4.633039131607624,2.8504634158886826,2.0800779483729284,3.145787938313349
4.6328102559556665,2.8508753464239094,2.077009986797158,7.370338168149865,9.244953811570888,0.17487380981896128,7.024318423098863
7.370748424282167,9.245025018785114,0.1718058482431918,9.499464953101716,7.144095288956484,-0.3834951969714119,3.0305060354740045
9.500107894772368,7.143837665943811,5.902758071783946,13.168031593688172,7.17529016010059,5.080544369477241,3.7441848762053995
13.168113901376465,7.175075901197401,5.077476407901473,11.985903200629071,5.981970811557391,4.264466590322083,1.749377438327873
11.985604939533147,5.9813489735624,4.267534551897853,11.823533901585385,1.3173840737988023,3.5005441579550327,4.736560771886888
11.82328648203633,1.3172917447563066,3.4974761963792615,9.558607831068183,3.6034582126056196,3.034213998437796,3.296940206410206
