x1,y1,theta1,x2,y2,theta,length
9.558452491844372,3.6037390815662387,3.036127521364652,7.697548119337621,2.2959120550222707,3.3900692543270146,2.2930520136066592
7.697548119337621,2.2959120550222707,3.3900692543270146,4.632724493684029,2.850407414581085,2.0780168344995964,3.14638588945144
4.632724493684029,2.850407414581085,2.0780168344995964,7.370134906865269,9.24524483046957,0.17190512487054807,7.02540621666721
7.370134906865269,9.24524483046957,0.17190512487054807,9.499518814971571,7.143896671382347,5.9021140723483905,3.0313360194040104
9.499518814971571,7.143896671382347,5.9021140723483905,13.168419066711115,7.175301098538423,5.079065961182462,3.7454308481430507
13.168419066711115,7.175301098538423,5.079065961182462,11.985507618176658,5.9815331963483365,4.2651170308898,1.7506329042444064
11.985507618176658,5.9815331963483365,4.2651170308898,11.82359867243672,1.3170242684697202,3.498742090533008,4.73746143393236
11.82359867243672,1.3170242684697202,3.498742090533008,9.558452491844372,3.6037390815662387,3.036127521364652,3.2979984107627356
