x1,y1,theta1,x2,y2,theta,length
2.7548635509311814,3.8232389841887193,1.7533400405532877,2.944856802415864,4.727431613000491,0.9725438195194966,0.9436223822014116
2.9452976360439607,4.7280772084540645,0.9710098387316108,3.8735954508391974,5.796378753917631,1.3897865938243905,1.4574772598464232
3.8737109426708116,5.797010097101848,1.3913205746122768,3.5041645016961964,8.005314538476124,0.9418642037617841,2.39480732451391
3.5045211487802908,8.005803693951092,0.9403302229738979,11.993801507150556,5.466429024029352,-1.2732040539450806,9.303208904422554
11.995304027805949,5.465467756816167,5.008447272446619,12.018379874588994,4.972610858739086,4.509903516383785,0.4985437560628343
12.018128124286333,4.971850761789832,4.508369535595899,3.510550582410541,2.8310383801857486,2.7412236679516413,9.04605653790561
3.5092174905953937,2.8316054612172583,2.739689687163755,2.755070317187694,3.822121956277849,1.7548740213411733,1.2855519194234362
