x1,y1,theta1,x2,y2,theta,length
2.7544895278354007,3.8239932217090815,1.7542955573901828,2.9443790186471004,4.727022420185999,0.9699685092043866,0.9427325385336645
2.9443790186471004,4.727022420185999,0.9699685092043866,3.8739294398152886,5.796316700554793,1.391082828260406,1.4593953707449066
3.8739294398152886,5.796316700554793,1.391082828260406,3.5036770565315103,8.006260013574622,0.9412305792428992,2.39706187939639
3.5036770565315103,8.006260013574622,0.9412305792428992,11.994616745584615,5.466336487752617,5.011645800354088,9.304887391781616
11.994616745584615,5.466336487752617,5.011645800354088,12.01751287047495,4.965029336219397,4.504405336792249,0.5072404635618382
12.01751287047495,4.965029336219397,4.504405336792249,3.5094941763601706,2.8309509684640153,2.7391090657475865,9.043129877435529
3.5094941763601706,2.8309509684640153,2.7391090657475865,2.7544895278354007,3.8239932217090815,1.7542955573901828,1.2880827736778544
