TIME,LB,UB,OPEN,GAP,TREE
0.02343606948852539,0.0,25.574301211752346,1,100.0,1
0.023482084274291992,24.804599511966487,25.574301211752346,1,3.009668547393789,1
0.16357994079589844,24.804599511966487,25.574301211752346,3,3.009668547393789,4
0.3155360221862793,24.804599511966487,25.574301211750434,2,3.00966854738654,4
0.3155989646911621,24.804599511966487,25.574301211750434,3,3.00966854738654,4
0.3971850872039795,24.938425350539482,25.574301211750434,3,2.4863860636739146,4
0.663783073425293,25.092853156898386,25.574301211750296,2,1.8825462751283513,4
0.6638481616973877,25.092853156898386,25.574301211750296,3,1.8825462751283513,4
1.0399971008300781,25.285966460902348,25.574301211750296,3,1.127439410604387,4
1.9636900424957275,25.310021792225523,25.574301211750296,3,1.0333788490899112,4
4.616987943649292,25.438190346188414,25.574301211749976,2,0.5322173397215911,4
4.617067098617554,25.438190346188414,25.574301211749976,3,0.5322173397215911,4
12.361974954605103,25.505029275820505,25.574301211749976,3,0.2708654103817496,4
13.315963983535767,25.530354719629624,25.574301211749976,2,0.17183848644185296,4
39.44678497314453,25.539222389483683,25.574301211749976,2,0.13716434312651327,4
148.80203294754028,25.55665378119097,25.574301211749976,2,0.06900454645031517,4
650.5971550941467,25.565453637802197,25.574301211749972,1,0.03459556479967801,4
650.5972189903259,25.565453637802197,25.574301211749972,2,0.03459556479967801,4
3415.9305119514465,25.56986196695516,25.57430121174996,1,0.017358225188820204,4
3415.93057513237,25.56986196695516,25.57430121174996,2,0.017358225188820204,4
