x1,y1,theta1,x2,y2,theta,length
1.1616668915824053,6.05295026163958,1.474155537158101,12.30216187373997,7.9298259664172015,-1.1750292835204013,11.474940564501395
12.302194983338827,7.929746401914915,5.1066220428713,9.813999494011489,5.9043085483866244,3.9776121829874675,3.2949614533686917
9.813748823046971,5.9040302636997755,3.9791461637753534,8.233090211594135,3.254727945662783,3.4898062924398294,3.099030114631442
8.232816063067586,3.254628854959812,3.4882723116519476,1.161657259545578,6.052850632157987,1.4756895179459897,7.7031547382490055
