x1,y1,theta1,x2,y2,theta,length
1.16146712744087,6.0528064292594355,1.474473006653344,12.302289533972965,7.930005178297065,5.106751045125858,11.475648034136933
12.302289533972965,7.930005178297065,5.106751045125858,9.81397946239638,5.904347650993099,3.9791908596302097,3.295216616441078
9.81397946239638,5.904347650993099,3.9791908596302097,8.233120955347164,3.254606704302759,3.4885056001276116,3.099587829533744
8.233120955347164,3.254606704302759,3.4885056001276116,1.16146712744087,6.0528064292594355,1.474473006653344,7.703848731638205
