x1,y1,theta1,x2,y2,theta,length
2.0729190474034502,3.3241896543742655,4.574330709474982,1.4874470712171604,0.9944154024394414,5.5192628748125365,2.511767871541971
1.4877060863185754,0.9941673850106334,5.522330836388308,4.680964931910721,2.1060259973861646,6.804738775060703,3.4972237505075223
4.682085337101665,2.1066730914968494,0.5246214294568893,6.308179198737475,3.267321959723499,0.6964272777000803,1.9979301287946218
6.309036390705561,3.2680406561398767,0.6994952392758524,7.606078650509104,4.4514066258260065,0.27611654181941647,1.764909380329477
7.607586203798437,4.45183225317415,0.2730485802436441,11.51231249853976,3.7358647420198325,0.4571262747899203,4.002050058374492
11.513729122483008,3.736567172332245,0.46019423636569234,13.280804849509396,7.3639706986141125,1.1535535524900034,4.059538870194729
13.281669320625554,7.365942400632172,1.1566215140657734,13.31806995764627,7.489794822707171,1.4143302864305611,0.12945102612305848
13.318197980514615,7.4906902276215925,1.4173982480063325,12.961511841613774,9.196500855922004,2.5464081078901653,1.7882649921524578
12.960724641903074,9.197030924859332,2.549476069465936,10.33808308978453,8.702643174754058,2.9820586516496848,2.71748741535005
10.336682357287717,8.702871757998913,2.978990690073915,9.62314943191966,9.098776775476049,2.8624081501946073,0.8221076390152586
9.62180164874116,9.099160930518302,2.865476111770378,4.844875124357007,8.947355305447287,3.2274955777113874,4.781828245894745
4.843365672528414,8.947222437521976,3.2305635392871603,1.6650831670903823,8.361455244835266,4.049709280018092,3.2656061897101356
1.6642161115311143,8.360337876173048,4.052777241593864,2.073083706308578,3.32539413237783,4.577398671050754,5.087507035989269
