x1,y1,theta1,x2,y2,theta,length
12.779704759330345,0.9872162412417332,3.8640976046839306,6.496125984294302,1.80253818792538,2.639980935951188,6.451168928876104
6.494850699872844,1.8032394257857638,2.6384469551633027,1.0085777226063826,8.689774625218794,1.0507768397016641,9.098730966352761
1.0088055883036589,8.690171218575031,1.0492428589137786,12.63935194102642,6.617166238597937,-0.8651651643675042,12.16082133524756
12.640144095382912,6.616234055835539,5.416486162024198,12.780415755092587,0.9878437794999848,3.8656315854718164,5.789565422416118
