x1,y1,theta1,x2,y2,theta,length
12.780512105275587,0.9871251246615006,3.8647938189184963,6.4955988064836605,1.8025518534218152,2.638955227318475,6.452818510614675
6.4955988064836605,1.8025518534218152,2.638955227318475,1.0077863685685753,8.689865766099135,1.0494660539390148,9.10129313679962
1.0077863685685753,8.689865766099135,1.0494660539390148,12.639869514550202,6.617271189095495,5.416896725706225,12.162616242296034
12.639869514550202,6.617271189095495,5.416896725706225,12.780512105275587,0.9871251246615006,3.8647938189184963,5.791742115472425
