x1,y1,theta1,x2,y2,theta,length
1.554049680332975,3.2663080078291267,4.71238898038469,1.933319725703461,1.8284653225710612,5.6573211457222445,1.5733560608496402
1.9330727044621685,1.8248776584264375,5.660389107298016,1.9608111243802644,1.805658632709096,5.6941366846315,0.0337475773334841
1.962387277703091,1.8045917432327612,5.697204646207272,7.618834231570265,3.956721270316696,6.445787270695465,6.2089996173758255
7.62193391663975,3.957224609532701,0.1595340019401067,10.332543567848251,3.717657680134787,0.2515728492132453,2.7320138515049592
10.33395762055041,3.718020769267684,0.25464081078901646,10.931344110363789,4.076767000355499,0.7485826244881928,0.7030890275489838
10.93420302677741,4.079435104229466,0.7516505860639641,13.451592984814605,7.308306914499081,1.4572817484913594,4.12465859596968
13.451739926888534,7.309635366556029,1.4603497100671303,12.725748016465664,8.74905025982906,2.6016314162540475,1.6731526971180712
12.723551620415535,8.750357564297612,2.6046993778298186,1.5308969687912903,8.412305426840629,3.96687431747227,11.309862455727053
1.5301683855409975,8.411515397127815,3.9699422790480394,1.55404485068814,3.269137000564729,4.71545694196046,5.218031805203249
