x1,y1,theta1,x2,y2,theta,length
1.96291424297772,1.8022581294988287,5.6935042189875835,7.620645728934378,3.957490373648656,0.16138807411252837,6.2133899844693685
7.620645728934378,3.957490373648656,0.16138807411252837,10.333742283009126,3.717664638716467,0.25226272936848687,2.734640709897924
10.333742283009126,3.717664638716467,0.25226272936848687,10.93142395570747,4.07652548581226,0.7517209727149561,0.7035858337097061
10.93142395570747,4.07652548581226,0.7517209727149561,13.452078591173805,7.308624703584855,1.459385471363128,4.129585341580831
13.452078591173805,7.308624703584855,1.459385471363128,12.725534880357431,8.750092293817538,2.603739548471942,1.6757044606732592
12.725534880357431,8.750092293817538,2.603739548471942,1.5298575342689809,8.412009795820909,3.967650962436708,11.313269477138679
1.5298575342689809,8.412009795820909,3.967650962436708,1.5541367362505727,3.267279011862465,-1.5687822977272672,5.221117181714749
1.5541367362505727,3.267279011862465,-1.5687822977272672,1.96291424297772,1.8022581294988287,5.6935042189875835,1.6160600153971005
