x1,y1,theta1,x2,y2,theta,length
7.840845994263289,9.03464142312381,3.9269908169872414,6.890580446458936,7.586441533361756,3.9269908169872414,1.7337032945684947
6.680267047873072,7.413187451877132,-2.7672453572333096,4.7357562273556155,6.686444986402467,3.1415926535897936,2.0799320788182962
4.479982129925002,6.685195148784015,2.3808144174219095,4.471171404346627,6.693791582046041,2.356194490192345,0.012309963614782315
4.3195994133475875,6.999507344261471,1.5707963267948966,4.528661123897271,8.707317166049428,2.356194490192344,1.796123657792042
4.380847994169297,8.827336266966006,3.141592653589793,1.6796484602524868,7.421207563551065,3.9269908169872423,3.0569515832883907
1.3953368251275,7.009608552134607,-1.7014562231137689,1.015760874100377,4.088379142575915,4.71238898038469,2.9459693242080323
1.1132117748386443,3.8319256779199145,5.497787143782138,4.206286458756846,1.3123718477132709,6.283185307179586,4.017145908180441
4.602197436245823,1.3377638419819975,0.7853981633974483,8.082431884190019,5.233275313437836,0.7853981633974498,5.223729866100391
8.384645930838081,5.261472147468238,0.0,9.547141491696996,4.497802720578581,-0.6558847521190416,1.4100317881198192
9.803474125358367,4.296286322752597,-0.6765948106702221,10.2946341402242,3.6621206461136655,4.71238898038469,0.8372856511118845
10.27510775224703,3.362407516427143,3.9269908169872414,9.133867720585892,2.63497735262552,3.9269908169872405,1.355328476640642
9.13094795899217,2.394162266875834,4.71238898038469,11.587913512755991,0.6378035358553987,6.283185307179586,3.1109414202794663
11.855193530311592,0.6734667913074635,0.7853981633974483,14.700580031601127,3.821606746697121,0.8360196117412335,4.243477446815706
14.715813433692052,4.034254971406764,1.5707963267948966,13.845609888966628,5.633848483014052,1.570796326794897,1.8469555482619002
13.852029229163591,5.962502660779794,0.9399890992532622,14.879216998750366,7.532079370012301,1.570796326794897,1.8938515826842754
14.811640889852022,7.709818858333031,2.356194490192345,8.243525120826224,9.202632334590643,3.141592653589793,6.751432390745645
