x1,y1,theta1,x2,y2,theta,length
9.922435900405828,4.708312032021006,3.141592653589793,1.2019253114685946,7.394058341146699,3.9269908169872343,9.177066822794622
1.1392959631181592,7.321226767557927,4.71238898038469,4.596215563133734,0.6860266865478929,6.2831853071795845,7.537985177824939
4.624490222401549,0.6919831965126954,0.7853981633974483,5.118264112662656,9.236275229052923,1.5206162315039993,8.57442136007212
5.2582119526520925,9.385000720369549,0.7853981633974483,7.6143773286365395,9.701079672198226,2.220446049250313e-16,2.389227532633404
7.705054196102028,9.649504399514047,5.497787143782138,11.938687533753686,0.3857861351640875,5.497787143782139,10.189098197913172
12.00132231161596,0.385722993568499,6.283185307179586,15.277764158176428,7.61524952863109,8.63937979737193,8.064697720278339
15.246092822840705,7.644207739876273,3.141592653589793,10.036578152795496,4.71987319752121,3.6585729700286835,5.979767136315362
