TIME,LB,UB,OPEN,GAP,TREE
0.021678924560546875,0.0,31.813237714317037,1,100.0,1
0.021706104278564453,28.484481834210712,31.813237714317037,1,10.463430066435118,1
0.0913701057434082,28.484481834210712,31.813237714316493,1,10.463430066433588,3
0.12027311325073242,28.484481834210712,31.813237714316493,2,10.463430066433588,4
0.32281494140625,28.660022753237335,31.813237714316493,3,9.911644295356199,8
0.690654993057251,28.660022753237335,31.813237714316493,4,9.911644295356199,13
1.1581370830535889,28.660022753237335,31.813237714316493,7,9.911644295356199,19
1.3398840427398682,28.660022753237335,31.813237714316493,7,9.911644295356199,19
1.5231170654296875,28.660022753237335,31.813237714316493,7,9.911644295356199,19
1.7677180767059326,28.660022753237335,31.813237714316493,7,9.911644295356199,19
2.017967939376831,28.79014958399778,31.813237714316493,7,9.50261069767907,19
2.617277145385742,28.98153308189819,31.813237714316493,7,8.901026226400056,19
3.1654410362243652,29.522963624029693,31.813237714316493,7,7.199122927548298,19
4.806168079376221,30.340254084094177,31.813237714316493,7,4.630096576304928,19
5.514158010482788,30.521357550867066,31.813237714316493,7,4.060825795382843,19
5.612016916275024,30.696365996808655,31.813237714316493,6,3.5107137712211753,19
5.940555095672607,30.851309835369317,31.813237714316493,5,3.0236717418871577,19
7.438256025314331,30.96762747192939,31.813237714316493,5,2.658045213695946,19
11.87898302078247,31.06052053822692,31.813237714316493,5,2.366050204788922,19
12.779361009597778,31.21375724147715,31.813237714316493,4,1.884374291679109,19
25.958394050598145,31.43078645949505,31.813237714316493,4,1.202176459547637,19
67.13930606842041,31.62055326355223,31.813237714316493,4,0.6056738157070699,19
210.20959401130676,31.716547058477765,31.813237714316493,4,0.30393214518752204,19
798.891578912735,31.764820553882277,31.813237714316493,4,0.15219186701147147,19
803.3705079555511,31.774438001372417,31.813237714316493,3,0.1219609059992524,19
3881.8902060985565,31.789007896099555,31.813237714316493,3,0.07616269187852573,19
3881.8903229236603,31.789007896099555,31.813237714316493,3,0.07616269187852573,19
