x1,y1,theta1,x2,y2,theta,length
1.6856622807997712,9.170012803816086,4.157087935170088,1.64790173483198,8.182010410907354,5.191289043685948,1.0342011085158598
1.6495673501340387,8.180390219666972,5.194058947780782,5.336335507425701,4.243070980029976,5.568350260024879,5.397535299978785
5.339021160335012,4.2407543473354625,5.571418221600649,9.458798430435431,1.395912391909438,5.95798138014783,5.010499540785083
9.461416575821653,1.3950325768574168,5.9610493417236015,10.181878372850113,1.327998827366128,-0.036909959083743636,0.7262964177603473
10.184127111580812,1.3279147546805161,-0.03782842310912599,13.090418947207253,1.5774754132325217,7.120738817365146,3.0023680810973734
13.091096207747878,1.5782277268273621,0.8406214717613314,12.598637331972517,6.43283963955698,2.276427489222292,5.011262525788055
12.596963208727756,6.434796109014198,2.2794954507980627,1.6861378886103586,9.170854116181237,4.154019973594316,11.606844922174055
