x1,y1,theta1,x2,y2,theta,length
1.6851122754903136,9.17331957733819,4.157004701446943,5.336339249271765,4.24283568502971,-0.7119087944034501,6.437192837796025
5.336339249271765,4.24283568502971,-0.7119087944034501,9.460671794315221,1.3948536774923959,-0.32445002275348006,5.016063513924006
9.460671794315221,1.3948536774923959,-0.32445002275348006,13.091516886130222,1.577789407844959,0.8381910172850511,3.733060490411722
13.091516886130222,1.577789407844959,0.8381910172850511,12.598744104820236,6.43396829597044,2.2784637312684106,5.014044504193248
12.598744104820236,6.43396829597044,2.2784637312684106,1.6851122754903136,9.17331957733819,4.157004701446943,11.612876367991488
