TIME,LB,UB,OPEN,GAP,TREE
0.014867067337036133,0.0,22.49481629914769,1,100.0,1
0.014915943145751953,19.75149121932911,22.49481629914769,1,12.195365560387,1
0.13217806816101074,19.75149121932911,22.49481629914769,3,12.195365560387,4
0.24015402793884277,19.75149121932911,22.49481629914769,3,12.195365560387,4
0.3438420295715332,19.75149121932911,22.49481629914769,3,12.195365560387,4
0.7439959049224854,20.487039989659788,22.49481629914769,3,8.925506582438617,4
1.0741090774536133,20.806370911811886,22.49481629914769,3,7.505930988197392,4
2.402137041091919,21.427684584302988,22.49481629914769,4,4.743900553147149,8
2.738205909729004,21.427684584302988,22.49481629914769,4,4.743900553147149,8
3.1623570919036865,21.427684584302988,22.49481629914769,4,4.743900553147149,8
3.610764980316162,21.427684584302988,22.49481629914769,4,4.743900553147149,8
4.143574953079224,21.427684584302988,22.49481629914769,4,4.743900553147149,8
5.575555086135864,21.427684584302988,22.49481629914769,4,4.743900553147149,8
7.218338966369629,21.427684584302988,22.49481629914769,4,4.743900553147149,8
8.06657099723816,21.660469702064418,22.49481629914769,4,3.709061616630692,8
11.693835020065308,21.837133958538224,22.49481629914769,4,2.9237062079692753,8
15.822357892990112,21.84314312201252,22.49481629914769,4,2.8969926603039684,8
27.45818305015564,22.161498120999653,22.49481629914769,4,1.4817555018694069,8
40.75873112678528,22.17077877690545,22.49481629914769,4,1.4404986372550057,8
42.64651107788086,22.24878138866634,22.49481629914769,3,1.093740474291719,8
79.1030580997467,22.328209402486657,22.49481629914769,3,0.740645731200507,8
119.22122406959534,22.338080331513414,22.49481629914769,3,0.6967648259488775,8
258.16136407852173,22.410164600431173,22.49481629914769,3,0.37631647038488625,8
403.4330520629883,22.420368074491154,22.49481629914769,3,0.3309572466228863,8
969.9500789642334,22.452752991882825,22.49481629914769,3,0.18699111255448925,8
1540.5986530780792,22.463316604046522,22.49481629914769,3,0.14003090615308292,8
