x1,y1,theta1,x2,y2,theta,length
8.296793581240774,2.785344470775514,5.160311370447297,8.592893304004498,2.4224021738930084,5.633106520970505,0.47279515052320775
8.595905997002378,2.4229616876564393,5.635845414691847,13.180258969096236,2.8850931314474253,6.942797045970412,4.705974738337579
13.182350772940744,2.8867218265001457,0.662679700366597,14.91167380578504,6.822589791380739,1.1136700520049745,4.3208346262782715
14.913026691408563,6.825333408020452,1.110602090429204,15.324258340063968,9.213935972959138,2.4666411069201106,2.7051946234414577
15.323926261687049,9.214200845076801,2.4697090684958827,8.296414437196322,2.7860453926504793,5.157243408871525,10.26871107153749
