x1,y1,theta1,x2,y2,theta,length
8.295222572928246,2.7851568735311303,5.158961649642682,13.1812096368542,2.8848564270872425,0.6618719607516274,5.186360826981625
13.1812096368542,2.8848564270872425,0.6618719607516274,14.91229008270602,6.824101106972131,1.1122347370505299,4.324736625068179
14.91229008270602,6.824101106972131,1.1122347370505299,15.324809256512408,9.215438426067475,2.4678805147833405,2.709275441913441
15.324809256512408,9.215438426067475,2.4678805147833405,8.295222572928246,2.7851568735311303,5.158961649642682,10.274443405184446
