x1,y1,theta1,x2,y2,theta,length
13.719714071384477,0.8389918756154102,3.141592653589793,2.835285928615525,3.845008124384589,3.9269908169872436,11.339801201325722
2.806115059599783,3.7993740396026547,4.71238898038469,4.202661635696853,2.098625960397345,5.497787143782135,2.2146838193039144
4.352589612504037,2.0657438109981925,6.283185307179586,8.852410387495965,4.090032884298444,7.068583470577037,4.939277723773818
8.862244301009667,4.185666283238046,1.5707963267948966,7.563979003693696,5.26111041205859,2.356194490192343,1.71597561281195
7.407522508865012,5.371219755492302,2.356194490192345,5.592700795838352,6.611780244507696,2.543976992178684,2.1985813228542277
5.420616812875636,6.643142274996162,3.141592653589793,0.6833831871243654,5.628857725003837,2.3561944901923457,4.885766240443174
0.665468978635575,5.665682630159162,1.5707963267948966,4.8143077166610615,9.063317369840838,0.6684543202818214,5.391083089413974
4.983639394441541,9.106190529786454,0.0,13.970360605558461,7.4980327749169104,-0.7853981633974487,9.139008325469227
14.061963528806212,7.385977450678806,4.71238898038469,13.814259775897153,0.9080225493211939,3.926990816987236,6.499942977242914
