TIME,LB,UB,OPEN,GAP,TREE
0.029161930084228516,0.0,32.89137793930156,1,100.0,1
0.029196977615356445,30.73352188904184,32.89137793930156,1,6.560552295017487,1
0.14545297622680664,30.73352188904184,32.89137793930156,2,6.560552295017487,4
0.34464097023010254,31.239746360754033,32.89137793930156,2,5.02147274460646,8
0.4412879943847656,31.239746360754033,32.89137793930156,2,5.02147274460646,8
0.6969139575958252,31.73171427469537,32.89137793930156,2,3.525737555739562,8
1.4477040767669678,32.29797087881538,32.89137793930156,2,1.8041416859496482,8
3.4118740558624268,32.583303326731894,32.89137793930156,2,0.936642463378082,8
9.628987073898315,32.735078183245044,32.89137793930156,2,0.4751997813681087,8
32.17055106163025,32.81275663609584,32.891377939301556,1,0.2390331695765505,8
32.170613050460815,32.81275663609584,32.891377939301556,2,0.2390331695765505,8
136.36254811286926,32.85196242698537,32.891377939301556,2,0.11983539391060985,8
581.7652449607849,32.871633572132616,32.89137793930155,1,0.06002900579407003,8
581.7653250694275,32.871633572132616,32.89137793930155,2,0.06002900579407003,8
3244.7125430107117,32.88149683393534,32.89137793930155,2,0.030041627883290834,8
