x1,y1,theta1,x2,y2,theta,length
9.111072571995766,6.508320075613253,5.649651241782816,13.018628934434025,0.5036237206151166,4.152485992806431,7.287879924590218
13.018472412910565,0.5033743338143657,4.150952012018545,6.265012656888698,1.3587379188452553,2.6154372433450193,6.93209730830033
6.26439183378326,1.3590984536267603,2.6139032625571326,4.647371331790551,3.288225008167806,2.254951758191893,2.520800101694036
4.646887189190867,3.28881988463716,2.2534177774040067,0.5533818764160547,8.905052593678864,0.9710098387316117,7.101917919251923
0.5535055431002786,8.905233384805634,0.9694758579437253,9.110485721891841,6.50875011608959,-0.6320000846088825,9.043740804200395
