x1,y1,theta1,x2,y2,theta,length
9.110977670387246,6.50853989435162,5.650733037728675,13.018809127038399,0.5032449864513149,4.151874691407275,7.288743316779431
13.018809127038399,0.5032449864513149,4.151874691407275,6.2649808911859495,1.3586006178148826,2.6154034293494535,6.932744496392978
6.2649808911859495,1.3586006178148826,2.6154034293494535,4.647221804125539,3.2884078526240224,2.253889383060889,2.521842299842181
4.647221804125539,3.2884078526240224,2.253889383060889,0.5532984372175511,8.905581145534791,0.9708020746450754,7.102986040561999
0.5532984372175511,8.905581145534791,0.9708020746450754,9.110977670387246,6.50853989435162,5.650733037728675,9.045061785724963
