x1,y1,theta1,x2,y2,theta,length
6.023257445121605,7.089405089293348,5.997864880632855,8.360332400111314,6.60714592440394,6.40897173178621,2.3894638016825587
8.361764771340708,6.6073311556227265,0.12885438618239387,12.585270949131651,8.541124367000998,-0.37735927381986845,4.693544375292399
12.586208833557697,8.540749839985986,5.902758071783946,13.397145957407844,6.221964673202634,4.184699589352029,2.558332827475165
13.396645644964252,6.221107021304885,4.181631627776257,11.487732579381861,5.698037609937577,3.4667965806215486,2.023069938104291
11.486295832732687,5.697551660303345,3.46986454219732,6.224881200978992,2.989017366511574,3.586447082076629,5.917925383635895
6.223496023002154,2.9883602934854054,3.583379120500858,5.702214752184773,2.758954839913605,3.653942236743598,0.569613107001969
5.700884778535166,2.758206864540731,3.6570101983193686,3.356480034369368,1.1440165988600763,3.3962334643788097,2.8501250643832403
3.3550913268123823,1.1436585184575596,3.393165502803038,0.633085412753438,1.5679706709774381,2.224272142434179,2.7984900929391947
0.6324421391733354,1.5688129020572663,2.221204180858408,1.2643995688213643,6.054995315729315,0.8344855486097875,4.588205714052935
1.2652613021258903,6.055944546710075,0.8314175870340176,2.2927442270209077,6.528124804012453,0.95720401164064,1.1572125091773835
2.293411350584832,6.529079598047621,0.9602719732164113,2.4020935653327413,8.066987020309663,0.9050486648525273,1.5848571738333002
2.4020487665631918,8.068516651566503,0.9021636703806166,2.4891923804724976,8.15461311354817,0.6565437772150542,0.12280994658278122
2.489941836981042,8.155111606313477,0.6534758156392831,6.021789429614236,7.089836626967349,-0.28838838812250056,3.7631613657158267
