x1,y1,theta1,x2,y2,theta,length
8.360454910620426,6.606902216719032,0.12858422102706804,12.585543216939556,8.541636375669889,-0.3797773569414455,4.695801222563309
12.585543216939556,8.541636375669889,-0.3797773569414455,13.397203739530884,6.2209051991706295,4.183944706525428,2.5606527360819604
13.397203739530884,6.2209051991706295,4.183944706525428,11.486531553091334,5.697751887258172,3.467388695230341,2.0252269353128254
11.486531553091334,5.697751887258172,3.467388695230341,6.224343384159268,2.9887345478732605,-2.698591204413734,5.918848578367948
6.224343384159268,2.9887345478732605,-2.698591204413734,5.700906509769184,2.758308047717104,3.6540872559600985,0.5719977293549232
5.700906509769184,2.758308047717104,3.6540872559600985,3.3561290192769504,1.1436457337289194,3.394131354540055,2.850777415128695
3.3561290192769504,1.1436457337289194,3.394131354540055,0.6322156499312559,1.568196893629625,2.223093761056306,2.800625530301015
0.6322156499312559,1.568196893629625,2.223093761056306,1.2643330948298588,6.055548193003278,0.832398888543089,4.589848202139573
1.2643330948298588,6.055548193003278,0.832398888543089,2.293181165714869,6.527881320615379,0.9598006888198154,1.1589647822823685
2.293181165714869,6.527881320615379,0.9598006888198154,2.4896988274694167,8.1557445863263,0.6562091064603719,1.7119780031606986
2.4896988274694167,8.1557445863263,0.6562091064603719,6.022257259711187,7.089643289914144,-0.2863310322323719,3.764760659795258
6.022257259711187,7.089643289914144,-0.2863310322323719,8.360454910620426,6.606902216719032,0.12858422102706804,2.390745954392727
