x1,y1,theta1,x2,y2,theta,length
11.617769937258348,6.332812653661663,0.3098641191528996,14.947563247058138,8.662223346683795,-0.411106851153353,4.2853970763263245
14.948155473996183,8.661963971129769,5.869010494450462,15.103429908745843,3.526062557779682,3.9944859716542096,5.442529299420792
15.102109643166681,3.524554204967644,3.991418010078439,9.123608307562444,2.1725669799676766,3.390097541227267,6.173143904170139
9.1196668621046,2.1715555448843675,3.393165502803038,7.223615541053294,1.856603247145237,2.6813984172241003,1.9757180936028005
7.221838642772178,1.857482802920338,2.678330455648329,6.456114305846321,3.1490983891660322,2.0708740636456158,1.5468931329105262
6.45429874398474,3.1524010968219125,2.073942025221387,4.347237173864988,6.883645997988894,1.0308350894591514,4.508221823855891
4.34802543676561,6.884956692104465,1.0277671278833798,11.615986388243172,6.3322419434660935,0.30679615757712897,7.541432214203168
