x1,y1,theta1,x2,y2,theta,length
11.616170338248196,6.331777565339864,0.30963701457029513,14.948188081379001,8.662892258805167,5.870512587242173,4.289212104295337
14.948188081379001,8.662892258805167,5.870512587242173,15.10324486342652,3.524661437482561,3.993161607035972,5.446123277312736
15.10324486342652,3.524661437482561,3.993161607035972,9.123037864708271,2.172551812391471,3.3927412801435834,6.175217252002016
9.123037864708271,2.172551812391471,3.3927412801435834,7.221826284807902,1.8564090542636524,2.6804462816926513,1.981266462067855
7.221826284807902,1.8564090542636524,2.6804462816926513,6.455287434711801,3.1512554311906023,2.0720837276136947,1.5508305762659198
6.455287434711801,3.1512554311906023,2.0720837276136947,4.345922146386366,6.885388410720015,1.029337040571303,4.512910348720115
4.345922146386366,6.885388410720015,1.029337040571303,11.616170338248196,6.331777565339864,0.30963701457029513,7.545191368080171
