TIME,LB,UB,OPEN,GAP,TREE
0.039663076400756836,0.0,21.52942785430276,1,100.0,1
0.039710044860839844,18.97056905147628,21.52942785430276,1,11.885400857575885,1
0.20856213569641113,18.97056905147628,21.52942785430276,3,11.885400857575885,4
0.5202000141143799,18.97056905147628,21.52942785430276,5,11.885400857575885,8
0.6710669994354248,18.97056905147628,21.52942785430276,5,11.885400857575885,8
0.7959079742431641,18.97056905147628,21.52942785430276,5,11.885400857575885,8
1.0108280181884766,19.08764618697159,21.52942785430276,5,11.341600361401005,8
1.6124110221862793,19.18720300970248,21.52942785430276,5,10.879178306320743,8
1.7547669410705566,19.75563461424055,21.52942785430276,5,8.23892419281226,8
2.2488961219787598,19.874868054888648,21.52942785430276,5,7.685108079095753,8
3.8371260166168213,20.34408992192084,21.52942785430276,5,5.505663877384573,8
4.375306129455566,20.905906182552037,21.52942785430276,4,2.8961367481305778,8
9.67530107498169,20.91173036834195,21.52911976367038,3,2.8676945555863047,8
9.675363063812256,20.91173036834195,21.52911976367038,4,2.8676945555863047,8
11.220704078674316,20.946897396071794,21.52911976367038,4,2.704348222267152,8
31.998265027999878,21.212630714001143,21.52911976367038,4,1.4700510431610887,8
32.613975048065186,21.32174919745855,21.52911976367038,3,0.9632096829233074,8
137.26246404647827,21.370502877090484,21.52911976367038,3,0.7367550941286339,8
600.2465829849243,21.449299853346286,21.528943099948513,2,0.36993570112792906,8
600.2466969490051,21.449299853346286,21.528943099948513,3,0.36993570112792906,8
606.3080639839172,21.471613483267134,21.528943099948513,2,0.26629090157944696,8
2855.478429079056,21.488917978005585,21.528918008958563,1,0.18579675456208844,8
2855.4785311222076,21.488917978005585,21.528918008958563,2,0.18579675456208844,8
