x1,y1,theta1,x2,y2,theta,length
11.163918657836103,6.31164273653195,0.19634954084936207,12.657328899389242,5.673815466878473,-1.2824079386723943,1.823384070809005
12.657392147612459,5.673569777629771,4.994641445355649,12.175296281574063,4.516872452809525,3.64035001796299,1.354291427392659
12.173378052129463,4.516308458178381,3.6386024288647407,3.7705094127619154,2.786586050153807,2.5310683000113077,8.67490922836689
3.7684819442430944,2.7880174987025463,2.528000338435537,3.5157996145493056,4.307085512783948,0.9541360500648689,1.6976842624532877
3.517486112510115,4.309437683088018,0.9510680884890974,11.160095626517185,6.310877952634453,0.20248546400090384,7.958642799379364
