x1,y1,theta1,x2,y2,theta,length
10.847921654513101,6.289080883765912,0.23120903932739242,12.652294190495391,5.698109359269284,4.954876900223479,2.1805155063259543
12.652294190495391,5.698109359269284,4.954876900223479,12.124651516154058,4.561521115677875,3.6006581176973604,1.354218782526119
12.124651516154058,4.561521115677875,3.6006581176973604,3.767562588523847,2.786921564487744,2.530643475698974,8.640368486978154
3.767562588523847,2.786921564487744,2.530643475698974,3.5147208203994156,4.307768417453984,0.9513971301985229,1.7010617028051696
3.5147208203994156,4.307768417453984,0.9513971301985229,10.847921654513101,6.289080883765912,0.23120903932739242,7.652753530323167
