x1,y1,theta1,x2,y2,theta,length
11.624055510166277,6.8505000045119715,3.976078202199582,11.289237495449377,6.520637921302348,3.7060975835317085,0.4728247943592324
11.269780231614979,6.508090917051781,3.6815538909255388,3.2333849460848856,4.361520921932304,3.9760782021995826,8.355297378421094
3.218229015311572,4.346828726667896,4.000621894805753,2.971389498189743,3.7022021378015175,4.6878452877785195,0.7037992111519453
2.9755885943436726,3.680585833143733,4.71238898038469,3.578750997044589,2.6399858687427127,5.6941366846315,1.2442958975592284
3.5982027163592187,2.6278009486749423,5.71868037723767,6.600411684594441,2.027433844170927,6.454991155422778,3.07817097236384
6.622637650650411,2.0318563182878444,0.19634954084936207,7.9979006015033915,2.8554046041611003,0.4908738521234053,1.6112027405649232
8.01952450516292,2.8667020759631336,0.4663301595172349,11.167880293627341,3.8200489755919196,-0.3681553890925542,3.345430015669364
11.184213597098504,3.8132642612371095,5.890486225480862,13.264206316486845,1.358450164765321,6.332272692391927,3.428104396256051
13.271781266353287,1.3591776712691093,0.07363107781851078,14.344804861235724,2.5512974728698046,0.9572040116406402,1.7276020136579269
14.358990751421834,2.5675199863947613,0.9326603190344698,14.737742522910912,3.1808503471552085,1.349903093339364,0.7315473169077538
14.74184284980451,3.1948749162991015,1.3744467859455345,14.076345575610063,4.853084772551787,1.6935147898257479,1.8444032780407877
14.073707477898937,4.874168186176169,1.6689710972195777,14.598870904781378,8.392139549272105,2.5034566458293663,3.826007337968827
14.59427949414839,8.395515744787826,2.528000338435537,11.640943689965477,6.868124419934253,3.951534509593412,3.589523251145443
