x1,y1,theta1,x2,y2,theta,length
5.942298904876235,6.811095176974453,5.987489342978134,8.38106504971372,6.3556503551897165,0.17600621810948083,2.482972661820681
8.38106504971372,6.3556503551897165,0.17600621810948083,12.719521261273105,8.851131506485649,5.962872893703066,5.031729246844108
12.719521261273105,8.851131506485649,5.962872893703066,13.073217521855002,8.231521864945105,5.318212494193667,0.7335547092874508
13.073217521855002,8.231521864945105,5.318212494193667,15.029307130585947,6.197450075242996,4.339330007106713,2.8841944508649715
15.029307130585947,6.197450075242996,4.339330007106713,11.370810290760891,6.026282204201548,3.437846736918876,3.726205902582783
11.370810290760891,6.026282204201548,3.437846736918876,6.402721493532811,2.7216580593568245,3.3338630907443383,5.97041622432289
6.402721493532811,2.7216580593568245,3.3338630907443383,5.548047859525493,2.853520718999874,3.406315671313717,0.8704854708545468
5.548047859525493,2.853520718999874,3.406315671313717,3.3908320909090826,0.9663575674581322,3.4275756729590707,2.8738217768098493
3.3908320909090826,0.9663575674581322,3.4275756729590707,0.5262752157793177,1.4868521526417957,2.222174920996301,2.9323153734755056
0.5262752157793177,1.4868521526417957,2.222174920996301,0.6659064100281116,3.1262979760076264,0.908118176693782,1.6696904850433623
0.6659064100281116,3.1262979760076264,0.908118176693782,2.5792675734241217,3.9115350887619944,0.9687243882561584,2.083431246734093
2.5792675734241217,3.9115350887619944,0.9687243882561584,2.52852258807186,6.090875480616017,2.2822366417582236,2.203208686530846
2.52852258807186,6.090875480616017,2.2822366417582236,1.2109621916606694,6.50207870627519,1.9053225402297866,1.4291888892116758
1.2109621916606694,6.50207870627519,1.9053225402297866,1.9441489984657718,7.5176612813748935,1.0878404966695772,1.2938595945381186
1.9441489984657718,7.5176612813748935,1.0878404966695772,2.2138703854219988,8.282243065062032,0.5166184820789351,0.8291573230640054
2.2138703854219988,8.282243065062032,0.5166184820789351,2.2598263200318596,8.302544265753358,0.31532765676406427,0.050322706328717715
2.2598263200318596,8.302544265753358,0.31532765676406427,5.942298904876235,6.811095176974453,5.987489342978134,3.9874931820729667
