x1,y1,theta1,x2,y2,theta,length
7.371919651801453,2.8859126580594343,5.8659425328746915,15.452811203372502,3.0438507805201223,7.617748592640088,8.174485581980814
15.45283476536951,3.043948660365865,1.3360972662483934,13.583681269286412,4.211885330132135,2.567883838920562,2.286230494554604
13.583321994981182,4.2121177460047345,2.5663498581326776,7.966648407537584,8.697856759519004,2.9099615546190654,7.191761685771041
7.966366573224033,8.697923170318385,2.9114955354069467,3.2674626201833536,7.5709518422684745,4.400990880443904,4.8797367928972974
3.267430234067701,7.570850755166562,4.4025248612317895,7.371685370803526,2.8860167650917012,5.864408552086805,6.275615426929798
