x1,y1,theta1,x2,y2,theta,length
7.37180323272291,2.8859023825346384,5.865033309015674,15.45306832303815,3.0440199107298205,1.3347130164213232,8.17490697328532
15.45306832303815,3.0440199107298205,1.3347130164213232,13.583393076790317,4.212045454880806,2.5675269219482653,2.2870016335151604
13.583393076790317,4.212045454880806,2.5675269219482653,7.966407198468606,8.697984634308344,2.9101578616444868,7.192136833109623
7.966407198468606,8.697984634308344,2.9101578616444868,3.267382819360542,7.571003075534967,4.402318943656354,4.880054758533252
3.267382819360542,7.571003075534967,4.402318943656354,7.37180323272291,2.8859023825346384,5.865033309015674,6.275963075645009
