x1,y1,theta1,x2,y2,theta,length
2.6448216190337837,2.370295875034813,2.064738140494073,2.695207566105151,4.897720161204742,0.9725438195194995,2.5414472849855225
2.695569202670395,4.898247669312865,0.9694758579437253,4.223879928897938,5.709117294453326,1.4818254410975302,1.7809095081463167
4.223909884206061,5.709464211927189,1.4848934026733005,2.9108212151713637,6.713359761215078,2.172116795646069,1.70036641144804
2.9104259640142125,6.713939704512757,2.1690488340702965,2.528183293901936,9.310473104286691,0.7393787397608833,2.6670065778457843
2.5284824594632465,9.310745631661241,0.7363107781851077,6.743197839367737,8.271880860619957,0.23623304133439293,4.384892123236637
6.743846448886622,8.272038724549867,0.23930100291016002,8.320300832517797,9.654074677533654,0.19021361769781997,2.108208867076184
8.320937205318335,9.654196343705422,0.1871456561220482,15.215803796814129,6.818594891241207,-1.5155730184310128,7.519542061606506
15.215820997886896,6.818275834752075,4.764544327172802,13.328036436878994,5.648005821231527,3.9484665480176395,2.274593522595594
13.327534942022764,5.6474799113913665,3.9515345095934116,12.948384869101293,4.968408975064582,3.675417967773996,0.7859669062692455
12.947840301493203,4.9680875472375154,3.672350006198225,11.402846395724602,4.906927420256405,4.111068511533516,1.5901409038521603
11.402626428648805,4.9066063032230955,4.114136473109291,11.798150809075903,3.5618047964283366,4.276738436625167,1.4562890104466995
11.797942568934905,3.5613599152900646,4.273670475049396,11.065603675974238,3.2796980484577154,3.227495577711391,0.8069589913627898
11.064850761828028,3.2796338325857577,3.2244276161356176,9.275695205785718,3.3923365825238254,3.6263305825616525,1.8000462520802776
9.27512573150608,3.3920353751326036,3.6293985441374272,7.760548994810616,0.860229451030235,3.5987189283797143,2.9657135709362
7.759982301486612,0.859951715857741,3.595650966803943,6.878202029704178,0.9480383525024636,2.9299033048615746,0.894070437087476
6.877453916312072,0.9482001432797398,2.926835343285803,3.1643497700278584,2.0068985720847716,2.7212819177091276,3.8612175061930816
3.1636567522473453,2.0072084322507715,2.718213956133356,2.6451395539281144,2.369707526142691,2.067806102069844,0.6375572779067775
