TIME,LB,UB,OPEN,GAP,TREE
0.021976947784423828,0.0,30.067912626602762,1,100.0,1
0.022008895874023438,25.844482743755613,30.067912626602762,1,14.046302233532652,1
0.12578606605529785,25.844482743755613,30.067912626602762,2,14.046302233532652,4
0.2949340343475342,27.632640332515944,30.067912626602762,2,8.09923962574042,8
0.5409750938415527,28.22013633246929,30.067912626602762,2,6.145342768152918,13
0.8626539707183838,28.292922305665616,30.067912626602762,2,5.90327084882744,19
1.4476521015167236,28.79898440384114,30.067912626602762,2,4.220207230610786,26
1.5715789794921875,28.79898440384114,30.067912626602762,2,4.220207230610786,26
2.730133056640625,29.255396737109393,30.067912626602762,2,2.7022690254011543,34
2.8916850090026855,29.255396737109393,30.067912626602762,2,2.7022690254011543,34
3.317194938659668,29.255396737109393,30.067912626602762,2,2.7022690254011543,34
4.645018100738525,29.58826319151932,30.067912626602762,2,1.5952202636742692,34
7.572098970413208,29.823864704449313,30.067912626602762,2,0.8116556848629592,34
16.491919994354248,29.944027225029423,30.067912626594314,1,0.4120186296381533,34
16.49196696281433,29.944027225029423,30.067912626594314,2,0.4120186296381533,34
42.428011894226074,30.00573796492668,30.067912626594314,2,0.20678077138165346,34
130.54779696464539,30.03672023895038,30.067912626590697,1,0.10373978409373165,34
130.5478479862213,30.03672023895038,30.067912626590697,2,0.10373978409373165,34
558.8119359016418,30.05229382306189,30.06791262658906,1,0.051945087512847696,34
558.8120229244232,30.05229382306189,30.06791262658906,2,0.051945087512847696,34
2561.9150590896606,30.060096571211222,30.067912626588274,1,0.02599467237423321,34
2561.915137052536,30.060096571211222,30.067912626588274,2,0.02599467237423321,34
