x1,y1,theta1,x2,y2,theta,length
3.1954108764313593,3.554736623767715,5.60976774129779,6.957193289737235,2.572572729394892,6.033482936870737,3.8909638514152816
6.957564890844838,2.572477960443818,-0.24970950546832993,9.98266455257682,1.8401194676785164,6.591515445544603,3.1193850253943523
9.982974516802267,1.8402182005574188,0.3098641191528996,10.890125657646248,2.9227310198608047,1.4925633066127286,1.4294277656248071
10.89014974268353,2.923040696330721,1.4940972874006144,9.495210285935432,5.345355901497909,1.650563327764948,2.8085420873445712
9.495183139160059,5.3456967959412385,1.6490293469770645,10.915270100187088,9.123452074509856,2.090815813888124,4.068337406958939
10.915153167415939,9.123656215208086,2.0923497946760143,7.299912726921085,9.730883016779424,3.063359633407625,3.694664168553172
7.299531136301132,9.730912710079636,3.064893614195511,2.998526520264647,9.747934518924398,3.7582529303198187,4.311079568515446
2.998274193027547,9.74775548829696,3.759786911107706,1.809478963093087,6.270484277276082,4.7860200582032,3.6875692795202286
1.8095053591583927,6.270131482157988,4.787554038991086,3.195138078226869,3.5549548834783535,5.608233760509906,3.054034025030741
