x1,y1,theta1,x2,y2,theta,length
3.195337530419472,3.5546941874764086,5.608424878794538,6.957207379840872,2.5725048491264055,6.033504580316735,3.8910846466688738
6.957207379840872,2.5725048491264055,6.033504580316735,9.983000573613882,1.840120077821687,0.3084662783533178,3.1200687082943905
9.983000573613882,1.840120077821687,0.3084662783533178,10.890250820294394,2.922890950805164,1.493274878979146,1.429775255504306
10.890250820294394,2.922890950805164,1.493274878979146,9.495100953340446,5.3456369326382065,1.6502676791656299,2.8090663675246543
9.495100953340446,5.3456369326382065,1.6502676791656299,10.91527254956114,9.123752219597778,2.091016154492684,4.068755341166733
10.91527254956114,9.123752219597778,2.091016154492684,7.299688297971654,9.73091243305805,3.0639878262746376,3.6951243110619343
7.299688297971654,9.73091243305805,3.0639878262746376,2.9982674276361974,9.747889501493754,3.7586891743889717,4.311516599662124
2.9982674276361974,9.747889501493754,3.7586891743889717,1.8094127802258138,6.270378075240484,4.787090897437619,3.687889592529055
1.8094127802258138,6.270378075240484,4.787090897437619,3.195337530419472,3.5546941874764086,5.608424878794538,3.054631804176207
