x1,y1,theta1,x2,y2,theta,length
9.355943952285621,7.409500351282764,0.1043106935762236,15.549616237169593,9.694496214113336,-0.9203884727313846,6.773189757289641
15.549830513254625,9.694213501800753,5.359728872872429,13.808859279430099,6.9744914354547145,4.08959278050312,3.38802837512453
13.807969275518543,6.973246426925168,4.092660742078891,12.394212880898078,4.608086524588288,4.555922940020354,2.7603843248369535
12.39399612423379,4.606689433278005,4.558990901596125,13.095681623296585,0.5987108464664663,3.9085830475326135,4.154704822417141
13.095131185823476,0.5981820356418618,3.9055150859568424,11.155007710888087,0.9469766053076356,2.4513012990412553,2.05644874354173
11.153925089929453,0.9478762321222978,2.448233337465483,9.657645617155879,3.4400131563199685,2.8838838812250054,2.9533399574511066
9.656661657567883,3.4402709232738626,2.8869518428007765,6.094683607270928,1.4201912046845666,2.982058651649686,4.166258502904597
6.093578264335053,1.4203724644182811,2.978990690073915,4.914661987216483,2.7306632009277596,2.2268667679983474,1.7918828146105354
4.913726359507344,2.7318788061193278,2.2266822052157496,0.5639328837716402,8.92044196729263,1.0093593584287506,7.696830872169478
0.5642153359156947,8.920890254623602,1.0062913968529807,9.354491915933524,7.40935053381759,0.10124273200045364,9.053995345366786
