x1,y1,theta1,x2,y2,theta,length
9.355217759387699,7.409189053017567,0.10282514175100174,15.550224422331066,9.694928123306601,5.360954148682295,6.775453902639663
15.550224422331066,9.694928123306601,5.360954148682295,13.80849120704907,6.974065319935596,-2.191649208043029,3.3898661856106393
13.80849120704907,6.974065319935596,-2.191649208043029,12.393884958543842,4.6079084915332915,4.558418358623548,2.761777416751973
12.393884958543842,4.6079084915332915,4.558418358623548,13.095846236349546,0.5979472308978871,3.907106244143418,4.157088129575237
13.095846236349546,0.5979472308978871,3.907106244143418,11.154859508923161,0.946704923730843,2.448240157808837,2.0577913434367465
11.154859508923161,0.946704923730843,2.448240157808837,9.657373027459222,3.4406774651042156,2.885571134827787,2.9558069877836726
9.657373027459222,3.4406774651042156,2.885571134827787,6.094663416757156,1.4196646115504363,2.9792740426693305,4.16799216796625
6.094663416757156,1.4196646115504363,2.9792740426693305,0.5636463184749466,8.921336033436129,1.0085027574217846,9.492672224199115
0.5636463184749466,8.921336033436129,1.0085027574217846,9.355217759387699,7.409189053017567,0.10282514175100174,9.05614902495625
