x1,y1,theta1,x2,y2,theta,length
12.604857178170896,4.923587037666081,4.362641360746763,11.693895241841327,4.555589725210723,3.1799421732869355,1.0534600485917016
11.693129687352688,4.5555605335512555,3.1784081924990484,2.986937143726688,5.087079731088702,1.6674371164316968,8.94599922822147
2.98692933510059,5.087160565693005,1.6659031356438065,10.77221800823956,7.079419794869331,-0.2914563496982716,8.271395415315638
10.77286489226468,7.0792257506753336,5.990194976693428,12.604968040008316,4.923891108123846,4.364175341534649,2.94320598157587
