x1,y1,theta1,x2,y2,theta,length
12.605316697572034,4.923833085495822,4.362954695232955,11.693220600227244,4.555545843894642,3.179760818737323,1.0547055900913276
11.693220600227244,4.555545843894642,3.179760818737323,2.9865355163827823,5.087273374312352,1.6670514937410992,8.946666905921715
2.9865355163827823,5.087273374312352,1.6670514937410992,10.772278759977885,7.079591049721873,5.9918383100384,8.27235898147239
10.772278759977885,7.079591049721873,5.9918383100384,12.605316697572034,4.923833085495822,4.362954695232955,2.9446166527788216
