x1,y1,theta1,x2,y2,theta,length
13.146211358645257,7.440217956039698,2.5824157136218537,10.209274607625808,7.028528696658975,2.980725058133606,3.045596393712064
10.209274607625808,7.028528696658975,2.980725058133606,8.327907810758072,8.218487916195063,2.5541880651266156,2.2387001986924124
8.327907810758072,8.218487916195063,2.5541880651266156,6.994023473066284,9.034461974556185,2.810531804055497,1.5656002625594536
6.994023473066284,9.034461974556185,2.810531804055497,3.4463446862691143,9.146389574864633,3.776055271324594,3.6074793897581015
3.4463446862691143,9.146389574864633,3.776055271324594,2.5459631377017966,6.084108571739515,4.543982742184733,3.244928899523512
2.5459631377017966,6.084108571739515,4.543982742184733,2.4608004502638408,4.687993179129326,5.0283409017759855,1.4100194245923943
2.4608004502638408,4.687993179129326,5.0283409017759855,4.240446884091247,2.824423070106006,5.920713041199155,2.606142433357169
4.240446884091247,2.824423070106006,5.920713041199155,6.178730809426587,2.939351353039388,0.4036304143226778,1.9611931953466701
6.178730809426587,2.939351353039388,0.4036304143226778,7.348044034597182,3.671028694818947,0.12254221732441894,1.4017234967983838
7.348044034597182,3.671028694818947,0.12254221732441894,8.455780972977962,3.0730333804266725,5.167938615978816,1.3363728375791335
8.455780972977962,3.0730333804266725,5.167938615978816,8.69706945640826,1.4224664094156503,5.379359112852634,1.7203247030551918
8.69706945640826,1.4224664094156503,5.379359112852634,14.159569502337119,1.1516943316218922,0.840131428971198,5.6822900712887545
14.159569502337119,1.1516943316218922,0.840131428971198,13.146211358645257,7.440217956039698,2.5824157136218537,6.582177900337915
