x1,y1,theta1,x2,y2,theta,length
15.505754802605855,9.431791018314371,2.4789129532231966,12.746289301604149,8.12724752356307,3.859495662320273,3.1728659774513166
12.745353667024368,8.126428094037893,3.862563623896045,9.584503512869212,4.254829628195111,3.687689814077081,5.0017887440353475
9.58355209494673,4.254253777916568,3.68462185250131,4.537550332285793,2.916323696116393,4.5068355548080135,5.337804817174412
4.537482594659526,2.915993935516667,4.509903516383785,6.097421109221745,1.5407375275228135,6.145127036269878,2.197756172084719
6.099105936935787,1.5405059223920645,6.14819499784565,7.418936491203829,1.9142222271234017,6.344544538695011,1.3796183904808774
7.42023520080272,1.9143005087974638,0.05829126993965436,10.6209514627156,1.2615131411708354,-0.20652694510162875,3.268101873786832
10.623146279995646,1.2610532874606217,-0.20653405612834083,13.061125359167686,0.8829172851321969,6.813942659788017,2.4962130542197642
13.062589160545798,0.8837791354161281,0.5338253141842031,15.506370319111493,9.431310431112156,2.475844991647425,9.056012774735375
