x1,y1,theta1,x2,y2,theta,length
15.507315143999584,9.431875483720507,2.478476587313406,12.745680262633135,8.126859044360227,3.860804875766566,3.1751169163819095
12.745680262633135,8.126859044360227,3.860804875766566,9.584246971185072,4.254438148049888,3.6858092269478013,5.002864825661589
9.584246971185072,4.254438148049888,3.6858092269478013,4.537026847053049,2.915763867558468,4.509724791443505,5.3400634064542984
4.537026847053049,2.915763867558468,4.509724791443505,6.098128733056186,1.5402119239509318,6.146786722165284,2.1990252618039863
6.098128733056186,1.5402119239509318,6.146786722165284,7.419797340628806,1.9144516453260905,0.06033068837452936,1.3816193534535324
7.419797340628806,1.9144516453260905,0.06033068837452936,10.621988434082468,1.2612656794962585,6.076547440987038,3.2696629409550932
10.621988434082468,1.2612656794962585,6.076547440987038,13.062440182419357,0.8827949097672619,0.5319952836542751,2.4988628445036754
13.062440182419357,0.8827949097672619,0.5319952836542751,15.507315143999584,9.431875483720507,2.478476587313406,9.058901026809307
