x1,y1,theta1,x2,y2,theta,length
6.814009565944932,1.70600273887922,2.8716120349219203,1.126214669235838,1.2349974237376697,2.0892818331002436,5.9896004419012385
1.1256711663285384,1.2359524917313052,2.086213871524472,2.585722260042271,3.784449841495979,0.7915340865489908,3.1718639345343758
2.5880529662203724,3.7868002472044098,0.7884661249732196,8.212221962426083,9.127091092858626,0.2883883881225011,7.773691660495915
8.213582939736376,9.12749017156922,0.2853204265467293,11.785271418721425,8.063730475756438,-1.1750292835204,3.877987527043937
11.786065473360932,8.061811739227776,5.105088062083414,10.312216536236233,4.966191767112338,4.384117091777162,3.546020647831542
10.31114561517254,4.963029131390005,4.387185053352933,10.138185877505915,3.121920992656106,4.50069963165647,1.851931996884392
10.1375237358005,3.1188810697923204,4.4976316700806995,8.739629173959617,0.6383822472636712,3.365553848621097,2.9669968610488557
8.738797620745698,0.6381953565871189,3.3624858870453256,6.815673900933965,1.7055415046457996,2.8685440733461487,2.2982294371861305
