x1,y1,theta1,x2,y2,theta,length
6.8154063380032825,1.7061043649581857,2.870787942708466,1.1242494786897939,1.2346957014505666,2.08787451315344,5.9940749154630195
1.1242494786897939,1.2346957014505666,2.08787451315344,2.5862623937319906,3.7850284115305537,0.7891998823905595,3.1757358380527863
2.5862623937319906,3.7850284115305537,0.7891998823905595,8.213833145292401,9.127955843214952,0.2858491820772473,7.778262777653779
8.213833145292401,9.127955843214952,0.2858491820772473,11.786518042501111,8.064709785958877,5.105404540804978,3.8801245090258174
11.786518042501111,8.064709785958877,5.105404540804978,10.31143607405571,4.965242843360146,4.386113874257916,3.550115340814486
10.31143607405571,4.965242843360146,4.386113874257916,10.13814788429834,3.120697595252789,4.498821993788387,1.8554372167024507
10.13814788429834,3.120697595252789,4.498821993788387,8.739968607541629,0.6377916074801346,3.3627826385248056,2.9706166742827715
8.739968607541629,0.6377916074801346,3.3627826385248056,6.8154063380032825,1.7061043649581857,2.870787942708466,2.300343172119808
