x1,y1,theta1,x2,y2,theta,length
6.90176896828508,2.039874881588543,2.856272227043064,0.41734659414169056,0.8954114666945452,2.2027964114037806,6.7100898574441725
0.4170080518729791,0.8958767205038547,2.199728449828009,2.08813006033353,4.177147842576126,0.6289321230331135,3.8032425284404248
2.0891701314559668,4.177904375698435,0.6258641614573417,8.995919618330982,5.8501871238335,0.44178646691106765,7.112032916110129
8.997493170622482,5.85093362915996,0.444854428486836,12.489881161759058,8.031775598339136,-0.6902913545485406,4.284188009734891
12.490219898935813,8.03149587681861,5.589825991055277,10.5119270619904,3.2266971037994026,4.239922897715911,5.36594337819308
10.510936406355983,3.2247714751615617,4.236854936140141,9.807233940690153,1.8900173308178991,4.227191652158405,1.5088956267434908
9.806686900576093,1.888979735119173,-2.0559688233104834,8.809614352326076,0.441431648927765,3.2827188860752736,1.812636328662422
8.809079152025237,0.44135681971153745,3.279650924499501,6.9025265430564575,2.039650095365957,2.853204265467292,2.5517464315397773
