x1,y1,theta1,x2,y2,theta,length
0.4169473920117727,0.8947992960846904,2.2001300444183904,2.0879299905104998,4.177335551516625,0.6289394306528987,3.804375912580092
2.0879299905104998,4.177335551516625,0.6289394306528987,8.997018550987447,5.850501399866608,0.44287823311418467,7.114643604254008
8.997018550987447,5.850501399866608,0.44287823311418467,12.491290899465195,8.031853181472139,5.592635199237517,4.2861152315773134
12.491290899465195,8.031853181472139,5.592635199237517,10.511823962761767,3.2264757420086543,-2.0459844008922636,5.368076401290217
10.511823962761767,3.2264757420086543,-2.0459844008922636,8.809585197355075,0.44104911915126055,3.2805600471609817,3.3254262574410562
8.809585197355075,0.44104911915126055,3.2805600471609817,6.902652413767565,2.0398476638677554,2.853218132154498,2.5525641149109184
6.902652413767565,2.0398476638677554,2.853218132154498,0.4169473920117727,0.8947992960846904,2.2001300444183904,6.712487230715949
