x1,y1,theta1,x2,y2,theta,length
13.450522553124037,7.841303151259127,2.675262494072558,10.14055291499408,6.533472572754647,2.963650882195058,3.631169524881547
10.139350121952553,6.533699828597958,2.960582920619287,10.009917569452037,6.5762601517020585,2.6872319083585277,0.1366755061303797
10.008873080857274,6.57738345356711,2.684466378799872,7.110687301091891,9.525341025177621,2.709010071406041,4.141549634313353
7.1093925329198635,9.525938188121224,2.7120780329818133,3.211694778481074,9.602002026146172,3.9392626632903265,3.95014790471635
3.2109893241241516,9.601279131046937,3.9423306248660976,3.153477980769435,7.819598798556675,4.4546802080199015,1.8239478625788743
3.1531087022110644,7.818198856185575,4.45161224644413,2.030531002715233,6.081745933826388,4.365709322322534,2.071621582958965
2.030025528018942,6.080347363800284,4.368777283898305,1.9524159048040892,4.611699565220959,5.197126909356552,1.4866390184537153
1.95301466626421,4.610571299767,5.200194870932323,3.2653437365999864,3.805417387843224,5.810719224510809,1.5539338903168003
3.266709896837827,3.8047207578718614,5.81378718608658,6.387278439812664,2.485143564517955,6.657476619423683,3.4290031769715807
6.38824660757117,2.485527356342879,0.37735927381986767,7.400461294573043,4.194413438116949,0.35895150436524004,2.0522355890993045
7.401414794842809,4.194768231032,0.35588354278946877,14.594196934315667,0.8774425518859545,0.6381360077604316,8.068571890767155
14.594741808475879,0.8778374879539496,0.6442719309119693,13.451341832376754,7.840888212087752,2.6721945324967873,7.224069633796655
