x1,y1,theta1,x2,y2,theta,length
13.451384971910032,7.841554605592342,2.674122204954705,10.136537193089296,6.533735376034208,2.9658144912295885,3.63555202636459
10.136537193089296,6.533735376034208,2.9658144912295885,7.109451196798249,9.526221725182527,2.708987180654383,4.279874888347898
7.109451196798249,9.526221725182527,2.708987180654383,3.2114953454107513,9.602622554521146,3.9393483603046575,3.9505469222380505
3.2114953454107513,9.602622554521146,3.9393483603046575,3.153373951557451,7.818214887104787,4.454427949342081,1.827133251031356
3.153373951557451,7.818214887104787,4.454427949342081,2.0302487243115372,6.081515476256601,4.365037357263922,2.0722007719621844
2.0302487243115372,6.081515476256601,4.365037357263922,1.9520617192507483,4.611463474299822,5.199853199804892,1.4883769202079498
1.9520617192507483,4.611463474299822,5.199853199804892,3.266446056220206,3.804834969263693,-0.4718912624987628,1.5564719775943505
3.266446056220206,3.804834969263693,-0.4718912624987628,6.387348190505571,2.484566745671305,0.37716223574077035,3.4300625766621957
6.387348190505571,2.484566745671305,0.37716223574077035,7.400826701847628,4.19516139081021,0.35760768582068814,2.054541819446014
7.400826701847628,4.19516139081021,0.35760768582068814,14.609596866063509,0.8882473863703304,0.6303236938137011,8.075888083970762
14.609596866063509,0.8882473863703304,0.6303236938137011,13.451384971910032,7.841554605592342,2.674122204954705,7.221298614607794
