x1,y1,theta1,x2,y2,theta,length
13.121398183270724,0.6216529768252923,3.834951969714103,11.264519436905053,0.8197012213727766,2.9335548755096585,1.916347080013938
11.26301849083417,0.8200178537525107,2.9338166839143707,7.745209756520795,1.553644722051139,3.1109130378320797,3.593945890101482
7.7437011642475015,1.5536864906700647,3.113980999407852,6.196710279056641,1.39201625599603,2.770369302921467,1.565890231032593
6.195476127833997,1.3925011781154228,2.767301341345697,4.734889616344676,3.1283208518368655,2.2404015157356425,2.2795721083951084
4.733937513526957,3.1295235967958637,2.2403971916692806,0.5663792903852032,8.92435142212617,1.0185632431560658,7.27129172667048
0.5666541504586744,8.924796565991972,1.0154952815802947,9.481429519801795,7.406231044565706,-0.15339807878856693,9.17786325778053
9.482943627753942,7.405998637715902,6.132855189966794,13.034188514787907,6.925268416975536,5.460971604872883,3.6120906344992316
13.03497009895266,6.924425470087823,5.4579036432971115,13.122130249187155,0.6222613320761974,3.8380199312898737,6.390965352319915
