x1,y1,theta1,x2,y2,theta,length
13.122674739354297,0.6219332753662341,3.8351159300292004,7.745346247334643,1.5537772801608656,3.1142218074772576,5.5129694410600045
7.745346247334643,1.5537772801608656,3.1142218074772576,6.1965400625423515,1.391670125969265,2.767573296276659,1.5679374701551687
6.1965400625423515,1.391670125969265,2.767573296276659,0.5660504354722022,8.92518988934423,1.0175873332989402,9.554911101259554
0.5660504354722022,8.92518988934423,1.0175873332989402,9.482425594631017,7.406037827262474,-0.15235865869616252,9.180237986859225
9.482425594631017,7.406037827262474,-0.15235865869616252,13.035181829874611,6.924943062995194,5.46011575315044,3.613739183911199
13.035181829874611,6.924943062995194,5.46011575315044,13.122674739354297,0.6219332753662341,3.8351159300292004,6.392644421913428
