x1,y1,theta1,x2,y2,theta,length
9.353310881788252,7.435399592741922,0.1043106935762236,15.698286090691402,9.798573605880279,-0.8989127417009877,6.9350487514238495
15.698439968739702,9.798379734222049,5.3812046039028285,14.080887044275746,6.995728530513174,4.331961744989051,3.3869338674822593
14.080086042591699,6.993720163281218,4.335029706564821,13.171334879357628,0.5932218040477076,3.795068469229075,6.505672559277254
13.170579130500924,0.5926455149494836,3.7920005076533045,11.029084026498717,0.8252170523016458,2.5095925689809104,2.2028184722263795
11.02836747450054,0.8257425914338804,2.506524607405138,9.588825296959754,3.252637873002482,2.856272227043066,2.867884869013208
9.587434859772802,3.2530430525884237,2.859340188618835,8.707395572803513,2.821942966171511,4.23685493614014,1.0353005274934144
8.706877460710645,2.820928903799863,4.239922897715912,8.459599416629842,1.6860794809689517,3.7153014682590233,1.2235508888077598
8.45921828458062,1.6858332366178377,3.7122335066832512,7.361586685593419,1.9414874910118662,3.0618256526197394,1.188529715661046
7.360437639505214,1.9415760330340344,3.064893614195511,6.1765440092644255,1.6412569204987022,2.9206994201342606,1.2367663636563462
6.17469846699716,1.6416706642063248,2.9176314585584895,4.724110968400399,2.999636851256121,2.291767297101148,2.0005175284906365
4.723280128846696,3.000584150118391,2.2886993355253766,0.507943499698059,8.957392987179247,1.0124273200045217,7.430259945806427
0.5081855956146201,8.957779205752752,1.009359358428752,9.351783307176824,7.435242071970274,0.10124273200045497,9.109440878916494
