x1,y1,theta1,x2,y2,theta,length
12.676387703008356,4.05353358332454,3.8104082771079324,10.482900607334408,2.3417662581589678,3.245903347166017,2.8161313873744307
10.479937672816856,2.341463451886183,3.2428353855902454,9.21915530704966,2.847760772598889,2.72741784086067,1.3851161748262453
9.215795260280768,2.8492382885820295,2.730485802436441,3.2342047449712137,4.71284829891008,2.745825610315297,6.265541184411045
3.231239005750868,4.714090002122656,2.742757648739526,1.041919102802803,6.792567614733728,1.2793399770966245,3.3019249656088787
1.042093242079326,6.793147781504547,1.2762720155208536,7.092808702367128,7.044713680050684,-0.09050183431945036,6.3907311611673805
7.096575994636935,7.044372799192294,-0.08997531850273549,11.073458864559727,6.686421961214577,6.234097921967247,3.992970878960899
11.077642023301776,6.686223412941314,6.2371658835430175,14.21611669697857,5.973784004297215,5.016117176386047,3.4513564988632353
14.216423087197999,5.972794095821306,5.013049214810276,12.679184253962918,4.055742650036442,3.8073403155321617,2.667177262011231
