x1,y1,theta1,x2,y2,theta,length
12.679328903954941,4.055998186466286,3.810640126482835,10.482194038626542,2.3406042700790453,3.2438133218258907,2.8216682227469105
10.482194038626542,2.3406042700790453,3.2438133218258907,9.215837247415038,2.849445982288838,2.7273899833408777,1.391400730546549
9.215837247415038,2.849445982288838,2.7273899833408777,3.2320695666932164,4.713575790394396,2.744902845636131,6.267798455716372
3.2320695666932164,4.713575790394396,2.744902845636131,1.0408892954885842,6.7942975544349045,1.2788768113943438,3.3050060978879854
1.0408892954885842,6.7942975544349045,1.2788768113943438,7.091614896781319,7.047508056532875,6.192484778376876,6.392673067914516
7.091614896781319,7.047508056532875,6.192484778376876,11.07471188231887,6.686274701568664,6.2362433122004965,3.999457685640634
11.07471188231887,6.686274701568664,6.2362433122004965,14.21748626435743,5.974913814463235,5.013523051258585,3.4574641306071547
14.21748626435743,5.974913814463235,5.013523051258585,12.679328903954941,4.055998186466286,3.810640126482835,2.669331523013594
