x1,y1,theta1,x2,y2,theta,length
5.0862747484939375,8.914593934874754,2.8873162067919704,0.8553596672383424,9.668089716064811,4.121806377048719,4.4296656385168465
0.8552192217992411,9.66787985344716,4.123340357836604,4.918201686492831,3.7289893665920806,5.531534721115626,7.333972255941001
4.9187541826588905,3.728474404525673,5.533068701903508,9.210478412227737,1.0028441146148364,6.183476555967017,5.093168375591976
9.21115668573946,1.002776829130706,6.1850105367549055,10.608057743354008,1.4859279691933371,6.458059116998548,1.4861923125711476
10.608797582606876,1.4860585241299205,0.17333982903107747,13.118131265161711,1.584365127465892,0.7915340865489908,2.5506297584565587
13.118498748631344,1.5847375018703302,0.7930680673368764,13.096200003111273,5.9574792829979515,1.6121640341486527,4.414206584218358
13.096168312819675,5.958245618351178,1.6120875904335625,12.964748351352686,6.765682436193513,2.248815835040351,0.833253670883614
12.964361351952677,6.76616205231263,2.250349815828235,5.087017081479021,8.914401020676383,2.887366115992413,8.18553529184029
