x1,y1,theta1,x2,y2,theta,length
0.8550054390270155,9.668211223947257,4.122633801988245,4.918222541419196,3.728878980970647,5.532875852944388,7.33471328820783
4.918222541419196,3.728878980970647,5.532875852944388,9.210749167975248,1.002640691397433,-0.0988391603584902,5.094222214783713
9.210749167975248,1.002640691397433,-0.0988391603584902,10.608681902322433,1.4861163210714063,0.17465030248311103,1.487310174346054
10.608681902322433,1.4861163210714063,0.17465030248311103,13.11863077098919,1.5844722826690412,0.7919705543723957,2.5513259995715085
13.11863077098919,1.5844722826690412,0.7919705543723957,12.964788194961182,6.765996364428461,2.249760755609605,5.249076643217167
12.964788194961182,6.765996364428461,2.249760755609605,0.8550054390270155,9.668211223947257,4.122633801988245,12.617131266089658
