x1,y1,theta1,x2,y2,theta,length
7.24826384275527,9.29077213091821,5.90788009207087,9.464518862974952,7.250769315605519,6.113765452645346,3.022639996100766
9.464518862974952,7.250769315605519,6.113765452645346,15.734124488344289,9.833119306567806,5.364481124073685,6.877554119618213
15.734124488344289,9.833119306567806,5.364481124073685,13.679338641019914,7.0509161607036885,4.055511261826301,3.5457531425632918
13.679338641019914,7.0509161607036885,4.055511261826301,12.03146460777719,4.679443468303556,4.673322094834961,2.895600673048862
12.03146460777719,4.679443468303556,4.673322094834961,13.55778702377631,2.0457814466862447,4.920369744568662,3.053140580657457
13.55778702377631,2.0457814466862447,4.920369744568662,13.28236535298844,0.4852795070319469,3.714656573335532,1.6108591685413853
13.28236535298844,0.4852795070319469,3.714656573335532,11.894399635892217,0.810275642005358,3.0807536308158237,1.4492806503050417
11.894399635892217,0.810275642005358,3.0807536308158237,10.918869769738391,0.704850363778037,2.611802454404467,0.9937597636006803
10.918869769738391,0.704850363778037,2.611802454404467,9.71101915977898,3.6617420471978788,2.867928487878952,3.2393550696514466
9.71101915977898,3.6617420471978788,2.867928487878952,9.609801444846118,3.668770020719731,3.276602340798182,0.10216846322980755
9.609801444846118,3.668770020719731,3.276602340798182,8.54425176657589,1.6885283321927407,3.4532109527458963,2.3082169904682166
8.54425176657589,1.6885283321927407,3.4532109527458963,7.4032301820480395,2.2265867446290604,3.21989069851631,1.289801823157521
7.4032301820480395,2.2265867446290604,3.21989069851631,6.036349333971183,1.2234518223236348,3.06606968386137,1.7203732389312063
6.036349333971183,1.2234518223236348,3.06606968386137,4.5433510835151,2.829692713229389,2.23314940152552,2.2109046043504588
4.5433510835151,2.829692713229389,2.23314940152552,0.34901131794312273,9.080950403792498,1.096615015603294,7.57671040935137
0.34901131794312273,9.080950403792498,1.096615015603294,7.24826384275527,9.29077213091821,5.90788009207087,6.953810668593398
