x1,y1,theta1,x2,y2,theta,length
4.26653119889062,7.843123006625552,0.6534758156392831,8.546976026983083,8.856465659189567,-0.1288543861823932,4.418967560715877
8.549827349630817,8.856093298323533,6.151262959421421,12.047691085187187,7.141895495881414,6.132855189966794,3.907150020417512
12.050554379306348,7.141466196294884,6.135923151542565,13.735153422420455,7.086516214747284,5.657321145722245,1.7378100424466818
13.736858204463028,7.085282150025082,5.654253184146473,14.282341708939164,1.5843260724238677,3.8165442002594756,5.782237773863589
14.281098659214441,1.5833309713559667,3.8134762386837036,8.184619878629007,3.2901311907722364,2.926835343285802,6.481327040765161
8.181649234927528,3.290771940171364,2.9299033048615746,6.635518067557528,3.361132072342372,3.3993014259545804,1.5535863652929993
6.632718673668967,3.3603859847337185,3.402369387530352,4.483313182422359,1.9734407128242801,3.6662140830466825,2.563668361255497
4.480661616244974,1.9719139310356886,3.663146121470911,1.4737591354715722,1.2829162999580013,2.337786720737717,3.310936764522758
1.4730936017685683,1.2836067523578503,2.334718759161946,4.2643199703620285,7.841422516405433,0.6565437772150549,7.416169945604682
