x1,y1,theta1,x2,y2,theta,length
4.265316410779517,7.842992734835663,0.65536212981318,8.548718726631606,8.856776044036197,6.1530467605416606,4.422199286966575
8.548718726631606,8.856776044036197,6.1530467605416606,12.048942568559859,7.141196015280853,6.134495352090787,3.910085808478117
12.048942568559859,7.141196015280853,6.134495352090787,13.737311246862266,7.08633022882269,5.65658904829533,1.7418386119097025
13.737311246862266,7.08633022882269,5.65658904829533,14.281755608798198,1.5821802685649642,3.8160122728285377,5.786259323975832
14.281755608798198,1.5821802685649642,3.8160122728285377,8.183255540214695,3.290639460069858,2.92844816643854,6.485026250607855
8.183255540214695,3.290639460069858,2.92844816643854,6.634805161396014,3.361462533782226,3.401680161410449,1.556079041731804
6.634805161396014,3.361462533782226,3.401680161410449,4.4823518038067816,1.9727590230344516,3.6643235832689522,2.567221063666934
4.4823518038067816,1.9727590230344516,3.6643235832689522,1.473321907559022,1.28127360043671,2.3379619216077874,3.31381632319393
1.473321907559022,1.28127360043671,2.3379619216077874,4.265316410779517,7.842992734835663,0.65536212981318,7.422312387955985
