x1,y1,theta1,x2,y2,theta,length
1.6228641605931748,4.598798901748619,1.3069516312785663,2.0510109976369453,7.244382589700266,1.0047574160650932,2.6828991435698795
2.0512725777182443,7.244792881426024,1.0032234352772096,5.068983797893456,9.268271634616285,0.30066023442558565,3.6372534663533447
5.069193188987217,9.268336475568832,0.2991262536377,7.934027222549649,9.296993194887511,-0.3758252930319822,2.8683674357479956
7.934500291188966,9.29680600347555,5.905826033359718,9.609943408067112,7.8016439072122585,6.263243556937072,2.2632623228867432
9.610314187886617,7.801636520416573,6.264777537724958,11.167792099074987,9.048487626620846,6.461127078574324,2.0159770562956716
11.168053038591879,9.048534492122092,0.17640779060684875,12.784931136297708,8.427155524372848,-0.85749526042807,1.7436279366909866
12.785065497959849,8.426999936905025,5.4241560659636265,13.03313005662236,7.232843652916172,4.269068532685739,1.2363132903330691
13.0329465457956,7.2324576690432965,4.267534551897853,9.403519298192926,5.285746458256115,4.462350111959325,4.154044001691277
9.403479472141727,5.2855895498058265,4.4638840927472145,10.911353472484503,2.9125978025294703,4.674039460687546,2.845397939947155
10.911342799148247,2.9123201686411955,4.672505479899662,8.83284184260536,0.4501040818882178,3.2014179043173323,3.2555263736312514
8.83251961183034,0.45008477997543594,3.1998839235294474,6.890487992960213,2.176889530207484,2.560213934981139,2.6196045038667686
6.89026555891814,2.177035336623319,2.561747915769021,4.709245558390517,3.030001391781266,3.5174179466217765,2.3601384438048347
4.70888159099378,3.029857630099834,3.5189519274096606,3.9504247300000532,1.5547570913002278,3.8456898352293027,1.6785610745484691
3.950272972937924,1.5546284364375171,3.844155854441417,3.318665371344888,1.3661304177873115,3.379359675712067,0.662431828871639
3.3183431672262036,1.3660527347251767,3.377825694924182,0.2689305225071504,0.8173064726804395,2.279495450798061,3.1454563253060353
0.2687818790624559,0.8174804121746112,2.277961470010177,1.6227825487757195,4.598497826052677,1.305417650490684,4.064062022487484
