x1,y1,theta1,x2,y2,theta,length
9.364116242435676,3.325699913254473,3.196619460554449,7.811153845929052,1.0478066576282992,3.5313821049835847,2.799863105217911
7.811153845929052,1.0478066576282992,3.5313821049835847,4.091483053439496,2.0194081570166422,2.1346025885697046,3.8726681358398496
4.091483053439496,2.0194081570166422,2.1346025885697046,4.6898366912041425,5.590060727819673,1.8539669419529614,3.6411228259137833
4.6898366912041425,5.590060727819673,1.8539669419529614,3.297987921117694,7.277782272138224,1.2888370548256,2.2313044292820554
3.297987921117694,7.277782272138224,1.2888370548256,9.127265212083463,8.884647425148417,0.4068234351742052,6.0900315039010655
9.127265212083463,8.884647425148417,0.4068234351742052,10.52462090167465,9.5669927242785,5.604994455836276,1.6197879253902798
10.52462090167465,9.5669927242785,5.604994455836276,9.850003754778708,7.162100800068444,4.805335751455905,2.56799657679647
9.850003754778708,7.162100800068444,4.805335751455905,9.872926188337283,7.07841306609219,5.154175447295755,0.08720992395996241
9.872926188337283,7.07841306609219,5.154175447295755,11.890018031041945,6.301303300714944,6.075413368164599,2.1807488045499333
11.890018031041945,6.301303300714944,6.075413368164599,14.338852280081522,5.996320138435199,5.2619959268305765,2.4986969416932596
14.338852280081522,5.996320138435199,5.2619959268305765,12.65096972386117,1.6304925188497978,4.150853538686326,4.712987092196201
12.65096972386117,1.6304925188497978,4.150853538686326,11.651914570052195,0.6507348311960561,3.1003769754298127,1.424032398804314
11.651914570052195,0.6507348311960561,3.1003769754298127,9.364116242435676,3.325699913254473,3.196619460554449,3.5782335596963097
