TIME,LB,UB,OPEN,GAP,TREE
0.02853083610534668,0.0,33.735875701449196,1,100.0,1
0.028570890426635742,31.72815743717843,33.735875701449196,1,5.951285456581518,1
0.1087489128112793,31.72815743717843,33.73587570144887,1,5.951285456580607,3
0.1485278606414795,31.72815743717843,33.73587570144887,2,5.951285456580607,4
0.3810899257659912,32.368730428411006,33.73587570144887,3,4.052496769719684,8
0.7165999412536621,32.49853497092422,33.73587570144887,3,3.667729693678915,13
1.192997932434082,32.49853497092422,33.73587570144887,5,3.667729693678915,19
1.763307809829712,32.49853497092422,33.73587570144887,5,3.667729693678915,26
2.490561008453369,32.49853497092422,33.73587570144887,6,3.667729693678915,34
2.709988832473755,32.49853497092422,33.73587570144887,6,3.667729693678915,34
2.9606568813323975,32.49853497092422,33.73587570144887,6,3.667729693678915,34
3.1108179092407227,32.59093054769899,33.73587570144887,6,3.393850403891273,34
3.638145923614502,32.81436882943037,33.73587570144887,6,2.7315338726450222,34
4.206728935241699,32.86089260934988,33.73587570144887,6,2.5936279225187215,34
4.5542168617248535,33.16336645764396,33.73587570144887,6,1.697033890186882,34
5.911559820175171,33.24830700815594,33.73587570144887,6,1.4452528151566215,34
7.4981608390808105,33.30422746371918,33.73587570144887,6,1.2794932064299465,34
7.5754430294036865,33.36519338339227,33.73587570144887,5,1.0987778154538377,34
7.731981992721558,33.4073524902091,33.73587570144887,4,0.9738096445074942,34
11.481655836105347,33.485136827278765,33.73587570144887,4,0.7432410422336686,34
12.358641862869263,33.528883687278174,33.73587570144887,4,0.6135664477854497,34
16.454973936080933,33.5470649348797,33.73587570144887,4,0.5596735304578451,34
28.1103458404541,33.60890108074869,33.73587570144887,4,0.37637861196746225,34
61.60504388809204,33.6721662620551,33.73587570144887,4,0.18884774166698912,34
74.89418601989746,33.6734351656288,33.73587570144887,3,0.1850864532838686,34
201.78782200813293,33.70390662423698,33.735875701446076,2,0.09476284976864428,34
201.78792881965637,33.70390662423698,33.735875701446076,3,0.09476284976864428,34
205.69579601287842,33.719292406307474,33.735875701446076,2,0.04915626108348331,34
735.346971988678,33.7198728544551,33.73587570144606,1,0.047435694666964935,34
735.3470618724823,33.7198728544551,33.73587570144606,2,0.047435694666964935,34
3069.0159130096436,33.72786626739966,33.73587570144606,2,0.023741592236352617,34
