x1,y1,theta1,x2,y2,theta,length
4.038980487164763,1.1947600126826623,3.124718864923051,0.22968958044890994,0.7551412741215278,2.190524565100696,3.884754639190934
0.2295892006607878,0.7552820678453234,2.1889905843128092,1.9854533541729473,4.3572856495945835,0.7225049510941393,4.059824460352889
1.985722262255267,4.357522191635865,0.7209709703062513,9.677118327092506,7.233128262964551,0.3557745591250262,8.213374624738027
9.677477806598747,7.233261840739106,0.3557749699837231,12.78670393822574,8.303146427976412,-0.46786414030512,3.3096793054750684
12.786936215114757,8.30302880707922,5.81378718608658,13.12663545012453,7.184456069311122,4.282874359776709,1.205727760434155
13.12651391504663,7.184191248085549,4.281340378988824,12.206805207173769,6.679313057829779,3.89477722044164,1.0623812140569404
12.206539910123345,6.679063989477918,3.896311201229529,8.918400956897694,0.6264476171102145,4.244524840079573,6.889458310941812
8.918228237211462,0.6261053925343129,4.246058820867455,8.737821406347512,0.36539387863314116,3.6140587362585697,0.3243557409357365
8.737551485877106,0.3652558486597614,3.6125247554706847,4.039358460875447,1.1947534344949504,3.1231848841351666,4.782312869229662
