x1,y1,theta1,x2,y2,theta,length
4.039219914697857,1.1947880235792692,3.1241514465308486,0.22944492900841085,0.7551897654218713,2.1901376655215214,3.885285186233025
0.22944492900841085,0.7551897654218713,2.1901376655215214,1.9854850489050524,4.357404735236896,0.7214311291035669,4.0602684527199155
1.9854850489050524,4.357404735236896,0.7214311291035669,9.675296777048956,7.232588649387777,0.3558003366019118,8.211750056396442
9.675296777048956,7.232588649387777,0.3558003366019118,12.786864922027963,8.303222630567323,5.814470120364634,3.3122039260440843
12.786864922027963,8.303222630567323,5.814470120364634,13.126692740335383,7.18428219124985,4.282061275488997,1.2062201850199363
13.126692740335383,7.18428219124985,4.282061275488997,12.206599230744231,6.679202592626703,3.895368885203375,1.0628658035010121
12.206599230744231,6.679202592626703,3.895368885203375,8.918246346910486,0.6261532003836465,4.244728437786214,6.889952997844331
8.918246346910486,0.6261532003836465,4.244728437786214,8.737585123754076,0.365141367734568,3.613986703521562,0.3247396333535878
8.737585123754076,0.365141367734568,3.613986703521562,4.039219914697857,1.1947880235792692,3.1241514465308486,4.7825894603337264
