x1,y1,theta1,x2,y2,theta,length
12.616980161168554,1.5833845547420942,1.227184630308513,11.991052496719604,6.004979705157423,0.8805049722463583,4.494906004472988
11.991283452199623,6.005258029124179,0.8774370106705867,14.378858009804084,6.260650749745159,1.0645826667926364,2.462491422580478
14.37903236529378,6.260966101244096,1.0676506283684062,13.444620341288669,8.033455527283314,2.3991459522531415,2.0464821289123396
13.443873598442124,8.034140177351512,2.402213913828914,10.654587834653498,9.392864202942109,3.058757691043968,3.1057026068345714
10.653524774650512,9.39295161094228,3.06182565261974,9.187669792560163,8.892154255177346,4.230719012988599,1.5705391733034642
9.18732825836743,8.891501084353184,4.233786974564369,9.755242963880036,6.893858590691653,4.8166996739609145,2.0958693673108666
9.755295358741348,6.89334659562015,4.813631712385142,9.28125368560649,3.6636948408715146,3.592583005228171,3.303337271132081
9.281007757263156,3.6635758954168067,3.5895150436524004,7.515144610639639,4.629003533792869,2.58350801091633,2.049511053569768
7.5143873183935135,4.629476259359148,2.583584511894268,3.0538761915555335,7.231803232952665,3.761320891895592,5.225327247325162
3.0537041967474576,7.231679999168791,3.764388853471363,4.129937190092766,2.124551480383381,5.4763114127517385,5.287788942881386
4.130556493100932,2.1239067056902203,5.47937937432751,7.9536033618232675,1.026881746386434,6.092971689481765,3.9834232883197345
7.954285059535679,1.0267522211556896,6.096039651057538,11.569405957042084,0.666731759288098,6.58384554160517,3.6357256255609287
11.570066523307093,0.6669381327678774,0.3037281960013569,12.616733697372313,1.5827024394347289,1.2241166687327412,1.3990374150936076
