x1,y1,theta1,x2,y2,theta,length
5.121310307921167,7.991698812727184,0.0337475773334841,6.237879783858766,8.135792963755005,-0.003067961575771827,1.1264439394629375
6.240913725569774,8.135775309160984,6.277049384028044,8.628131383138598,7.775638966386649,6.175806652027593,2.4147637246744735
8.631178785556257,7.775319936890468,6.178874613603363,10.057228158949682,7.697170679789804,-0.05385541055990689,1.428209943666873
10.060291677296892,7.697005645940947,-0.0537819279578903,14.619885013152366,6.733532427213495,4.945554060143308,4.929529994295456
14.620086289575918,6.732686485856772,4.942486098567537,12.437017875743118,4.695555703282671,3.4054373491061254,3.2321331652775824
12.434153437182784,4.694783052771146,3.402369387530352,9.594385636394534,4.643987470251033,3.2029518851052194,2.842797107101306
9.59132851665594,4.643796482894829,3.2060198466809897,6.793581798352325,3.7507370651386838,4.371845245474077,3.099008812176317
6.7931119283016494,3.7494400521594144,4.374913207049848,7.1856410613019115,1.4572185717052164,4.154019973594316,2.489382992163769
7.1852965765287555,1.4567352794228978,4.150952012018545,6.6896295087103494,1.0526969453988748,3.5000434014695747,0.6509086105489699
6.686781257132367,1.0538280802441657,3.4974761963792615,4.69459996638595,1.5215851467932482,2.6046993778298186,2.0902619910984215
4.692018034963685,1.5231201825450558,2.6016314162540475,4.020190674141672,2.0516328902719816,2.6967382251029566,0.8580912964253965
4.017540883246588,2.0528872604228923,2.699806186678728,2.0082951998450147,2.6578370857155234,2.2488158350403493,2.1476776135854365
2.0068882713945673,2.6595855815712155,2.2457478734645786,1.8711666483176879,4.675874321934108,1.672039058795349,2.069713292156186
1.8708590057052532,4.678879886374311,1.6751070203711202,1.4304545323424922,7.856946792612283,0.8835729338221288,3.3208315989742907
1.4315643126271156,7.8582967572754026,0.880504972246358,5.118263188671153,7.991605681052911,0.030679615757712053,3.8055096686569203
