x1,y1,theta1,x2,y2,theta,length
1.388006598887612,8.312909232413737,0.47860200582032003,7.833420476877024,8.420231280412423,0.23009711818284617,6.455576116591007
7.834875733583846,8.420574491674728,0.23316507975861744,9.580021717249908,9.09186592229544,-0.35281558121369816,1.9060323229298652
9.581014709449262,9.091500499058746,5.927301764390117,11.287442023897292,5.738373808698447,5.694136684631501,3.8128172677697894
11.288513678401138,5.737661513033804,5.697204646207272,14.256700862925278,5.321015770895027,5.105088062083414,3.1119131913816194
14.256930446403832,5.320460057538112,5.102020100507643,10.721612376988729,1.6321988944607277,2.908427573831176,5.3177865542338925
10.720841768064753,1.6323822756291166,2.9053596122554044,10.029561628598259,2.969393395107769,2.0923497946760143,1.5699871998894612
10.028810865693298,2.9706901439218765,2.095417756251786,9.507542239117978,3.4902201225749034,2.742757648739526,0.7426266901508543
9.506258323035064,3.4907561741151762,2.745825610315298,3.830467007920072,3.3628080660656363,2.739689687163753,5.690321523357149
3.8291918623141155,3.363352012563429,2.736621725587984,2.1621468659144827,5.172169827096127,2.2960148875886506,2.466445412880777
2.1611295015440337,5.173317897182214,2.2958002962106887,0.5940287702821292,7.105027647635045,1.6260196351587801,2.5095665457684655
0.5939652791129519,7.106226344012474,1.6229516735830085,1.3867944942029629,8.312279855607086,0.48166996739609236,1.4754932097156557
