x1,y1,theta1,x2,y2,theta,length
1.38682941622959,8.312690411147281,0.47921052877735326,7.8342340512674395,8.420247643593967,0.23153505619803616,6.457619718812687
7.8342340512674395,8.420247643593967,0.23153505619803616,9.58131964549521,9.091978638604695,5.930135012003909,1.9080237793940948
9.58131964549521,9.091978638604695,5.930135012003909,11.287496926045536,5.737836905624091,5.696270159315501,3.8142589340874173
11.287496926045536,5.737836905624091,5.696270159315501,14.257574292864845,5.320747803185072,5.104115246656574,3.1141789590764235
14.257574292864845,5.320747803185072,5.104115246656574,10.720860829378605,1.6317033806313699,2.907333815129651,5.320223596286926
10.720860829378605,1.6317033806313699,2.907333815129651,10.028714561749808,2.9711827839321407,2.094503837712577,1.5731029870751458
10.028714561749808,2.9711827839321407,2.094503837712577,9.507588959977136,3.490549214531553,2.7455160692442964,0.7425475444663552
9.507588959977136,3.490549214531553,2.7455160692442964,3.8296036207562416,3.3628200578109944,2.7383692558444364,5.69258308305086
3.8296036207562416,3.3628200578109944,2.7383692558444364,2.1618145577139876,5.172044270873109,2.2959813156039397,2.467326860039849
2.1618145577139876,5.172044270873109,2.2959813156039397,0.5935311209143318,7.105407846635178,1.6240969749418237,2.5117970224400366
0.5935311209143318,7.105407846635178,1.6240969749418237,1.38682941622959,8.312690411147281,0.47921052877735326,1.4770249670416602
