x1,y1,theta1,x2,y2,theta,length
11.275395943142412,0.9043659800410976,3.236699462438703,10.136633032383681,1.026639505678487,3.089437306801681,1.1469817513146587
10.134867889636949,1.0267314406670522,3.0925052683774528,8.123927306803951,1.3043315320017395,2.331650797586174,2.097130945538603
8.122318865450517,1.3060204115508587,2.3285828360104035,7.917235252297228,3.541710693062666,1.8039614065535141,2.3118725567982734
7.917433197542632,3.5437315683657276,1.8052599802557925,7.816389198222927,3.801636704308489,2.0831459099487013,0.2778859296929088
7.814901136837038,3.804365555545631,2.086213871524472,5.234165621616412,5.098925148105381,3.2305635392871603,2.948942031435874
5.23196903575752,5.0987239350394535,3.2336315008629315,3.654747202967192,4.271275388564085,3.2673790781964156,1.808612039784887
3.651261741325581,4.2708435507260525,3.264311116620645,1.3941335416912695,5.27435420084663,2.110757564130642,2.534301993810395
1.3927501825064537,5.2766698760154425,2.107689602554871,1.7622209877775052,8.236320546773834,0.7301748550335649,3.08982905879005
1.7632843406322554,8.237266936942248,0.7271068934577939,9.872527102924318,8.331652804397045,-0.3742913122440945,8.180879979693382
9.876390971590176,8.330132263769165,5.905826033359718,11.313252066420597,6.894133297824135,4.970097752749479,2.068112811877894
11.313770943966006,6.892144791913987,4.967029791173706,11.571310777801122,4.706527029393315,5.734020185116528,2.392536917005159
11.571793300998669,4.706217755253767,5.737088146692298,11.803876062620034,4.602927064462705,5.9918064560099245,0.2547183093176262
11.805391146863883,4.604412006487331,5.994796919057085,13.633916498190645,5.545952949479264,6.593049426332485,2.1712671486799104
13.635735786469915,5.546764992765436,0.30679615757712825,14.50611892588155,5.416313801580689,-0.6043884304269418,0.9113029339822809
14.507544600375775,5.4149057668710165,5.675728915176872,14.6876093262054,2.2178189157807324,4.077320934200035,3.3819833080272987
14.686711260189698,2.216607306238781,4.074252972624263,11.277386628545862,0.9045589192309123,3.2397674240144747,3.6884500114896555
