x1,y1,theta1,x2,y2,theta,length
9.497852802755915,3.3594901310941285,2.969786805346601,7.66291807694064,2.5444844512874067,3.3379421944391563,2.028417241117698
7.661473451833421,2.544200247803228,3.3348742328633842,4.844221475489394,2.985293769283816,2.1107575641306426,2.9137739198285937
4.843760489665535,2.986067551727049,2.107689602554871,7.432872656622927,9.002178971810181,0.21475731030398815,6.6847036011284295
7.433743487322337,9.002368155450334,0.21168934872821848,9.582336122253318,7.380207763706408,-0.36508742751678347,2.7534875455403167
9.583670994084878,7.37970238528955,5.921165841238574,12.938800882968145,7.074287248665471,5.105088062083414,3.486401062044272
12.939016017503798,7.073764608496108,5.102020100507643,12.218066407120661,5.888273739965505,4.295146206079793,1.4784585514864057
12.217490718072598,5.8869743911484775,4.298214167655566,11.7360960407916,1.551967787406133,3.5005441579550327,4.480457299263623
11.735550513568162,1.5517634674789662,3.4974761963792615,9.499055186811145,3.3592811662440365,2.9667188437708303,2.995692510568599
