x1,y1,theta1,x2,y2,theta,length
9.498937464148947,3.359772314970139,2.9690730197324497,7.662351868597593,2.544154306598573,3.3361747255246446,2.030272804985122
7.662351868597593,2.544154306598573,3.3361747255246446,4.843676174564005,2.9849977631075717,2.108372511332394,2.915686576149824
4.843676174564005,2.9849977631075717,2.108372511332394,7.43338337152947,9.002928067911078,0.21364849482314968,6.686982797745053
7.43338337152947,9.002928067911078,0.21364849482314968,9.583596366605681,7.379431371944516,5.921220387216278,2.7561030059506524
9.583596366605681,7.379431371944516,5.921220387216278,12.939478012179672,7.074513667775434,5.103085556863026,3.487788992819282
12.939478012179672,7.074513667775434,5.103085556863026,12.217254988162688,5.887152427800907,4.295393896812736,1.4810191784390816
12.217254988162688,5.887152427800907,4.295393896812736,11.735812577559908,1.5511047800511937,3.4995644340240406,4.481906159731992
11.735812577559908,1.5511047800511937,3.4995644340240406,9.498937464148947,3.359772314970139,2.9690730197324497,2.9976806002434566
