x1,y1,theta1,x2,y2,theta,length
6.679623162775061,1.6934099342203524,0.14726215563702155,14.483893845438713,6.638672542484879,1.7640779060684855,9.537886968227584
14.483806230789115,6.63912009215721,1.765611886856373,3.2171654800580542,8.128048875817278,4.011359760320951,11.82348651382927
3.216613601586768,8.127394449186268,4.012893741108838,3.4820641269169923,5.5543468941289325,4.847379289718626,2.695989599280455
3.482268626278914,5.552842417099864,4.84584530893074,3.488671974987411,5.059160545296664,4.7307967498393175,0.49408919999086254
3.4887015376780965,5.057627418421466,4.732330730627203,3.821292273478552,2.429950157000727,5.41955412359997,2.687322913222715
3.8220795128790086,2.429031008239704,5.421088104387856,6.678196722881681,1.6931984568319085,6.4289134820287215,2.999544283755159
