x1,y1,theta1,x2,y2,theta,length
6.678330741877935,1.6929544471273275,0.1471201467994631,14.484446099361197,6.63966042245246,1.7642094280398235,9.540296882485897
14.484446099361197,6.63966042245246,1.7642094280398235,3.216369996657131,8.128092340015902,4.012075071438472,11.826160222261025
3.216369996657131,8.128092340015902,4.012075071438472,3.482360559406023,5.552973084027191,4.847254391853338,2.6984926989146447
3.482360559406023,5.552973084027191,4.847254391853338,3.4886750550719334,5.057924524864374,4.731094621566541,0.495470985736418
3.4886750550719334,5.057924524864374,4.731094621566541,3.821265346467692,2.4292575643386893,5.420417491377249,2.688493940259108
3.821265346467692,2.4292575643386893,5.420417491377249,6.678330741877935,1.6929544471273275,0.1471201467994631,3.000791883128316
