x1,y1,theta1,x2,y2,theta,length
12.835025312533672,2.0034185193109044,3.8288160465625602,4.563046014564186,2.2996625323589592,2.6507188014663883,8.355730502998016
4.561975482917316,2.300409668097258,2.6016314162540475,2.667992815116893,7.013429520494114,1.1535535524900022,5.20766680204587
2.6683780710466536,7.0144682446338855,1.1290098598838318,5.142973618016418,8.417413735078332,0.17180584824319167,2.8930401142475137
5.144408312107334,8.41756494714902,0.14726215563702155,12.555927500476416,6.476495605777872,-0.8590292412159586,7.708890262195673
12.556765887756821,6.475550691562628,5.399612373357456,12.836369420339645,2.0048544178921155,3.8779034317749006,4.64042760469313
