x1,y1,theta1,x2,y2,theta,length
12.764366892926484,1.9373174472222856,3.9312797541738487,4.61893856356651,2.262651291923837,2.528550242877674,8.276709529348782
4.61893856356651,2.262651291923837,2.528550242877674,2.6911774816528373,7.069670702169929,1.2008243417173774,5.280740121357725
2.6911774816528373,7.069670702169929,1.2008243417173774,5.115408495890085,8.414779788539956,0.09047195675350857,2.844915730236435
5.115408495890085,8.414779788539956,0.09047195675350857,12.589714477670427,6.434993498101058,5.413407605088794,7.777478177657743
12.589714477670427,6.434993498101058,5.413407605088794,12.764366892926484,1.9373174472222856,3.9312797541738487,4.639035178958994
