x1,y1,theta1,x2,y2,theta,length
15.809095082595935,9.8229001818157,2.466641106920111,12.619888176184888,8.274630645674831,3.8717675086233623,3.6047322199979654
12.619646729056118,8.274414112500397,3.8733014894112445,9.687493911787694,4.023575014949524,3.914718970684161,5.164881996637348
9.687344867417659,4.023429688147188,3.913184989896271,7.359843634547393,2.5269372337478884,3.333340252075499,2.7697123179991747
7.35959689239417,2.5268895716890407,3.331806271287613,4.4248552703350885,2.894753249367945,4.269068532685736,3.0410527008496078
4.424825946178272,2.89469124577885,4.270602513473625,6.141812387417514,1.251938458029932,5.907360014147601,2.4594867172385237
6.1422873454432265,1.251751262355681,5.9088939949354895,8.594465809153798,1.0872046445056767,6.18040859439125,2.458927912875303
8.59498110728117,1.0871513192567963,6.178874613603363,13.29184625254809,0.46802024075516374,6.859962083424585,4.752304026202291
13.292111852421463,0.4681932055201122,0.5783107570328867,15.809199782300158,9.822816374949431,2.4651071261322315,9.763877581751693
