x1,y1,theta1,x2,y2,theta,length
15.809361484232523,9.82288829308522,2.466539396309253,12.61975552004218,8.27456447774335,3.8726227744033315,3.605130941530434
12.61975552004218,8.27456447774335,3.8726227744033315,9.68739204245672,4.023446823637117,3.9143735547489107,5.165237308966741
9.68739204245672,4.023446823637117,3.9143735547489107,7.359766465523685,2.5268704535869326,3.3323627076653835,2.7698858822185395
7.359766465523685,2.5268704535869326,3.3323627076653835,4.424657787528295,2.8946534149920433,4.270601550464742,3.0416966347526793
4.424657787528295,2.8946534149920433,4.270601550464742,6.14212384289564,1.251726911075699,5.907806214602458,2.4599730023291935
6.14212384289564,1.251726911075699,5.907806214602458,8.594874930381534,1.0871728901870685,6.180088891267826,2.459513164118253
8.594874930381534,1.0871728901870685,6.180088891267826,13.292130005082868,0.4680387756292602,0.5772188997827054,4.752718115633412
13.292130005082868,0.4680387756292602,0.5772188997827054,15.809361484232523,9.82288829308522,2.466539396309253,9.764419518329408
