x1,y1,theta1,x2,y2,theta,length
15.793366971642458,9.800838125206601,2.472777030071654,12.639552834204427,8.248713987527905,3.8610296431081568,3.5744335204254485
12.639271608882702,8.24846722631123,3.862563623896045,9.610748141035094,4.1046686143034155,3.9085830475326127,5.133203521920132
9.61047605816441,4.104406768029367,3.9070490667447277,7.339984346008469,2.597602848978428,3.35788394468167,2.727356111394192
7.33963584780533,2.5975268096345,3.3563499638937833,4.484519526955373,2.8636424372658955,4.259864647958426,2.943413603086568
4.484471515526773,2.8635435427814393,4.261398628746312,6.102797328464943,1.1599581355486406,5.918097879662802,2.426792505289338
6.103130309008368,1.159830970775194,5.919631860450688,8.610121130980808,1.1741273107397403,6.206486267785308,2.509203867812807
8.610501941372652,1.1740979440458683,6.204952286997419,10.78878555967399,0.8078532341268415,-0.1670223753699329,2.2088871711911255
10.789163719429318,0.8077894866825523,-0.1669830382512247,13.307875912575227,0.4483708868947047,6.849224217909384,2.5593928208210484
13.30811592135315,0.44852387750192035,0.5675728915176872,15.793484423192352,9.800744999918916,2.4712430492837694,9.754700124121586
