x1,y1,theta1,x2,y2,theta,length
15.793392606798612,9.801042844395646,2.471281784272957,12.639401315299736,8.248636949965102,3.861885760687467,3.5749565440869384
12.639401315299736,8.248636949965102,3.861885760687467,9.610627826358972,4.104506502076896,3.9078582247647304,5.133625834068066
9.610627826358972,4.104506502076896,3.9078582247647304,7.339991204055866,2.5975324070524284,3.3564368768423813,2.7275995304332348
7.339991204055866,2.5975324070524284,3.3564368768423813,4.4843134695311475,2.8636384405495106,4.2604770895890605,2.944076897143411
4.4843134695311475,2.8636384405495106,4.2604770895890605,6.1030300143158644,1.1597936495454764,5.9184734366220875,2.427426618858892
6.1030300143158644,1.1597936495454764,5.9184734366220875,8.610437208785886,1.1741201269800174,6.206218337011647,2.509641236163165
8.610437208785886,1.1741201269800174,6.206218337011647,10.788693671975652,0.8077682839766919,6.116097041974747,2.208879473543325
10.788693671975652,0.8077682839766919,6.116097041974747,13.30793002495338,0.4482531400370729,0.5674458605621108,2.5600162562568887
13.30793002495338,0.4482531400370729,0.5674458605621108,15.793392606798612,9.801042844395646,2.471281784272957,9.755287359072195
