x1,y1,theta1,x2,y2,theta,length
13.992961764387122,4.742624869843736,-2.3301396490865303,10.652707648017316,1.3910560272555745,2.9513790358919745,4.770259885415026
10.652303348926923,1.3911347986582554,2.948311074316202,9.557620544649913,3.746426829761171,2.531068300011307,2.6407031025734145
9.557096862055149,3.746792333742338,2.5341362615870793,2.9431740937294553,3.9631319872509345,2.6537867630421617,6.629466721845202
2.9425699141420933,3.963454142476993,2.650718801466388,1.4341696776114938,6.052758305126758,2.3592624517681164,2.581134775745581
1.4336326396956525,6.053288781964121,2.362330413343887,0.33580548657364373,7.012984490651605,1.3100195928543372,1.5203411663150037
0.33587169434352493,7.0132294894862826,1.3069516312785663,6.097825853841602,7.604145866797105,0.06749515466696931,5.862244468988011
6.098591202828559,7.604195595681417,0.06442719309119693,7.883018516371868,7.692320330839797,-0.2638446955163302,1.787919062363023
7.883720309746894,7.692128979377859,6.016272650087483,11.12779178549957,5.542383566625465,5.792311455056182,3.893106551191094
11.128465681849564,5.542025479937921,5.7953794166319526,11.960496356079503,5.21914097660051,6.267845499300726,0.8945261229911432
11.961210171131203,5.219131198840475,6.270913460876502,15.082637041979098,6.170410347506618,5.298369641357006,3.3511402028273674
15.082731691568997,6.170267675641104,5.295301679781233,13.993489958224444,4.743181003840715,3.95245909941612,1.8769973029457225
