x1,y1,theta1,x2,y2,theta,length
5.907023888716261,2.472462143234419,0.26941194089616444,8.41347758659894,3.048263397895358,-0.20862138715244827,2.587297260325427
8.417375755183805,3.047425945172842,6.071495958451367,11.44088239474292,1.2202187807207956,6.531690194817061,3.6448205874336472
11.442298067923446,1.2205826843539824,0.2515728492132452,13.745609559122899,6.139408832443722,1.576932249946439,5.563987386535653
13.745594345481043,6.141797490177099,1.5800002115222105,12.621194017089907,8.514497555550063,2.6261751088602168,2.6791782291941395
12.618608906848715,8.515954760959296,2.629243070435989,10.982786397324498,8.47363764046921,3.3655538486210967,1.6712433912554718
10.978831878630633,8.472731068516522,3.368621810196868,9.551870490227554,8.02619342550538,3.6140587362585714,1.496128805038254
9.549903879444303,8.025184854168815,3.617126697834342,7.137706251554675,6.304272390728863,3.380893656499953,2.974131847629666
7.134081820503732,6.3033875017556245,3.377825694924182,5.323128987472557,6.548524450849944,2.8255926112853516,1.8379336443482384
5.320526081972688,6.549377084509765,2.82252464970958,2.4720172720907914,7.444713369771795,3.669282044622454,3.1032981172518364
2.4699187751029763,7.443480897376762,3.672350006198225,1.8357102469016704,3.814752110953768,4.662136368068126,3.8098827371832185
1.8355814689784233,3.812173473934687,-1.6203414164170697,2.151712961367518,1.8667838845615645,5.605165798934133,2.060742584641954
2.1536891421670528,1.8652006433344996,5.608233760509904,5.904598883598672,2.4717924977044157,0.26944309825716645,3.911298215561676
