x1,y1,theta1,x2,y2,theta,length
5.904605982411493,2.4736213513645913,0.26981672753135544,8.41326083370621,3.0493708426113226,6.071367237577196,2.589766101327908
8.41326083370621,3.0493708426113226,6.071367237577196,11.440925149388164,1.2191892115130587,0.25120323879677176,3.651018026714479
11.440925149388164,1.2191892115130587,0.25120323879677176,13.746071728806674,6.14176396302651,1.5770860263910405,5.568311604003986
13.746071728806674,6.14176396302651,1.5770860263910405,12.621085080376051,8.515905978005655,2.6282746288872,2.681394892654847
12.621085080376051,8.515905978005655,2.6282746288872,10.980609155465805,8.473280361749056,3.3669561816914,1.6761002377892136
10.980609155465805,8.473280361749056,3.3669561816914,9.550676596971288,8.02580576285895,3.6154095992872857,1.4992694351667903
9.550676596971288,8.02580576285895,3.6154095992872857,7.134666482795285,6.302689598507326,3.3804610572449643,2.9785625907292475
7.134666482795285,6.302689598507326,3.3804610572449643,5.321592560367168,6.548823128510193,2.824262531475516,1.8404306012302987
5.321592560367168,6.548823128510193,2.824262531475516,2.4680759736381392,7.444543249195043,3.672314029564298,3.109338372408133
2.4680759736381392,7.444543249195043,3.672314029564298,1.8333183503887978,3.811032773315197,4.662042920521148,3.8147022165266913
1.8333183503887978,3.811032773315197,4.662042920521148,2.1506221264335834,1.8654166067963782,5.607595472814848,2.061914732612557
2.1506221264335834,1.8654166067963782,5.607595472814848,5.904605982411493,2.4736213513645913,0.26981672753135544,3.9149552884118397
