x1,y1,theta1,x2,y2,theta,length
6.7613852757723745,1.1998493509337098,0.12885438618239387,10.797122155088122,3.438430258509608,0.6151262959421444,4.6197007365952505
10.797745134371015,3.4388708303520263,0.6166602767300278,11.853981226312726,4.35547726459572,0.6534758156392845,1.398601903377538
11.854589207698117,4.355942235125228,0.6519418348513975,13.41505103414286,5.398467080121151,0.5675728915176871,1.876694181691806
13.415698027054196,5.3988786515683636,0.5660389107298016,14.975610269439969,6.731494716532852,1.771747810007914,2.1674521919250243
14.975558581142096,6.731747209869677,1.7732817907958012,2.8684824596291234,8.495668485256104,4.124874338624494,12.488839048755228
2.868299039737177,8.495392836016713,4.126408319412375,3.9854861608343715,5.798432284995396,4.491495746929158,3.034907824934589
3.985363479151456,5.797889917111238,4.489961766141271,2.949177819052716,4.84349489606548,4.307418052382881,1.442962199058611
2.9489258109272836,4.842904380398938,4.308952033170766,3.429182411638221,2.11819065832402,5.456369662509226,2.7976788602921934
3.4296202990856455,2.1177156993843007,5.4579036432971115,6.760680365907103,1.1997582174573866,6.410505712574094,3.474728576988713
