x1,y1,theta1,x2,y2,theta,length
6.7608247454385175,1.1996317809101593,0.12854413535464398,10.797588039107968,3.4387122478477594,0.6155695696890646,4.620852654916921
10.797588039107968,3.4387122478477594,0.6155695696890646,11.854353199170749,4.355792608033627,0.6529175811240117,1.399315499928367
11.854353199170749,4.355792608033627,0.6529175811240117,13.415206751171482,5.398575924297609,0.5664186076516108,1.877164620026051
13.415206751171482,5.398575924297609,0.5664186076516108,14.975945173821065,6.731658976309002,1.7725849606080282,2.1686785952473455
14.975945173821065,6.731658976309002,1.7725849606080282,2.8680517503092102,8.495645322864577,4.125456659461357,12.490054111242657
2.8680517503092102,8.495645322864577,4.125456659461357,3.985604163634997,5.797758050040286,4.489902239011384,3.0363799063097305
3.985604163634997,5.797758050040286,4.489902239011384,2.948681018386523,4.842864621846987,4.308811517882564,1.4439573454257197
2.948681018386523,4.842864621846987,4.308811517882564,3.4292321635362626,2.1178319313629834,5.457187761749652,2.7981202339520643
3.4292321635362626,2.1178319313629834,5.457187761749652,6.7608247454385175,1.1996317809101593,0.12854413535464398,3.4754063436144755
