TIME,LB,UB,OPEN,GAP,TREE
0.028330087661743164,0.0,29.839787821319778,1,100.0,1
0.02837395668029785,27.527581210492478,29.839787821319778,1,7.7487367694192715,1
0.07837200164794922,27.527581210492478,29.839787804753577,1,7.748736718203997,1
0.07841205596923828,27.527581210492478,29.839787804753577,2,7.748736718203997,1
0.23351001739501953,28.270460657050883,29.839787804753577,2,5.259176633463509,1
0.7254440784454346,29.033627590111095,29.839787804753577,2,2.7016285099522652,1
2.2319350242614746,29.41154202797577,29.839787804753577,2,1.435150208104315,1
7.21340012550354,29.62182896867753,29.839787804744866,1,0.7304302480082575,1
7.2134411334991455,29.62182896867753,29.839787804744866,2,0.7304302480082575,1
24.274471044540405,29.729199520848702,29.839787804736627,1,0.37060680394774914,1
24.274513959884644,29.729199520848702,29.839787804736627,2,0.37060680394774914,1
49.727055072784424,29.781700618914588,29.839787804736627,3,0.19466353515026874,4
58.33746004104614,29.781700618914588,29.839787804736627,3,0.19466353515026874,4
66.35080313682556,29.781700618914588,29.839787804736627,3,0.19466353515026874,4
76.089359998703,29.781700618914588,29.839787804736627,3,0.19466353515026874,4
85.40005898475647,29.781700618914588,29.839787804736627,3,0.19466353515026874,4
97.20736193656921,29.781700618914588,29.839787804736627,3,0.19466353515026874,4
108.57036995887756,29.781700618914588,29.839787804736627,3,0.19466353515026874,4
121.47851610183716,29.781700618914588,29.839787804736627,3,0.19466353515026874,4
138.79118514060974,29.781700618914588,29.839787804736627,3,0.19466353515026874,4
160.28303599357605,29.781700618914588,29.839787804736627,3,0.19466353515026874,4
247.65822792053223,29.781700618914588,29.839787804736627,3,0.19466353515026874,4
745.3336589336395,29.805090392696805,29.839787804736627,3,0.11627901735385175,4
3334.7649219036102,29.822015346475546,29.83978780473553,2,0.0595596000088284,4
3334.7650079727173,29.822015346475546,29.83978780473553,3,0.0595596000088284,4
3350.4099700450897,29.826573601685784,29.83978780473553,2,0.04428383719152469,4
