x1,y1,theta1,x2,y2,theta,length
3.214485568050924,8.975156343936264,4.061981126321179,7.066769609303895,1.6746365798518092,5.9886609959055415,8.569423478022959
7.067810201788185,1.6743744667525544,5.994796919057085,12.893605903239983,4.852529514530595,6.832458677772906,6.722638230304653
12.894914153818885,4.853330499543391,0.5494925790382413,14.493353821739621,6.592555557611503,1.761009944492716,2.5468178021074737
14.493159644015025,6.593666636344817,1.7671458676442586,3.2148503150363905,8.975663902518253,4.049709280018092,11.992009224679888
