x1,y1,theta1,x2,y2,theta,length
3.174857183426322,8.916252581395282,4.09417890778829,7.066932517443167,1.6740301272177027,6.038746195473455,8.533951794181007
7.066932517443167,1.6740301272177027,6.038746195473455,12.817501762902845,4.8762989169043784,0.5540255546702537,6.657302121655181
12.817501762902845,4.8762989169043784,0.5540255546702537,14.48200155887483,6.652591927610556,1.7510490669162895,2.616114391536308
14.48200155887483,6.652591927610556,1.7510490669162895,3.174857183426322,8.916252581395282,4.09417890778829,12.032419497363035
