x1,y1,theta1,x2,y2,theta,length
5.951723576879451,2.396312880882487,5.853670686571606,6.978516006375656,1.364430210519671,5.792311455056181,1.4757634762452017
6.988210904847451,1.3594308088875298,5.804583301359266,8.500750331362404,1.246950535356389,6.295457153482671,1.5306030477164543
8.513019077413247,1.247141971422502,0.02454369260617026,9.122495822497713,1.4518990781399772,0.650407854063511,0.6543851458981788
9.130737245057945,1.457853874958487,0.662679700366597,9.89643242110403,2.4171592485071978,0.5154175447295755,1.2492839504137883
9.904406769657141,2.421121008125927,0.5031456984264904,10.865796476284244,2.4393037571213414,-0.3926990816987246,0.9968117754639753
10.87707857545552,2.434620141525975,5.878214379177777,13.068967011298392,1.684544970070147,6.675884388878311,2.39732619741607
13.075707022108931,1.68765320595414,0.4049709280018093,13.678874766427315,2.5176895357147067,1.4726215563702154,1.0768058252579211
13.679694614729044,2.529796100664782,1.4848934026733005,13.3492648867789,6.686090528412659,1.718058482431918,4.170227870857584
13.347468453766751,6.698203883479474,1.7303303287350031,13.115188202994442,7.491208156343129,2.1353012567368124,0.8314051176594314
13.109035812226606,7.5009521918584685,2.1475731030398975,10.538695245647219,8.892565287461716,3.5588354278946888,3.0865441808659493
10.533305501944588,8.89019817311822,3.571107274197773,9.148724140421537,6.3225697420374125,3.411573272257667,3.1398196539218945
9.154320736302209,6.316118112900149,3.399301425954581,9.154320736302209,6.316118112900149,3.399301425954581,0.0
9.142950161391871,6.331758161061575,3.3870295796514958,7.847463067810246,7.070968869439291,2.168318418676289,1.6200201781306776
7.840553592886327,7.081110636287293,2.1693894485482854,6.668851337752616,8.497181526985711,2.7611654181941545,1.8640292716365552
6.659414566106942,8.500873306225047,2.7734372644972396,1.922151939164617,7.394582943849002,3.9883500485026677,4.938147721439552
1.9155742424094282,7.387099052022173,4.000621894805753,1.618017181340727,2.4788481530036126,5.497787143782137,5.062129068641658
1.623526985324671,2.473323917211732,5.5100589900852235,5.9420563808591975,2.4007287286890016,5.865942532874691,4.419286824244693
