x1,y1,theta1,x2,y2,theta,length
3.3155325700859715,5.454643704330019,4.71238898038469,1.5100581258899857,4.152326001090904,3.926990816987242,2.307356619824015
1.4787214244456632,4.005050187584312,4.71238898038469,3.115420340978146,1.7052232694018947,5.497787143782138,2.843991104915854
3.304388433404222,1.592498845333078,-0.15839696085516877,13.30644903209825,0.20407886588206448,7.0685834705770345,10.162854181650834
13.342098373466708,0.2764757182190517,1.5707963267948966,10.886003733858145,3.0267292755347635,1.5707963267948966,3.760950606852806
10.918129656614042,3.204503422303921,0.7853981633974483,14.773601512229128,4.910713211017718,0.7853981633974497,4.225025516187332
15.025133442436529,5.231346344382126,1.4120135785201895,15.254901711731716,7.974102070869091,2.356194490192345,2.8116653227926056
15.12108428083864,8.047337780639936,3.141592653589793,8.697104664641806,3.121945244621745,2.356194490192344,8.361624646306923
8.701659041482058,3.116628732646458,1.5707963267948966,9.856693255427139,4.539338815314043,1.5707963267948957,1.9059747052322225
9.848919442681789,4.770192866308904,2.356194490192345,3.786287016513289,9.118400666371503,2.520306997035854,7.461090182629716
3.4066654655089224,9.145722657675622,3.141592653589793,0.6027208968382111,7.731072107608319,3.9269908169872423,3.15182179747393
0.597852917887479,7.597843713934527,4.71238898038469,3.320161322561148,5.630577027758405,5.497787143782138,3.4343203006281486
