x1,y1,theta1,x2,y2,theta,length
4.091930176210578,7.931343077986285,1.4726215563702154,4.1518869749186464,8.348290727727571,1.055378782065321,0.4285870053049168
4.153985228232802,8.352388581478552,1.043106935762236,5.2939234081283075,8.792350776875047,0.24424656734251307,1.253647952138853
5.298263957626553,8.793432088272427,0.24405121517696646,8.596528390052372,9.551235414217576,-0.2577087723647864,3.3940347499084
8.59971883997234,9.55038623509127,6.0132046885117125,11.950769410243394,6.553356961233681,6.14819499784565,4.523357236166159
11.95472130210367,6.55283301084361,6.160466844148735,14.001976681453657,7.3078968803845905,5.792311455056181,2.255553702327483
14.005891557851955,7.30578086407399,5.780039608753096,14.622986970096688,2.3673933120304027,4.8105637508093695,5.048368664896252
14.623431674256816,2.362992443249639,4.822835597112455,14.545737188773815,1.216703992142023,3.8656315854718155,1.2006006719334623
14.54290902379732,1.2142620244096318,3.853359739168731,9.010020923282047,2.5498409922328134,2.4666411069201106,5.769314014855923
9.006701059285398,2.552524977834593,2.454369260617026,8.236630197425862,3.570773572734171,2.9084275738311756,1.3148852867486087
8.231118532594047,3.5720317217264395,2.9206994201342606,4.956997968311182,1.435503454661918,3.227495577711389,3.9672862175940526
4.953603094201082,1.4352503381636514,3.2152237314083036,3.6837678000513314,1.9582356655492292,3.1538644998928778,1.391665700132526
3.6780306018259217,1.9581394788484812,3.1661363461959633,1.1200238429337321,0.931215231668249,2.4298255680108554,2.8845502861653873
1.117292992207866,0.9291227717513608,2.417685239744724,1.099263490960148,0.9458691129429613,2.3684663364954304,0.024609451624646894
1.098435618095887,0.9464623163430604,2.356194490192345,4.091742129077818,7.926212510372774,1.4603497100671303,7.73572331030143
