x1,y1,theta1,x2,y2,theta,length
4.00559020676953,8.184967449637542,0.6597394292843398,4.414446362901177,8.31868983208588,0.2962020686749874,0.4354250293623927
4.414446362901177,8.31868983208588,0.2962020686749874,5.504006335500431,8.80334893876929,0.33987246120249415,1.1926970659704001
5.504006335500431,8.80334893876929,0.33987246120249415,8.601080750153677,9.550962820902969,6.028513806149838,3.1964515304039374
8.601080750153677,9.550962820902969,6.028513806149838,11.953530450709748,6.55152653564593,6.151886720861687,4.527336903164668
11.953530450709748,6.55152653564593,6.151886720861687,14.006841232348204,7.309159163795984,5.788354848625523,2.2638196460180406
14.006841232348204,7.309159163795984,5.788354848625523,14.623201748406348,2.364869093313297,4.8158083648969034,5.056083753976668
14.623201748406348,2.364869093313297,4.8158083648969034,14.547091671311508,1.2142072367731251,3.857190278603388,1.2069963982707763
14.547091671311508,1.2142072367731251,3.857190278603388,9.008158541722294,2.55015768064207,2.4592217196887454,5.776400544634316
9.008158541722294,2.55015768064207,2.4592217196887454,8.235094240064686,3.5745229943546866,2.915258981666675,1.323091450599025
8.235094240064686,3.5745229943546866,2.915258981666675,4.9566088557672074,1.4343961067444826,3.217615922194753,3.974656218701619
4.9566088557672074,1.4343961067444826,3.217615922194753,3.6777168259188815,1.9597339260718893,3.154110206450918,1.400961063455839
3.6777168259188815,1.9597339260718893,3.154110206450918,1.1206937428782306,0.9254186804120345,2.4953337753048936,2.867214608375342
1.1206937428782306,0.9254186804120345,2.4953337753048936,1.0860119925637126,0.954111618897185,2.405281875404685,0.04502594995010423
1.0860119925637126,0.954111618897185,2.405281875404685,4.00559020676953,8.184967449637542,0.6597394292843398,7.954700974704769
