x1,y1,theta1,x2,y2,theta,length
1.3456238390485549,2.327606978468716,5.546874528994479,5.450808946426517,2.35883230625518,6.270913460876502,4.182445291147145
5.459855226143258,2.3586165901568674,6.258641614573416,8.652913521681626,1.956931900210999,6.3690882313011805,3.220085586739174
8.660078832554271,1.9576388649923921,0.09817477042468103,10.228798911200826,2.297523897419227,-0.24543692606170242,1.6275200610408513
10.241394120846932,2.2942080295197087,6.025476534814798,11.06782626819261,1.6903287876639164,5.755495916146925,1.038694294753573
11.079810049290575,1.6836071741640042,5.767767762450011,12.640900811247553,1.7620075219348257,7.044039777970864,1.660882793235463
12.64476006640744,1.7655357244172987,0.7731263170943632,12.969104700072695,2.9414231941475495,1.3130875544301088,1.2610079524749203
12.97181094931981,2.9509692980985553,1.3008157081270237,14.495435138520282,5.322415973774522,1.4358060174609597,2.841609050541503
14.496683675267663,5.330685928044828,1.4480778637640452,14.445457048874136,5.960034342780997,1.5462526341887264,0.6344628980251423
14.445836571415708,5.966210019690187,1.5339807878856413,14.880384133833328,7.893810504116936,2.0125827937059615,2.05001833274409
14.87901521590791,7.90015847738653,2.0248546400090466,14.42898620406328,8.355553626280033,2.675262494072558,0.6516538158666741
14.42175966945238,8.357524195081544,2.687534340375643,12.497334356503902,8.229632033116445,3.4606606574700054,1.9588044250274625
12.48628508897101,8.225829257532999,3.4729325037730914,7.6736990945176595,5.757126914386357,3.0311460368620264,5.445325243787472
7.668261621582159,5.75772572653906,3.0188741905589414,6.303256685906,6.670048387997932,2.736621725587984,1.66790447547267
6.289224244223115,6.6759649851895055,2.748893571891069,4.747402866870209,7.113119731684172,2.3071071049800045,1.6465150632102494
4.744487991174222,7.118371785967838,2.2948352586769194,4.437054587069188,7.5600033122580665,2.3316507975861747,0.5397842194508722
4.433595173780037,7.567266938316776,2.3439226438892597,3.561145135931766,7.860003221222247,3.288854809226815,0.9551067941538998
3.5507485698665318,7.858471431414627,3.3011266555299,1.147365403784001,6.489170142376474,4.172427743048945,2.7970122390712246
1.1408673609149447,6.4783453710720025,4.184699589352029,1.3402752760722412,2.332482993412772,5.534602682691394,4.259617005008633
