x1,y1,theta1,x2,y2,theta,length
3.657412287010807,8.937129340728337,6.231029960391474,4.840408795082171,8.057132360823983,5.546874528994479,1.524118909873434
4.8426677515075784,8.055086153993605,5.549942490570251,6.56736409848753,6.912246134992568,6.068427996875596,2.0789683862162853
6.57011517491952,6.911654062150473,6.071495958451367,10.353028288359232,7.586354932366205,6.52862223324129,3.853104866599049
10.355998474328578,7.587107550094327,0.2485048876374739,14.653530132615343,8.429370852738298,-0.6994952392758511,4.512817749371147
14.654793834353878,8.42830158812894,5.580622106327963,14.840603344119065,6.323486001933499,4.638757902566179,2.2207187548624194
14.840384283207534,6.320431541934285,4.64182586414195,14.259398533542049,1.5330437038609834,3.6232626209858845,4.990577364323103
14.258112345228332,1.532370875607666,3.6201946594101133,11.139654157835924,3.0144543069748053,2.5433401463143936,3.607946226135623
11.137121403923805,3.016185611330558,2.540272184738622,10.083256992435482,3.121130233762317,3.598718928379714,1.115227588073192
10.081624755523832,3.120511539056217,3.601786889955486,9.626911778012506,2.66283220823816,4.258697084795186,0.6569101948396998
9.626474558643046,2.65981080807304,4.261398628746312,9.237410374225862,1.462004984097134,3.939262663290327,1.2878108727348796
9.235812089754303,1.4603629690634445,3.9361947017145553,7.863832792049571,1.1112306774033667,3.213070730973275,1.4548039507563688
7.860772775287231,1.1110100511666006,-3.0691204566141645,3.4396042497395083,1.1230473501326559,2.3746022596469727,4.50386980597003
3.4381292797194543,1.1244692709715156,2.371534298071201,3.1728715283129056,5.283574993584436,1.9481556006147636,4.252811162703063
3.1718361994875997,5.286187021958905,1.9512235621905356,1.79699383700088,7.193115593803136,1.5585244804918115,2.4134968248189645
1.7970227536180934,7.195243637591369,1.5554565189160403,3.6552810815247345,8.937233152930556,-0.04908738521233991,2.7137565298724944
