x1,y1,theta1,x2,y2,theta,length
12.744874886761947,7.789502485142388,3.8733014894112445,7.666977027402762,2.38100910923077,4.812097731597255,7.444192874912547
7.667004397266989,2.380737244091732,4.813631712385142,8.673619471487346,1.5977051742971147,6.034680419542111,1.3011148923937563
8.673869913985504,1.5976420039879393,6.036214400329997,13.694613803140784,2.194777089757144,7.079321336092235,5.070980944129538
13.694731127977441,2.1948969982453015,0.7976700097005334,14.203191095416027,7.201584953419528,1.2379224958237096,5.04570086700332
14.203287769114345,7.20186419293188,1.236388515035827,15.455590293768706,9.133756589060702,0.918854491943503,2.3028827361189546
15.455778734035302,9.134003436900503,0.9173205111556134,15.77376431526876,9.834169083278672,2.320912932070973,0.8548791664150708
15.773740712171836,9.834194412274279,2.3224469128588607,12.74523668016857,7.789826466133112,3.871767508623358,3.76681575204509
