x1,y1,theta1,x2,y2,theta,length
12.744903924732128,7.78955271967906,3.871943088997822,7.666834516788175,2.38082196423904,4.812736222491222,7.444539993081126
7.666834516788175,2.38082196423904,4.812736222491222,8.673615986159152,1.597656410274592,6.036118319453174,1.3014290413249543
8.673615986159152,1.597656410274592,6.036118319453174,13.694779518856018,2.194848374327494,0.7963160053548378,5.071415991674084
13.694779518856018,2.194848374327494,0.7963160053548378,14.20322805564925,7.2018042918576555,1.2375162926722876,5.046046213773964
14.20322805564925,7.2018042918576555,1.2375162926722876,15.455737496265927,9.133968209304749,0.9185911710952405,2.303231746799639
15.455737496265927,9.133968209304749,0.9185911710952405,15.773993078763409,9.83419081113643,2.320805128894229,0.8550774833378051
15.773993078763409,9.83419081113643,2.320805128894229,12.744903924732128,7.78955271967906,3.871943088997822,3.7678157763279287
