TIME,LB,UB,OPEN,GAP,TREE
0.019613981246948242,0.0,34.335723651154254,1,100.0,1
0.01965498924255371,31.1489563094928,34.335723651154254,1,9.281200460600532,1
0.0871429443359375,31.1489563094928,34.335723651153856,1,9.28120046059948,3
0.12412595748901367,31.1489563094928,34.335723651153856,2,9.28120046059948,4
0.33985400199890137,32.44111442049674,34.335723651153856,2,5.5178951517261785,8
0.5534110069274902,32.465627960712624,34.33572365115332,2,5.446501461395247,12
0.604438066482544,32.465627960712624,34.33572365115332,3,5.446501461395247,13
1.1201739311218262,32.465627960712624,34.33572365115332,4,5.446501461395247,19
1.8584680557250977,32.465627960712624,34.33572365115332,5,5.446501461395247,26
2.036044120788574,32.465627960712624,34.33572365115332,5,5.446501461395247,26
2.2928171157836914,32.71773794652356,34.33572365115332,5,4.712251650986865,26
2.6885929107666016,32.892801728065464,34.33572365115332,5,4.2023926384886074,26
2.8922109603881836,33.15358948667752,34.33572365115332,5,3.4428695212197677,26
3.8949930667877197,33.57361336780971,34.33572365115332,5,2.2195841598871056,26
7.227365016937256,33.9414238105094,34.33572365114038,4,1.14836618746459,26
7.227412939071655,33.9414238105094,34.33572365114038,5,1.14836618746459,26
8.09335708618164,33.94391776021593,34.33572365114038,4,1.141102761966784,26
8.258863925933838,33.96122632325016,34.33572365114038,3,1.0906929811504933,26
17.53213596343994,34.134726048725824,34.33572365111735,2,0.58538915455473,26
17.53219509124756,34.134726048725824,34.33572365111735,3,0.58538915455473,26
18.230199098587036,34.181008877672305,34.33572365111735,2,0.4505941829480231,26
47.837613105773926,34.23453450253395,34.335723651112446,1,0.2947051578312087,26
47.83766508102417,34.23453450253395,34.335723651112446,2,0.2947051578312087,26
150.31944298744202,34.284959035468205,34.335723651112446,2,0.14784781051963,26
560.5494170188904,34.31028578420778,34.335723651112176,1,0.07408571656410494,26
560.5494930744171,34.31028578420778,34.335723651112176,2,0.07408571656410494,26
2444.4004690647125,34.32299531412812,34.335723651112176,2,0.037070245303077454,26
