x1,y1,theta1,x2,y2,theta,length
1.0496988162809566,9.530815510229672,4.115670453897176,4.822211220104063,3.6259747153451714,5.531534721115624,7.137967032606525
4.822605602209922,3.6256069727003095,5.533068701903508,8.212583776394217,1.562484293475437,5.632777453116075,3.9692436111261054
8.21316115804446,1.5620449047040095,5.6312434723281894,9.18670500337145,0.7930886366227422,6.194214421482219,1.2601358937398284
9.187051406605928,0.7930577763377477,6.195748402270104,10.628378890343118,1.5791809557151506,6.54549602190803,1.6633203958515117
10.628960430050656,1.5793371199350128,0.260776733940559,13.100510108856707,1.6250492421425944,0.7608544707912775,2.5116820540039098
13.10092177720115,1.625441483258141,0.7623884515791637,13.225575881998648,6.257494466171381,1.607611865704153,4.674770430155556
13.225560441022443,6.257897888046909,1.6091458464920376,13.087587471943856,6.854576543103091,2.2718255468586346,0.6253968537888381
13.087308892451896,6.854906230906623,2.2733595276465204,1.0499231779087403,9.531145298245107,4.114136473109292,12.486839676931922
