x1,y1,theta1,x2,y2,theta,length
1.049412285613122,9.531335307332611,4.114997286317873,4.82225701971461,3.625854722747055,5.532731253863688,7.138912070336136
4.82225701971461,3.625854722747055,5.532731253863688,8.213131704774307,1.562116066494062,5.632633207960589,3.9703334842881755
8.213131704774307,1.562116066494062,5.632633207960589,9.187020596718973,0.7929226836895575,6.1944440540644115,1.2605781755656356
9.187020596718973,0.7929226836895575,6.1944440540644115,10.628992663093245,1.5794480069872607,0.2624171303547862,1.6642175581642311
10.628992663093245,1.5794480069872607,0.2624171303547862,13.10108355067269,1.6251779446929238,0.7612154461589954,2.512319193944598
13.10108355067269,1.6251779446929238,0.7612154461589954,13.22558071127861,6.257529831441161,1.6090116999968973,4.675255440862863
13.22558071127861,6.257529831441161,1.6090116999968973,13.087493817061226,6.854932055478196,2.2722591462388104,0.6261684675524299
13.087493817061226,6.854932055478196,2.2722591462388104,1.049412285613122,9.531335307332611,4.114997286317873,12.48793926039811
