x1,y1,theta1,x2,y2,theta,length
1.7541411147927728,7.769121418619295,0.5537670644267163,9.410722931726832,8.888822299242115,-0.4709321018808912,7.78830698204038
9.411555288337995,8.888398022129408,5.810719224510809,11.331009570388881,5.844956988067176,5.732486204328643,3.6505988360064445
11.33169225960227,5.844538170350541,5.734020185116528,13.711835160265784,5.08816522260493,5.1112239852349575,2.6577828941599853
13.712085673458535,5.087569765613225,5.109690004447071,10.831170299295874,2.000244247050542,2.8838838812250045,4.656475412935391
10.830503895962117,2.0004111538096327,2.88234990043712,10.014343234848,2.93892321649407,2.12916533358527,1.3045497883173396
10.01391991299968,2.9395753188871847,2.130699314373156,9.459764336395383,3.4220308652683937,2.7136120137696986,0.7429764780118392
9.458983114951176,3.42238554459928,2.7151459945575844,4.204958177998483,4.270964478419696,2.7473595911031827,5.32778616482294
4.202922636548098,4.271811589608676,2.745825610315298,1.282067196322493,6.989742744851001,1.5002332105521572,4.127521018719943
1.2821310294927506,6.990737593341611,1.4986992297642712,1.7524966032142264,7.7685455540239925,0.5551097294984371,0.9435895002658341
