x1,y1,theta1,x2,y2,theta,length
1.7574048765757313,7.771493173767807,0.5484137709060851,9.41141242168145,8.888854160401003,5.811660966777291,7.785102844061446
9.41141242168145,8.888854160401003,5.811660966777291,11.331368175564313,5.844447411123717,5.732973681202406,3.6519409655962862
11.331368175564313,5.844447411123717,5.732973681202406,13.712875053814036,5.0876864309831165,5.110934118274852,2.659479526246871
13.712875053814036,5.0876864309831165,5.110934118274852,10.83002681866394,1.9999375361433769,2.880825470090901,4.660441673127612
10.83002681866394,1.9999375361433769,2.880825470090901,10.014012624042731,2.939655497394135,2.132233295161041,1.3050469284179513
10.014012624042731,2.939655497394135,2.132233295161041,9.459275193788931,3.422387947735355,2.7140969251516043,0.7435473897328395
9.459275193788931,3.422387947735355,2.7140969251516043,4.202774910796081,4.271572499075785,2.747366298149066,5.330364156015731
4.202774910796081,4.271572499075785,2.747366298149066,1.2814103798032404,6.991291646033767,1.497574347171736,4.130270374472772
1.2814103798032404,6.991291646033767,1.497574347171736,1.7574048765757313,7.771493173767807,0.5484137709060851,0.9491605762656509
