x1,y1,theta1,x2,y2,theta,length
6.789924634210392,1.038374442012017,0.10420452367372089,10.948895866727048,3.18555195822529,0.7250955606751371,4.68331957620159
10.948895866727048,3.18555195822529,0.7250955606751371,11.589194061631012,4.114745826940926,1.12496169052796,1.129205271351445
11.589194061631012,4.114745826940926,1.12496169052796,11.754170258792437,4.555321488307232,0.8002070290205122,0.4740845085188955
11.754170258792437,4.555321488307232,0.8002070290205122,12.893706755696876,4.9809767071910205,0.6713453920988942,1.2219444264347539
12.893706755696876,4.9809767071910205,0.6713453920988942,13.32108808335074,5.63056713479206,0.742210726135712,0.7798431598621994
13.32108808335074,5.63056713479206,0.742210726135712,15.17702487602462,6.774828193472893,1.7658165467894371,2.2571348195273244
15.17702487602462,6.774828193472893,1.7658165467894371,10.935720546157109,7.269580072054745,3.2100828350064226,4.350831853735276
10.935720546157109,7.269580072054745,3.2100828350064226,4.578813664149692,5.955347233201683,2.766352576968287,6.499545857940992
4.578813664149692,5.955347233201683,2.766352576968287,2.573153621238207,8.432747403066108,3.4847874104655627,3.272640241457593
2.573153621238207,8.432747403066108,3.4847874104655627,2.6481946897368562,5.061852241853001,4.853478074112383,3.4516462616160397
2.6481946897368562,5.061852241853001,4.853478074112383,3.3188198935323587,2.0199616343390008,5.4653678684221445,3.1214787662766357
3.3188198935323587,2.0199616343390008,5.4653678684221445,6.789924634210392,1.038374442012017,0.10420452367372089,3.616086117811611
