x1,y1,theta1,x2,y2,theta,length
10.687801360051832,1.5585628571744303,2.9421751511646597,9.518115475840457,3.709895057324979,2.494252761102052,2.522233070358869
9.51779934359007,3.7101337199976503,2.4957867418899387,3.1220356705698196,4.429004584177894,2.7350877448000976,6.451347089141701
3.121032549084355,4.429436896934578,2.7335537640122123,0.8002855341694582,6.835041636830991,1.2394564766115979,3.4618588985666925
0.800425672794587,6.83544849975472,1.2379224958237125,7.845687490067763,7.504486994257654,-0.23623304133438738,7.202046851104267
7.8463181259968655,7.504335173648503,6.045418285057312,11.109365331512889,5.648878195028495,5.988660995905542,3.7565582733594844
11.109853839898868,5.648730755905214,5.990194976693428,11.88892561904745,5.59530474288953,6.390563962331581,0.7823148596611579
11.889872838069335,5.595407114705466,0.10891263593988051,14.834174638829394,6.03592122340898,-1.0323690702470363,3.124604957831026
14.834283237366707,6.035739282194068,5.249282256144664,10.688144356769998,1.5584940923232709,2.943709131952544,6.350253937821072
