x1,y1,theta1,x2,y2,theta,length
10.687718314825768,1.558302746936596,2.94342960468422,9.517961925098467,3.7101629655791593,2.4947361697332826,2.5230731819796475
9.517961925098467,3.7101629655791593,2.4947361697332826,3.1212327532970003,4.429160338039741,2.7346587772968105,6.452407854392418
3.1212327532970003,4.429160338039741,2.7346587772968105,0.7999287595731706,6.835633995146061,1.2389959172878233,3.4630196991505033
0.7999287595731706,6.835633995146061,1.2389959172878233,7.845652765367176,7.504594573706501,6.046850646738902,7.202841030666071
7.845652765367176,7.504594573706501,6.046850646738902,11.109398358769724,5.648805169939841,5.990019977026838,3.757377115160821
11.109398358769724,5.648805169939841,5.990019977026838,11.889699703956886,5.5953074938528085,0.10767942500262105,0.7835509821673984
11.889699703956886,5.5953074938528085,0.10767942500262105,14.834679192178909,6.035844311565358,5.250460249776928,3.1254036277858566
14.834679192178909,6.035844311565358,5.250460249776928,10.687718314825768,1.558302746936596,2.94342960468422,6.351538809611748
