TIME,LB,UB,OPEN,GAP,TREE
0.029209136962890625,0.0,33.34021529103422,1,100.0,1
0.029273033142089844,30.781268413963417,33.34021529103422,1,7.675256007596774,1
0.17678213119506836,30.781268413963417,33.340215291034205,2,7.675256007596736,3
0.2137770652770996,30.781268413963417,33.340215291034205,3,7.675256007596736,4
0.4886641502380371,30.781268413963417,33.340215291034205,4,7.675256007596736,8
1.1168670654296875,30.781268413963417,33.340215291034205,5,7.675256007596736,13
1.8901801109313965,30.781268413963417,33.340215291034205,7,7.675256007596736,19
2.7428550720214844,30.781268413963417,33.340215291034205,8,7.675256007596736,26
2.987727165222168,30.781268413963417,33.340215291034205,8,7.675256007596736,26
3.2246241569519043,30.781268413963417,33.340215291034205,8,7.675256007596736,26
3.4652650356292725,30.781268413963417,33.340215291034205,8,7.675256007596736,26
3.7588160037994385,30.781268413963417,33.340215291034205,8,7.675256007596736,26
4.458954095840454,30.781268413963417,33.340215291034205,8,7.675256007596736,26
4.62981104850769,30.781268413963417,33.340215291034205,8,7.675256007596736,26
5.273287057876587,31.255999259199317,33.340215291034205,8,6.251357448178722,26
5.996948003768921,31.551404859539236,33.340215291034205,8,5.365323576587741,26
8.43607211112976,31.594264716332507,33.340215291034205,8,5.236770547103265,26
9.16536808013916,31.832167582656268,33.340215291034205,8,4.52320926908795,26
9.503113985061646,31.92656191415735,33.340215291034205,7,4.240084728118155,26
15.927700996398926,32.442067157296776,33.340215291034205,7,2.693888224467937,26
16.620458126068115,32.46175033186375,33.340215291034205,6,2.634850889540276,26
18.75786519050598,32.65924461602939,33.340215291034205,5,2.042490335051737,26
18.90617609024048,32.86130924239735,33.340215291034205,4,1.4364215841330965,26
39.12500810623169,32.88582077211945,33.340215291034205,4,1.3629021736909677,26
41.216773986816406,33.02799502584178,33.340215291034205,3,0.9364674536951306,26
43.7610981464386,33.06912663081853,33.340215291034205,2,0.813098109443149,26
112.40904712677002,33.11186888340167,33.340215291034205,2,0.6848978197628568,26
295.558265209198,33.22566867268184,33.340215291034205,2,0.3435689222533829,26
1099.4834060668945,33.2828699307521,33.340215291034205,2,0.17200056982693612,26
4325.69021821022,33.31151233644908,33.340215291034205,2,0.08609108949829436,26
4325.690280199051,33.31151233644908,33.340215291034205,2,0.08609108949829436,26
