x1,y1,theta1,x2,y2,theta,length
13.145282852499191,2.1358484927732087,0.3528155812136975,14.576895373957768,3.204028454090909,1.3744467859455338,1.8817133506489683
14.577281251978338,3.205970020401348,1.3775147475213059,12.932612064480626,5.435395649735053,2.549476069465936,2.8895462250391493
12.930107154087242,5.437073292556086,2.552544031041707,7.533782215890361,7.741326176512264,2.7458256103152974,5.868787690757567
7.53022578165123,7.742808528595249,2.748893571891069,1.3535098291532774,9.377577268546455,4.154019973594315,6.7509900223807655
1.3532148059892868,9.37710546455343,4.157087935170088,1.7265837168705964,7.934810050351815,-0.7283687263276764,1.6513667729577517
1.7277385888030201,7.933781715372847,5.556078413721792,7.82902259148083,2.5079011832374314,5.494719182206366,8.164954715051481
7.831937144151677,2.5049513186315315,5.491651220630596,9.312343181184861,1.0565055950620774,6.0132046885117125,2.0972723404675193
9.313750250233817,1.0561160298335113,6.016272650087483,13.1425175709007,2.134833859238686,6.632932926817512,4.0068812191458765
