x1,y1,theta1,x2,y2,theta,length
14.578727969885485,3.205570087364749,1.375229472833243,12.932367286244622,5.435906361862464,2.5520290665801455,2.8924586657489204
12.932367286244622,5.435906361862464,2.5520290665801455,7.53124817875909,7.742392238390417,2.746704429555465,5.874082244347889
7.53124817875909,7.742392238390417,2.746704429555465,1.351473978936196,9.377381727160579,4.154654383657951,6.754431121376575
1.351473978936196,9.377381727160579,4.154654383657951,7.829510325190903,2.5075947959110216,-0.7911166008852545,9.821947636547014
7.829510325190903,2.5075947959110216,-0.7911166008852545,9.31361488862516,1.0556520682638038,-0.2697128871246322,2.1023831564373237
9.31361488862516,1.0556520682638038,-0.2697128871246322,13.143280346219166,2.135058994166408,0.35198838142973576,4.008415491376544
13.143280346219166,2.135058994166408,0.35198838142973576,14.578727969885485,3.205570087364749,1.375229472833243,1.8864969751999365
