x1,y1,theta1,x2,y2,theta,length
3.493596086470171,2.442776440549184,2.561747915769021,2.5996316238439428,3.7560831420890737,1.6996507129772906,1.6163982385362292
2.599418361900101,3.7577682058603914,1.696582751401519,3.2649509834468855,5.825255256089347,1.454213786915588,2.1912302747703407
3.265357913373666,5.828822482502743,1.4572817484913592,3.333444291263904,8.053907256630488,0.822213702306704,2.3091642877938705
3.3353161376694995,8.055913574730434,0.8191457407309325,8.38866037236542,7.9818756106301185,-0.08897088569736888,5.159716112416042
8.392807928976843,7.981514103173311,6.19728238305799,14.835139256860652,6.711713052449953,4.899534636506737,6.862344905462021
14.835236193519314,6.7111991822595405,4.896466674930966,13.521422925540438,5.244792751994533,3.7153014682590233,2.161205891879921
13.519666856532936,5.243656114015653,3.718369429834794,12.579306559597791,4.435901834992299,4.068117049472721,1.2418606291753869
12.577087778219598,4.434034678912701,4.068478535943599,12.485001400423162,4.286056847904072,4.242990859291684,0.1745123233480852
12.483691713908042,4.283419363548197,4.246058820867455,12.370695069022588,3.2695667886260678,4.890330751779424,1.0321340083301955
12.37139540302353,3.2657361539788754,4.893398713355195,12.840649724268228,0.7775634957694001,4.022097625836151,2.679999629680039
12.840068580796315,0.7768596677919067,4.019029664260381,3.495503628370359,2.4415275270636023,2.564815877344791,9.697800739387857
