x1,y1,theta1,x2,y2,theta,length
3.494919711564071,2.441411823391892,2.5623793363489162,2.598920342784786,3.757900696059108,1.696690260121128,1.6205850898001883
2.598920342784786,3.757900696059108,1.696690260121128,3.2654665496022783,5.825345114429909,1.4571035155584313,2.1916956754847368
3.2654665496022783,5.825345114429909,1.4571035155584313,3.332894072603265,8.055908626407351,0.8204851317107957,2.315352809986325
3.332894072603265,8.055908626407351,0.8204851317107957,8.389980984216104,7.981753356883495,6.19630503134982,5.163972440040046
8.389980984216104,7.981753356883495,6.19630503134982,14.835833882286648,6.713132075721166,4.8986863993185485,6.866379975746081
14.835833882286648,6.713132075721166,4.8986863993185485,13.519730234781129,5.243844824277868,3.715539085777807,2.1661588883983205
13.519730234781129,5.243844824277868,3.715539085777807,12.577767102363097,4.435945569400598,4.066434439134532,1.2431605376585964
12.577767102363097,4.435945569400598,4.066434439134532,12.48306479130559,4.283586667504589,4.246058820867455,0.17962438173292217
12.48306479130559,4.283586667504589,4.246058820867455,12.37091536911496,3.2657587344420245,4.893524860113812,1.0361437923960368
12.37091536911496,3.2657587344420245,4.893524860113812,12.840481735452645,0.7759236777806715,4.021934486946814,2.681732314311609
12.840481735452645,0.7759236777806715,4.021934486946814,3.494919711564071,2.441411823391892,2.5623793363489162,9.700710675279952
