x1,y1,theta1,x2,y2,theta,length
9.311480187130416,7.907716591938596,0.09817477042468103,15.161763589662653,9.37754388929292,-0.9019807032767582,6.305522301842391
15.162322415608157,9.376835491795296,5.378136642327057,14.329458062908868,6.890606511760216,4.325825821837507,2.8357889964724237
14.328334993631183,6.887831022464408,4.328893783413278,12.959024880223216,1.1142756141784447,3.644738352016285,6.039466925950185
12.957359775688632,1.113357778284408,3.6416703904405123,11.411266393329356,1.3800217615665735,2.528000338435537,1.6462135436266605
11.408814910990806,1.3817468270280933,2.524932376859766,9.645888587607468,2.9329786923267203,3.0004664211043135,2.3892828360768883
9.64354256066513,2.933307382124825,3.003534382680085,8.215934322707167,2.333985608290093,3.571107274197773,1.5836401568062461
8.213162723373959,2.3327244964830536,3.568039312622002,6.286468180969437,1.8892344767626041,2.8685440733461482,2.002905118416944
6.28399514263501,1.8899291539164988,2.865476111770378,1.010967546416448,8.692513454627083,1.0553787820653215,8.913429499381849
1.0114673008762218,8.693395053542709,1.05231082048955,9.308540229834206,7.907435960511576,0.09510680884891087,8.596245127820902
