x1,y1,theta1,x2,y2,theta,length
9.3114654311118,7.907300153420343,0.0952183348571473,15.163274129060497,9.377994265509301,5.379801404628419,6.308357777188313
15.163274129060497,9.377994265509301,5.379801404628419,14.328561379100137,6.889279436033419,4.327290020485556,2.8400942199305392
14.328561379100137,6.889279436033419,4.327290020485556,12.96002608286112,1.1134544728472504,3.644840335462638,6.041578732967656
12.96002608286112,1.1134544728472504,3.644840335462638,11.411735250739536,1.379293828216003,2.527232983279575,1.649137002797704
11.411735250739536,1.379293828216003,2.527232983279575,9.64524143384426,2.9340523595750114,3.0023952658892354,2.3947840915481495
9.64524143384426,2.9340523595750114,3.0023952658892354,8.215033471746812,2.3333716714282096,3.569125121910341,1.586840859628496
8.215033471746812,2.3333716714282096,3.569125121910341,6.284392624672592,1.8889478075573658,2.8676459996595502,2.007103894732734
6.284392624672592,1.8889478075573658,2.8676459996595502,1.0104128816998321,8.694467128035466,1.0547641498201668,8.917029299661907
1.0104128816998321,8.694467128035466,1.0547641498201668,9.3114654311118,7.907300153420343,0.0952183348571473,8.602020341453104
