x1,y1,theta1,x2,y2,theta,length
9.353830640327915,7.446598881263104,0.10124273200045232,15.41732996632187,9.61190495849478,-0.9418642037617831,6.614403326196471
15.417589421064484,9.611548016315654,5.338253141842031,13.686097816239197,7.049994604714813,4.06198112632118,3.253066214013482
13.685439350857619,7.049125436387596,4.06504908789695,12.184280881277333,4.648572139263214,4.583534594202297,2.8382672679786602
12.184180528573757,4.647786390733632,4.586602555778068,13.224448356932987,0.46584766961842444,3.905515085956842,4.416092294371516
13.2241505087653,0.4655640152967203,3.902447124381071,11.20683418638568,0.9746945986930724,2.4144857601319996,2.1817187281159374
11.205647000469355,0.9757574120408387,2.4114177985562275,9.676739002123298,3.461245435629203,2.9114955354069467,2.965717298078471
9.67581483062734,3.4614602383923985,2.9145634969827183,6.055090743275642,1.1992594029680488,2.9943304979527703,4.346955643221872
6.054496698566499,1.1993482329291842,2.991262536377,4.807874739074087,2.6293126010192465,2.2115982123578775,1.9298735160377063
4.807130791246298,2.6303101306984313,2.2115971770971248,0.48239549604387777,8.969008231053282,1.003223435277211,7.803365599524538
0.48263204586626135,8.969377884068457,1.0001554737014382,9.352268029546902,7.446443123567784,0.09817477042468337,9.13192788899629
