x1,y1,theta1,x2,y2,theta,length
9.353278001281263,7.446293554429251,0.09932686903431762,15.418566893598772,9.611869070084522,5.340604493154597,6.6164776769276745
15.418566893598772,9.611869070084522,5.340604493154597,13.685762035973095,7.049616317571818,-2.2195550551752317,3.2553769761172315
13.685762035973095,7.049616317571818,-2.2195550551752317,12.184057709131379,4.6483271937307995,4.585504060465978,2.839280676945646
12.184057709131379,4.6483271937307995,4.585504060465978,13.22483978819974,0.46561704960723516,3.9029341022512827,4.417781017524941
13.22483978819974,0.46561704960723516,3.9029341022512827,11.205440375547191,0.9755420136514404,2.411337948154014,2.184187991463088
11.205440375547191,0.9755420136514404,2.411337948154014,9.676450456882664,3.4618793726319153,2.9131345009991825,2.9667910056101934
9.676450456882664,3.4618793726319153,2.9131345009991825,6.054619633405737,1.1990288526398856,2.9932732424017217,4.348634322031192
6.054619633405737,1.1990288526398856,2.9932732424017217,0.4819831752643079,8.969442155598685,1.0015016826031893,9.736254833351122
0.4819831752643079,8.969442155598685,1.0015016826031893,9.353278001281263,7.446293554429251,0.09932686903431762,9.134057150547752
