x1,y1,theta1,x2,y2,theta,length
13.118670293301951,1.584911550976981,3.931592759350898,4.383419911804785,1.8118475243211016,2.396077990677374,8.81230840378699
4.382994796844515,1.8122402900258914,2.3945440098894855,4.097654260026836,3.221658411931062,1.856116753341626,1.4622108436801196
4.097440879207416,3.2223825900612306,1.8576507341295114,2.235315751986868,7.278817738766213,1.2624661884298836,4.498625464231931
2.2354828187180624,7.279340656613204,1.2609322076419973,5.082499735741781,8.913859759214224,0.11504855909142497,3.3226930391545455
5.083209165024463,8.913941761150125,0.11351457830353745,12.963880649279018,6.76676089777928,-0.8927768185494476,8.19281947862278
12.964267453689533,6.766279788985544,5.3888745078422575,13.119037585583772,1.5852831562850103,3.933126740138783,5.248415255185768
