x1,y1,theta1,x2,y2,theta,length
13.118906030951106,1.5847509661097003,3.9327791852160163,4.382978961867847,1.8119125589340874,2.3954682116650794,8.813255226875354
4.382978961867847,1.8119125589340874,2.3954682116650794,4.097650518278484,3.2219098064367437,1.8571537816408208,1.462906553612913
4.097650518278484,3.2219098064367437,1.8571537816408208,2.2351277614994918,7.279108863803774,1.2615904987507691,4.499614786690114
2.2351277614994918,7.279108863803774,1.2615904987507691,5.082471012316027,8.913996960321724,0.11507543855816722,3.323246934685447
5.082471012316027,8.913996960321724,0.11507543855816722,12.96422032968073,6.766701387790969,5.389542635573152,8.194028776408373
12.96422032968073,6.766701387790969,5.389542635573152,13.118906030951106,1.5847509661097003,3.9327791852160163,5.249485187697243
