x1,y1,theta1,x2,y2,theta,length
1.4814421523351227,3.3518900874421185,4.626486056263094,1.7825717659938074,1.6260489151834285,5.663457068873788,1.870909631901831
1.7838046554094271,1.625034104479999,5.666525030449559,1.7838484299562003,1.6250030753825877,5.666578686910793,5.365646123323131e-5
1.7866575366542268,1.6262160629598537,5.66959299202533,7.653209922538322,4.032708129704747,6.491806694332033,6.523499355258294
7.65610048442559,4.03331122477517,0.20555342557667594,11.293683889401333,3.9974512163841247,0.5368932757599745,3.671233000609138
11.295842625508088,3.998744564015739,0.5399612373357456,12.985428797275098,7.406223920656966,1.41126232485479,3.8405031122490096
12.98589276332772,7.409148409563908,1.4143302864305611,12.586861727934881,8.821103736139456,2.445165375889712,1.5226577331888222
12.585167337944432,8.82251752191513,2.448233337465483,5.299356397618667,8.572292877550655,-3.0689376589530126,7.357499459594993
5.296296504665465,8.572070535856955,-3.0691761605283254,1.8810075981741525,8.065831086848913,3.94846654801764,3.5072385911744473
1.8794318170413267,8.064186802779497,3.9515345095934116,1.481703942412348,3.3549420841168005,4.629554017838865,4.782428722952688
