x1,y1,theta1,x2,y2,theta,length
1.8298391850475653,1.594325594092661,5.688475422145169,7.655701111023469,4.033654316744612,0.20824303292276714,6.492644797883111
7.655701111023469,4.033654316744612,0.20824303292276714,11.294559047495458,3.9969549258069748,0.5391888332016878,3.673076055385734
11.294559047495458,3.9969549258069748,0.5391888332016878,12.985999205632252,7.407266212656364,1.413160355727755,3.844050508679821
12.985999205632252,7.407266212656364,1.413160355727755,12.586303098793927,8.822956094850367,2.446187012813304,1.5267691550116635
12.586303098793927,8.822956094850367,2.446187012813304,1.878544798243686,8.06474292822362,3.9486496499879644,10.872126237984881
1.878544798243686,8.06474292822362,3.9486496499879644,1.480370517358183,3.336488938130389,-1.6381959938226134,4.802166927891687
1.480370517358183,3.336488938130389,-1.6381959938226134,1.8298391850475653,1.594325594092661,5.688475422145169,1.894567637154194
