x1,y1,theta1,x2,y2,theta,length
0.8696946065400692,9.691526959959257,4.17775506005525,2.097843022400126,7.7987881632794664,-0.7450464318443724,2.3850768446487707
2.097843022400126,7.7987881632794664,-0.7450464318443724,2.7637864665303287,7.279119809399314,5.443988063129695,0.8452780674617743
2.7637864665303287,7.279119809399314,5.443988063129695,4.936373613000854,3.7110752797206,5.482020212228459,4.1789451442597745
4.936373613000854,3.7110752797206,5.482020212228459,9.210319820399883,1.002683079445464,-0.09797628005402202,5.069492940396078
9.210319820399883,1.002683079445464,-0.09797628005402202,10.608528200593431,1.486089225436391,0.17433835776770973,1.4874960878010786
10.608528200593431,1.486089225436391,0.17433835776770973,13.118268523144684,1.5841048630095829,0.7930019191703505,2.5512882274997746
13.118268523144684,1.5841048630095829,0.7930019191703505,12.958632754965322,6.773781239506945,2.229911349982742,5.25541944014415
12.958632754965322,6.773781239506945,2.229911349982742,7.884694597794422,8.418756464726032,2.8791803302768977,5.3521975258500385
7.884694597794422,8.418756464726032,2.8791803302768977,0.8696946065400692,9.691526959959257,4.17775506005525,7.276546364541293
