x1,y1,theta1,x2,y2,theta,length
7.672189547293212,1.6157801127646576,0.19941750242513334,11.056948986903656,3.7093783553692017,1.3130875544301082,4.065793081675286
11.057212310282658,3.7103780235312076,1.3146215352179944,7.8500212304073,8.99363379620614,2.7013401674666144,6.298443031615096
7.848843466610543,8.994185996733302,2.7028741482544993,6.805512424187631,9.028899033334643,3.1400586728019073,1.0605899645320664
6.803989919855311,9.028902343194357,3.138524692014022,3.2657563362388653,9.03037746102279,3.982214125351125,3.65433202248319
3.2642611933171612,9.030694961032049,3.983665297291793,3.185696822697091,8.930508758402393,4.111068511533519,0.12740321424172585
3.1853253317415624,8.93005510924471,4.112602492321405,3.570765267792637,7.071318222600942,5.232408467477922,2.02468814491864
3.5715275487963374,7.06998773450313,5.2339424482658075,7.1491051516832185,1.6502679023700517,5.951845456996286,6.543750700207224
7.150266071927434,1.6497070011898214,5.9533794377841724,7.67074867324308,1.6153308975194587,6.481068828816833,0.5277182443838485
