x1,y1,theta1,x2,y2,theta,length
7.67205882663885,1.6155361350635036,0.1997920646986722,11.057762318563816,3.7102433102375403,1.3133260499849833,4.067206536457753
11.057762318563816,3.7102433102375403,1.3133260499849833,7.849291287154893,8.99442458203692,2.7032950862716163,6.300633128504353
7.849291287154893,8.99442458203692,2.7032950862716163,6.80472933960209,9.028807402302112,3.1393129590123374,1.0617931329477255
6.80472933960209,9.028807402302112,3.1393129590123374,3.2650343469337604,9.032437660805599,3.980768911988789,3.6554342062854275
3.2650343469337604,9.032437660805599,3.980768911988789,3.1845293027850254,8.930098189216388,4.111068511533519,0.13029959954473025
3.1845293027850254,8.930098189216388,4.111068511533519,3.570867496811862,7.071096598591903,5.2336992247467,2.0261773589793597
3.570867496811862,7.071096598591903,5.2336992247467,7.148047286221092,1.6501125129545091,5.951606545158167,6.5445677486293
7.148047286221092,1.6501125129545091,5.951606545158167,7.67205882663885,1.6155361350635036,0.1997920646986722,0.5313708267200923
