TIME,LB,UB,OPEN,GAP,TREE
0.015259027481079102,0.0,22.478172727260315,1,100.0,1
0.015292882919311523,19.75149121932911,22.478172727260315,1,12.130352146571202,1
0.1367170810699463,19.75149121932911,22.478172727260315,3,12.130352146571202,4
0.40155601501464844,19.75149121932911,22.478172727260315,4,12.130352146571202,8
0.5096259117126465,19.75149121932911,22.478172727260315,4,12.130352146571202,8
0.6553630828857422,19.75149121932911,22.478172727260315,4,12.130352146571202,8
1.2007369995117188,20.097113717059464,22.478172727260315,4,10.592760537484573,8
1.354773998260498,20.352221613929892,22.478172727260315,4,9.45784668142613,8
1.872709035873413,20.4161928573402,22.478172727260315,4,9.173253960360656,8
3.641921043395996,21.231664487040334,22.478172727260315,4,5.545416237096013,8
5.168942928314209,21.464451857490978,22.478172727260315,4,4.509801050420574,8
5.613255977630615,21.81404201020309,22.478172727260315,3,2.9545582957986807,8
10.71952199935913,21.823169313623477,22.478172727260315,3,2.9139531116890325,8
30.87579894065857,22.148410292749805,22.478172727260315,3,1.4670339912042398,8
34.528701066970825,22.15066395734544,22.478172727260315,2,1.457007977866857,8
91.36244487762451,22.313045408794807,22.478172727260315,2,0.7346118408693012,8
323.1344668865204,22.38564329737398,22.478172727260315,2,0.4116412441929446,8
1217.8656089305878,22.424234056386602,22.478172727260315,2,0.2399602117493239,8
