x1,y1,theta1,x2,y2,theta,length
13.457055710120446,8.608372629867207,3.8288160465625602,8.305915164815465,2.769066790296788,5.031456984264905,7.983075075888816
8.306497674189288,2.766070471596503,5.056000676871074,8.519577348924084,2.4178766572160235,5.467107528024425,0.41110685115335066
8.522478543516229,2.417688794306073,5.473243451175968,13.105456178028929,2.8218955680964193,6.945865007546182,4.754893215246492
13.10974618728321,2.825163781744413,0.6872233929727672,15.334634508033439,9.203925452492022,2.405281875404686,7.05213856516688
15.333817019315562,9.204464407736422,2.4298255680108554,13.461319649643906,8.612782144386394,3.82881604656256,2.242998524846719
