x1,y1,theta1,x2,y2,theta,length
8.29602932839889,2.7834679879330855,5.157090086332712,13.199125568515404,2.898493409680555,0.6393504336375814,5.203837315390736
13.199125568515404,2.898493409680555,0.6393504336375814,15.360518989120287,9.188220689018559,2.512784964631005,7.030653324037088
15.360518989120287,9.188220689018559,2.512784964631005,8.29602932839889,2.7834679879330855,5.157090086332712,10.243682087832493
