x1,y1,theta1,x2,y2,theta,length
14.790594311235543,6.25103447750485,4.700117134081605,13.905092471803513,1.8054199070530685,3.6570101983193695,4.650813421016032
13.897692801275262,1.8012254444447877,3.6447383520162835,9.723690600535384,3.238450381582477,3.0066023442558554,4.52710268901563
9.709673577185605,3.240346516227636,3.0188741905589414,7.134212768628676,3.1896112213409142,2.466641106920111,2.648109352713788
7.130437866061767,3.1927240152503287,2.454369260617026,6.365672053080793,4.301630477713843,2.5770877236478773,1.3752469318751657
6.36253030565227,4.303640877059155,2.5893595699509624,4.708121192128404,4.254272419735057,2.932971266437346,1.7174445198046195
4.696812377016529,4.256908971623047,2.9206994201342606,2.3508093853850625,7.693278743760676,1.0676506283684062,4.454439716229826
2.353600919850108,7.698156447883924,1.055378782065321,3.8309265360162015,8.169653156347541,0.15953400194010647,1.6666387431610958
3.8413524924405107,8.17123554459575,0.1718058482431918,4.525145179751981,8.407382885240269,0.13499030933393574,0.7272286674683365
4.541377644276146,8.409267805543148,0.1227184630308513,10.0502804664147,7.113285267652006,-0.07363107781851061,5.6678103004525795
10.059542216521145,7.1126922822927,6.221826075664161,11.422260354684148,7.257611232656549,6.393631923907352,1.3712629438282835
11.4317533931705,7.258656959195496,0.10180641838499277,12.494292336435306,7.790624331160875,1.0553787820653207,1.249185588286
12.496596288871814,7.795867008604643,1.0676506283684062,13.215202736120398,9.210387076497119,0.4172427743048943,1.674826039196477
13.213169984223343,9.20968390070087,0.4049709280018093,14.49752058595657,8.74583000953562,-1.0981321616054762,1.5031030896072854
14.498193884940196,8.73431605977361,5.178719139901925,14.790678398742944,6.263512711652337,4.71238898038469,2.4960357882923576
