TIME,LB,UB,OPEN,GAP,TREE
0.023478984832763672,0.0,33.43163301113947,1,100.0,1
0.02350783348083496,30.540598048138598,33.43163301113947,1,8.647603190779142,1
0.14502191543579102,30.540598048138598,33.43163301113947,2,8.647603190779142,4
0.37445497512817383,31.376804223439642,33.43163301113947,2,6.146360804496609,8
0.6928730010986328,31.376804223439642,33.43163301113947,4,6.146360804496609,13
1.203732967376709,31.376804223439642,33.43163301113947,4,6.146360804496609,19
1.9821839332580566,31.376804223439642,33.43163301113947,5,6.146360804496609,26
2.1766059398651123,31.376804223439642,33.43163301113947,5,6.146360804496609,26
2.631412982940674,31.56699657266364,33.43163301113947,5,5.577461435564717,26
2.7303898334503174,32.15585421115997,33.43163301113947,5,3.816082808621425,26
2.9026038646698,32.39482906514443,33.43163301113947,4,3.1012662338377996,26
3.998595952987671,32.46641394925925,33.43163301113947,4,2.887143028755452,26
7.401181936264038,32.935198874170155,33.43163301113947,4,1.4849233861950462,26
7.521450042724609,32.96753698601103,33.43163301113947,3,1.3881943038014437,26
17.77646493911743,33.17997560141543,33.43163301113947,3,0.7527523697098099,26
18.31231999397278,33.28178172146369,33.43163301113947,2,0.44823203708251264,26
47.88058590888977,33.305220492020304,33.43163301113947,2,0.37812247782524716,26
134.77495002746582,33.36823534421466,33.43163301113947,2,0.18963377261195374,26
446.2856788635254,33.39988378450882,33.43163301113947,2,0.09496762129467505,26
1730.5038340091705,33.41574542864359,33.43163301113942,1,0.04752260378825924,26
1730.5039110183716,33.41574542864359,33.43163301113942,2,0.04752260378825924,26
