x1,y1,theta1,x2,y2,theta,length
10.599391955780414,1.5617905513369723,3.3287383097118415,9.233304454820843,1.1194144518127183,3.0265440944983704,1.4436265118330418
9.232465339323433,1.1195121408685926,3.025010113710484,5.034947475374102,3.858850377331862,2.3976119714652575,5.0210073994874
5.0341955044601905,3.859542774438716,2.3960779906773713,0.8207065346299363,9.704328046058146,1.0062913968529799,7.343358893076388
0.8208285128431095,9.704520380596824,1.0047574160650952,4.937093303190246,9.085058770755712,-0.2623107147284458,4.294439444983669
4.937592596107074,9.084924178920348,6.019340611663255,7.767869902125212,8.219239994651725,5.938039629905315,2.9597216370134576
7.768915568841858,8.218862843096812,5.93650564911743,13.002283534157122,5.943564764578164,5.301437602932776,5.7224903779942755
13.002697898535649,5.942944008713714,5.29990362214489,12.950381861744123,1.749160733787339,3.9361947017145553,4.248213249572036
12.949819273870306,1.7485884263522562,3.9346607209266695,10.600021668822249,1.5619087950101027,3.3272043289239543,2.390828317463757
