x1,y1,theta1,x2,y2,theta,length
10.600024387768944,1.5619651595495925,3.3272240471523444,9.232857976886184,1.1192495479188267,3.0257802184026734,1.4448086728676448
9.232857976886184,1.1192495479188267,3.0257802184026734,5.034238942876735,3.8593937084551424,2.3974056236952954,5.0224139718751815
5.034238942876735,3.8593937084551424,2.3974056236952954,0.8205026477666661,9.704616504610488,1.0055697296916053,7.34410541276363
0.8205026477666661,9.704616504610488,1.0055697296916053,4.93725535455422,9.085023927701043,6.019831604895898,4.295217011619463
4.93725535455422,9.085023927701043,6.019831604895898,7.768239680522768,8.219135605397813,5.937034956541561,2.960458183470533
7.768239680522768,8.219135605397813,5.937034956541561,13.002791786504732,5.943249752970644,5.300963339787137,5.7238495018614515
13.002791786504732,5.943249752970644,5.300963339787137,12.950373126493636,1.748587258080648,3.9354464119375097,4.24928846692359
12.950373126493636,1.748587258080648,3.9354464119375097,10.600024387768944,1.5619651595495925,3.3272240471523444,2.3914917897579224
