TIME,LB,UB,OPEN,GAP,TREE
0.03879714012145996,0.0,30.482217239396263,1,100.0,1
0.03885698318481445,27.789648323579883,30.482217239396263,1,8.833244952852091,1
0.09409213066101074,27.789648323579883,30.482217234988205,1,8.833244939668393,1
0.09416007995605469,27.789648323579883,30.482217234988205,2,8.833244939668393,1
0.36675596237182617,28.872034294697766,30.482217234988205,2,5.282368168553806,1
1.2903680801391602,29.633597089772866,30.48221723441233,1,2.783984308337752,1
1.2904269695281982,29.633597089772866,30.48221723441233,2,2.783984308337752,1
3.058946132659912,30.03711129178894,30.48221723441233,4,1.460215112307836,4
3.7749691009521484,30.03711129178894,30.482217144059497,3,1.4602148202244603,4
3.775062084197998,30.03711129178894,30.482217144059497,4,1.4602148202244603,4
4.520897150039673,30.03711129178894,30.482217144059497,4,1.4602148202244603,4
5.289744138717651,30.03711129178894,30.482217144059497,4,1.4602148202244603,4
6.164561033248901,30.03711129178894,30.482217144059497,4,1.4602148202244603,4
7.058349132537842,30.03711129178894,30.482217144059497,4,1.4602148202244603,4
8.318263053894043,30.03711129178894,30.482217144059497,4,1.4602148202244603,4
9.491403102874756,30.03711129178894,30.482217144059497,4,1.4602148202244603,4
13.346204042434692,30.03711129178894,30.482217100467725,3,1.4602146793054505,4
13.346276998519897,30.03711129178894,30.482217100467725,4,1.4602146793054505,4
14.690641164779663,30.082179858133642,30.482217100467725,4,1.3123626835134132,4
24.275744199752808,30.21456804094259,30.48221709669415,3,0.8780498311606919,4
24.275815963745117,30.21456804094259,30.48221709669415,4,0.8780498311606919,4
28.455862045288086,30.261256125881257,30.48221709669415,3,0.7248848406005763,4
30.360619068145752,30.342799453252773,30.48221709669415,2,0.45737369758611357,4
62.31141209602356,30.348974813964738,30.482217096690153,1,0.4371148014029578,4
62.31147003173828,30.348974813964738,30.482217096690153,2,0.4371148014029578,4
205.71124410629272,30.41527037386998,30.482217094110254,1,0.21962549519801708,4
205.7113151550293,30.41527037386998,30.482217094110254,2,0.21962549519801708,4
814.6458730697632,30.447838493267234,30.482217094110254,2,0.11278248146084698,4
4211.001715183258,30.46541454239317,30.482217094084646,1,0.05512247235696448,4
4211.001791000366,30.46541454239317,30.482217094084646,2,0.05512247235696448,4
4211.001811027527,30.46541454239317,30.482217094084646,2,0.05512247235696448,4
