x1,y1,theta1,x2,y2,theta,length
14.63255787450969,4.242029088858533,4.890330751779424,2.1816969897604723,0.5350209274015735,2.6292430704359866,13.554848270709744
2.180606551816146,0.5356397524456155,2.6261751088602177,1.6313987109807457,1.3841959914250785,1.9297478311601366,1.0428072755330722
1.6305594357842317,1.3864187228614435,1.932815792735908,1.2969627132696866,3.1258031293643196,1.0584467436410925,1.853600571104798
1.2981482747030606,3.1279081289778587,1.055378782065321,14.63252017024832,4.242235529843555,-1.38978659382439,14.014158425045554
