x1,y1,theta1,x2,y2,theta,length
14.63456015628994,4.241294051689023,4.892854028622572,2.181612793775331,0.5343943460070609,2.6261694207191977,13.56005445316464
2.181612793775331,0.5343943460070609,2.6261694207191977,1.6313917931949375,1.3844147124436421,1.9325459209005609,1.0445095697670057
1.6313917931949375,1.3844147124436421,1.9325459209005609,1.2966026467777894,3.128489081977673,1.057634343461957,1.858697936223904
1.2966026467777894,3.128489081977673,1.057634343461957,14.63456015628994,4.241294051689023,4.892854028622572,14.018955134929099
