x1,y1,theta1,x2,y2,theta,length
9.880784359143572,7.7926863296625,5.792311455056181,12.44439939110472,6.958445135297408,5.399612373357456,2.734829270304185
12.448356459102628,6.951294552585049,5.301437602932776,12.19034216334767,4.9377713294209125,4.589670517353839,2.1140120113326195
12.189960299367385,4.9347945208247355,4.601942363656924,11.709400167407594,2.0684668873431633,3.534291735288517,3.126497813379496
11.705416995967205,2.0665417154745,3.4852043500761765,9.673215977787507,2.8551237398169445,3.1415926535897936,2.2981490962593583
9.670931530517102,2.855172130031771,3.1906800388021335,7.796064300368438,1.6344488024861097,3.436116964863835,2.2764622820495224
7.790759501344661,1.63319189156046,3.3379421944391554,3.230487931997991,2.8451450425421374,2.307107104980004,4.76579957367823
3.229259801378937,2.8470275215130183,2.2580197197676637,3.4253040559348347,5.878300557250064,1.1780972450961729,3.1237756184698022
3.4284145204170153,5.882968893331664,0.9817477042468103,8.261657489462344,8.899136377764282,0.04908738521234024,5.731550288466253
8.26406513437451,8.898902979343013,0.0,9.878175694829878,7.7940819241616905,-0.493941813699176,2.005307103005641
