x1,y1,theta1,x2,y2,theta,length
9.856720777012509,7.8047674379027985,5.816217525648889,12.519185045096549,6.79483337016654,5.20178987641659,2.924015276964067
12.519185045096549,6.79483337016654,5.20178987641659,12.181494298605063,4.877781784680701,4.541266482079854,2.01276120066274
12.181494298605063,4.877781784680701,4.541266482079854,11.552718243227638,2.0164135082378065,3.5080199027786962,3.1331751242712733
11.552718243227638,2.0164135082378065,3.5080199027786962,9.54059396349558,2.8533262376205664,3.097401558555216,2.3197059784983556
9.54059396349558,2.8533262376205664,3.097401558555216,7.611029043935021,1.6011835147517663,3.403921583970919,2.3654744781999253
7.611029043935021,1.6011835147517663,3.403921583970919,3.2536757215097887,2.810601295242061,2.1646406757889483,4.60572485029887
3.2536757215097887,2.810601295242061,2.1646406757889483,3.544961442962682,6.032451491147252,0.9996121739246476,3.3083319314457964
3.544961442962682,6.032451491147252,0.9996121739246476,8.209081520270162,8.901989310435551,6.218531988443975,5.53007156330556
8.209081520270162,8.901989310435551,6.218531988443975,9.856720777012509,7.8047674379027985,5.816217525648889,2.011027230021985
