TIME,LB,UB,OPEN,GAP,TREE
0.021342992782592773,0.0,29.155840936193236,1,100.0,1
0.021377086639404297,25.938608333736624,29.155840936193236,1,11.034607471955406,1
0.09786200523376465,25.938608333736624,29.155834858257638,2,11.034588925893223,3
0.1243741512298584,25.938608333736624,29.155834858257638,4,11.034588925893223,4
0.37303900718688965,25.938608333736624,29.07660388798578,4,10.792166672345632,8
0.3730909824371338,25.938608333736624,29.07660388798578,5,10.792166672345632,8
0.45732808113098145,25.938608333736624,29.076590351575547,4,10.792125142241403,8
0.4573681354522705,25.938608333736624,29.076590351575547,5,10.792125142241403,8
0.6731569766998291,25.938608333736624,29.076590351575547,6,10.792125142241403,12
0.9080851078033447,26.300135151560465,29.076590351575547,6,9.548764715683513,12
1.0087511539459229,26.424694276883645,29.076590351575547,6,9.120381869493187,12
1.2443211078643799,26.799540345199997,29.076590351575547,6,7.831213972625113,12
1.3466911315917969,26.851343014672505,29.076590351575547,6,7.6530546050853046,12
1.6101970672607422,27.8879489911999,29.076590351575547,6,4.087966800795266,12
2.3837900161743164,27.905654055030134,29.076590351575547,6,4.0270756728598505,12
2.9143121242523193,28.337556606191374,29.076590351575547,5,2.541679531362685,12
4.979107141494751,28.460268700955552,29.076587847850867,4,2.1196405510864245,12
4.979161024093628,28.460268700955552,29.076587847850867,5,2.1196405510864245,12
5.0814549922943115,28.460624559288455,29.076587847850867,4,2.1184166855669746,12
5.386137008666992,28.675197804972832,29.076587847850867,3,1.3804578617628356,12
11.697815179824829,28.762329287345395,29.076586522508926,2,1.080791360843737,12
11.697861194610596,28.762329287345395,29.076586522508926,3,1.080791360843737,12
12.34813404083252,28.866690335092485,29.076586522508926,2,0.7218735502324327,12
31.40960717201233,28.91814863854349,29.076586522508926,2,0.5448985005264845,12
100.63309597969055,28.997055934169865,29.076586522508926,2,0.27352106230727763,12
511.2425181865692,29.036701876077103,29.076586506139016,1,0.1371709504260128,12
511.2426030635834,29.036701876077103,29.076586506139016,2,0.1371709504260128,12
3180.9063081741333,29.056621027596663,29.076586486745292,1,0.0686650723520476,12
3180.906383037567,29.056621027596663,29.076586486745292,2,0.0686650723520476,12
