x1,y1,theta1,x2,y2,theta,length
15.195335086613452,8.829648138494834,2.569417819708449,9.45376700884875,4.528702415995981,3.643204371228399,7.488228387371109
9.452869804596387,4.528211478917177,3.6416703904405123,5.452063131715164,2.8251187157316338,4.588136536565952,4.5661486764046195
5.4519791399574915,2.8244516672432245,4.589670517353839,6.264944081271311,1.678492740937032,5.959515360935716,1.5276035211667616
6.266079820801611,1.6781130438727827,5.9610493417236015,13.040662799428608,0.8962797401858431,6.829282467666872,6.871104026812448
13.041439300749342,0.8967531785637041,0.5476311412751738,15.195767629849524,8.829368724400231,2.5678838389205625,8.613514682169306
