x1,y1,theta1,x2,y2,theta,length
15.195613943800709,8.830697253752623,2.568223822077535,9.453430578438804,4.528368263262273,3.642356442063622,7.4905547228697245
9.453430578438804,4.528368263262273,3.642356442063622,5.451139857217514,2.824644354786397,4.588696540612752,4.568120337749983
5.451139857217514,2.824644354786397,4.588696540612752,6.264217434860786,1.678622703059121,5.961959249972009,1.5283877500587075
6.264217434860786,1.678622703059121,5.961959249972009,13.040888071447913,0.8959744401395976,0.5474105051876462,6.8735775948149485
13.040888071447913,0.8959744401395976,0.5474105051876462,15.195613943800709,8.830697253752623,2.568223822077535,8.615946081251927
