x1,y1,theta1,x2,y2,theta,length
12.39170562902731,1.8281677474192453,0.9593984293927706,13.889669829836508,5.818777533511242,2.0122995051848247,4.359201903653432
13.889669829836508,5.818777533511242,2.0122995051848247,12.71413338598128,6.735663154160185,2.190506671128344,1.5308708462999134
12.71413338598128,6.735663154160185,2.190506671128344,12.47111038993784,7.820582338907407,1.927814353558956,1.1315208021131393
12.47111038993784,7.820582338907407,1.927814353558956,10.787311188429653,9.023515945576031,3.2794458955358055,2.1805766469683596
10.787311188429653,9.023515945576031,3.2794458955358055,9.439157682307924,7.739464092773903,3.682587735085598,1.9278790605573213
9.439157682307924,7.739464092773903,3.682587735085598,9.050196479891142,7.604633423238984,3.2679665498491746,0.41462118523642344
9.050196479891142,7.604633423238984,3.2679665498491746,3.6723641229752007,6.784410420605051,4.024785547493811,5.510517989758204
3.6723641229752007,6.784410420605051,4.024785547493811,4.267659296422306,2.692885991216637,5.839591007128618,4.38080396339694
4.267659296422306,2.692885991216637,5.839591007128618,7.1648678198039155,3.7844666801666214,6.213969583715863,3.23590656641648
7.1648678198039155,3.7844666801666214,6.213969583715863,8.173315098275063,3.1326771553618125,5.325830456322002,1.2351354582220218
8.173315098275063,3.1326771553618125,5.325830456322002,8.835627773272009,1.8191976972555088,5.544711619249115,1.48282859706116
8.835627773272009,1.8191976972555088,5.544711619249115,11.475291808143703,1.084365136833481,0.25153695569828377,2.7805469484548415
11.475291808143703,1.084365136833481,0.25153695569828377,12.39170562902731,1.8281677474192453,0.9593984293927706,1.1998311953457286
