x1,y1,theta1,x2,y2,theta,length
3.9908353997204737,8.224938548829275,0.684155431396996,4.429759818049056,8.43124269204232,0.21168934872821848,0.48985612274858065
4.431449153111799,8.431594462906652,0.21475731030398976,8.57449884096907,9.325139588750003,-0.19328157927359157,4.250209227927815
8.575957337016561,9.324850236641977,6.086835766330224,12.020637775205111,7.098484243567871,6.154330920997192,4.129262538229877
12.023184140902398,7.098162585215633,6.157398882572965,13.900424811781898,7.253483112495635,5.706408530934584,1.9616765540293528
13.901565922174802,7.2527355234737705,5.703340569358813,14.125603974138798,1.7751974811085165,3.822680123411018,5.747381362840808
14.123822020400764,1.7737621218218689,3.8196121618352463,8.435770352994455,2.781022794321956,3.1661363461959633,5.891450116769667
8.43138288050001,2.7809137465213123,3.1692043077717345,1.7453718812107604,1.0899701136704543,2.6046993778298186,6.984785289396745
1.7427009126008053,1.0890178213796864,2.601741523329551,1.5157580863340567,1.2752440776831304,2.3071071049800054,0.2946344183495455
1.5149206398764514,1.2761002153673435,2.3040391434042333,3.9897146500020444,8.22404894769882,0.6872233929727678,7.60939860450336
