x1,y1,theta1,x2,y2,theta,length
3.989620596677535,8.224457733266503,0.6841667358208996,4.423425824243814,8.4298138409757,0.22324396801688776,0.4846532894098258
4.423425824243814,8.4298138409757,0.22324396801688776,8.574653867665598,9.325455056592098,6.087145684533894,4.258899036388135
8.574653867665598,9.325455056592098,6.087145684533894,12.020207917830337,7.097834899321436,6.157573299244889,4.131127810741695
12.020207917830337,7.097834899321436,6.157573299244889,13.902639853765997,7.253180034820114,5.703545143457829,1.9676997273160906
13.902639853765997,7.253180034820114,5.703545143457829,14.124263937973186,1.7721541356793895,3.819528792106338,5.752126856699169
14.124263937973186,1.7721541356793895,3.819528792106338,8.43217335414215,2.7815529746566954,3.1667364807574274,5.895883413312788
8.43217335414215,2.7815529746566954,3.1667364807574274,1.7452708180032874,1.0854972602227992,2.6051955202584858,6.987083429842535
1.7452708180032874,1.0854972602227992,2.6051955202584858,1.5153540462182642,1.273487952310981,2.3071072049800043,0.29808831527848145
1.5153540462182642,1.273487952310981,2.3071072049800043,3.989620596677535,8.224457733266503,0.6841667358208996,7.614098961362792
