x1,y1,theta1,x2,y2,theta,length
11.755850540776011,5.912536150141382,0.2899223689103862,15.10090227758473,8.9798413932191,-0.3604854851531256,4.597974604429728
15.101051266473226,8.979785028635401,5.921165841238574,15.55084621805032,3.1551034987145625,3.9269908169872387,5.924711907694847
15.550667679958314,3.154925054202997,3.9254568361993556,7.690003748714333,3.544193760992588,3.745981084016735,7.906171043018098
7.689756786225173,3.544023142797651,3.747515064804621,6.792611914155718,1.2955029112152239,3.250505289529677,2.486310085794633
6.792462725312211,1.2954867994965182,3.248971308741788,3.3375320340809176,7.465138066995625,0.9387962421860161,7.191316104305859
3.3376263076965236,7.465266813892841,0.9372622613981267,11.755526513825552,5.912439829792532,0.28838838812249534,8.62087607448382
