x1,y1,theta1,x2,y2,theta,length
11.755759692700753,5.912414760867258,0.28896582025533063,15.100952468235556,8.980008791379813,5.921565130408124,4.598472047781546
15.100952468235556,8.980008791379813,5.921565130408124,15.550773912505889,3.154827288615256,3.9267044495776076,5.925295342260977
15.550773912505889,3.154827288615256,3.9267044495776076,7.689719860269789,3.544142543119507,3.7462976228626004,7.906687058543972
7.689719860269789,3.544142543119507,3.7462976228626004,6.792660886846007,1.295330826343536,3.2493172838231907,2.4868107728194815
6.792660886846007,1.295330826343536,3.2493172838231907,3.3375402409312263,7.465444167995014,0.9387172200689049,7.1918763162204264
3.3375402409312263,7.465444167995014,0.9387172200689049,11.755759692700753,5.912414760867258,0.28896582025533063,8.621458802917317
