x1,y1,theta1,x2,y2,theta,length
1.980199106029275,3.3166549037786304,4.614214209960009,1.60273224855644,1.139784852991582,5.549942490570251,2.3069425108195696
1.6031625995698098,1.1394369795729822,5.5530104521460215,1.7329007155707679,1.0553685546704983,5.863444590852387,0.1552170693531827
1.734266572966664,1.0560622187403101,5.8659425328746915,4.637444268801898,2.1689809068964516,6.817010621363789,3.1520137617004917
4.638755786857014,2.1697564313103994,0.5368932757599744,6.221721325973123,3.370072302327864,0.6964272777000813,1.9867169235352842
6.222895289299446,3.3710569504227164,0.6994952392758524,7.566162962920438,4.525596996950555,0.23930100291015877,1.7808136337510205
7.56746548933438,4.5259124452596176,0.23623304133438872,11.599743933726081,3.593937276561232,0.4264466590322096,4.172928962320798
11.600813819367923,3.5944243112248353,0.4295146206079795,13.476936725283416,7.310031980114866,1.448077863764047,4.191571755042024
13.477112551864016,7.31147514553943,1.4511458253398164,12.962904271004295,9.165533298762085,2.583223646799418,1.9652082955350942
12.962006439486597,9.16609363939666,2.5862916083751912,10.336629004924845,8.693738537395314,2.9820586516496856,2.7084324680022736
10.335241694562368,8.693963603123882,2.978990690073915,9.620749168954173,9.079041768701853,2.868544073346149,0.8170953965890926
9.61933817227612,9.079431894229069,2.8716120349219203,4.8361836802002465,8.941207141907528,3.209087808256763,4.787422283017663
4.83465441960736,8.941100394157685,3.2121557698325325,1.5478996598156272,8.444620783267059,4.034369472139236,3.360187107255442
1.5472251555185697,8.443777906105856,4.037437433715008,1.980345430125067,3.3181470609298094,4.617282171535779,5.182061623598944
