x1,y1,theta1,x2,y2,theta,length
4.43351918086486,2.1532158155451637,0.39899709762442764,8.55665892943035,3.787699940548708,-0.23009711818284684,4.454600320118915
8.558377088248378,3.7872919014126363,6.050020227420968,11.598000779644178,0.7300168800643002,6.430447462816609,4.401218504907739
11.598481798865249,0.7300897205942026,0.15033011721279282,14.095814396900215,6.105011615985368,1.6536312893407208,6.0165296390617025
14.095700914567901,6.106334275705534,1.6566992509164926,13.413132607085855,7.252546711751762,2.313243028131547,1.3431223509067582
13.412557359072435,7.253172242852667,2.3163109897073184,10.695755048208026,9.228093204770865,3.1630683846201926,3.383253823964405
10.694475791419384,9.228066000078638,3.1661363461959633,9.900943980937056,8.703728394331417,3.758252930319819,0.9698653433590678
9.899405369621501,8.702643636773717,3.7551849687440493,5.071019190508894,6.0059537239382115,3.046485844740883,5.549286525167743
5.070236526767834,6.006028626065258,3.043417883165112,1.9906795016049355,8.165104098514723,3.5895150436524004,3.8825510524259004
1.990046906647561,8.164798415430766,3.592583005228172,1.9058758016907031,3.321947637807728,4.623418094687322,4.957412108136829
1.9057179667721185,3.320208573943989,4.620350133111551,1.7235015168492065,1.3079410993670737,5.580622106327963,2.1049572257977625
1.724255545123111,1.3073064891865729,5.583690067903735,4.431769125543825,2.1524782056563865,6.682020312029853,2.92717079117437
