x1,y1,theta1,x2,y2,theta,length
14.255656163692954,1.246309367995704,3.8456898352293027,8.897672966144091,2.763155894419788,2.985126613225458,5.740523992998527
8.896193804714754,2.7633892901216996,2.986660594013343,7.1066048207987285,2.865021036602876,2.5786217044357627,1.821448062792562
7.105554457815504,2.865685538760236,2.5770877236478773,6.377568653024153,4.133665054244004,2.1276313527973842,1.488620179692658
6.376770206374108,4.134946832164978,2.12916533358527,4.516721003232764,7.2139655988155225,1.0753205323078343,3.8201830335137803
4.516965047485442,7.214415833017729,1.0737865515199487,10.012301631209109,7.040909438565208,0.03528155812136924,5.744095835529273
10.013806471240168,7.0409631259607375,0.03681553890925539,13.141603486992919,7.442473495408936,-0.5629709491540309,3.2187014770274747
13.142514018732966,7.441897195724765,5.71868037723767,14.256206485590596,1.246777739966151,3.8472238160171885,6.568248578700049
