x1,y1,theta1,x2,y2,theta,length
14.256236508906875,1.2459153125819613,3.8466329994168795,8.896531704793867,2.763503839400487,2.9854612489492816,5.742904209777158
8.896531704793867,2.763503839400487,2.9854612489492816,7.1059238984066315,2.8649202745671563,2.5777550395699675,1.8226711300537928
7.1059238984066315,2.8649202745671563,2.5777550395699675,6.377054911567419,4.13474384297639,2.1279661188219277,1.490792202522088
6.377054911567419,4.13474384297639,2.1279661188219277,4.516103883017884,7.214343468014544,1.0743335240401382,3.8218940544488014
4.516103883017884,7.214343468014544,1.0743335240401382,10.013236833212252,7.040796709722785,0.035870987058841286,5.746251770564894
10.013236833212252,7.040796709722785,0.035870987058841286,13.142125972410328,7.4427883466112394,5.719181646667785,3.2201982334413604
13.142125972410328,7.4427883466112394,5.719181646667785,14.256236508906875,1.2459153125819613,3.8466329994168795,6.570512491116475
