x1,y1,theta1,x2,y2,theta,length
2.1146905072224187,3.79187968612895,5.373202220544465,6.765647862098836,1.1781474896723316,0.38930273383171393,5.367531974180014
6.765647862098836,1.1781474896723316,0.38930273383171393,7.610953300457807,3.640278504627906,0.5244538436969192,2.647610189883995
7.610953300457807,3.640278504627906,0.5244538436969192,8.675329182018999,3.3760657029113643,5.332312971063432,1.1294499258625088
8.675329182018999,3.3760657029113643,5.332312971063432,8.633362451399332,1.9587969582670026,4.848733883146964,1.4304710634811215
8.633362451399332,1.9587969582670026,4.848733883146964,9.206195677028607,0.6803848981481079,6.033061200998409,1.434090833764022
9.206195677028607,0.6803848981481079,6.033061200998409,10.567974348535945,1.684987727295427,0.15603338582125278,1.7298691090510558
10.567974348535945,1.684987727295427,0.15603338582125278,13.312671623981863,0.5770784143859395,0.18462878016319906,2.9748880223733916
13.312671623981863,0.5770784143859395,0.18462878016319906,15.560935187632166,2.9288447105664535,1.8577633836752045,3.310124851179796
15.560935187632166,2.9288447105664535,1.8577633836752045,13.71909962088358,3.4619476654896797,2.6228262034714307,1.962430913738984
13.71909962088358,3.4619476654896797,2.6228262034714307,13.337039243197925,3.8575981407558806,2.4725605453115382,0.55122996255765
13.337039243197925,3.8575981407558806,2.4725605453115382,11.72364454001684,4.822226147839309,1.951593158633675,1.891965950864118
11.72364454001684,4.822226147839309,1.951593158633675,11.924350949357729,5.592194771283918,0.8793438414112916,0.8102192511774918
11.924350949357729,5.592194771283918,0.8793438414112916,13.375658487467332,6.394971821088861,0.72582339186496,1.661329558458957
13.375658487467332,6.394971821088861,0.72582339186496,15.06744774805225,9.118204325387532,2.2358322929790977,3.2814176726127884
15.06744774805225,9.118204325387532,2.2358322929790977,8.372190513107522,6.817456277934019,2.6520547898432913,7.179409539120167
8.372190513107522,6.817456277934019,2.6520547898432913,7.809370357238545,8.597492355495513,2.548453151879082,1.9032237802551144
7.809370357238545,8.597492355495513,2.548453151879082,3.219280912858115,7.941693554096927,2.8928791547532446,4.656067217940105
3.219280912858115,7.941693554096927,2.8928791547532446,0.5784490470985688,9.740973950112886,3.7366585690340672,3.268407769205119
0.5784490470985688,9.740973950112886,3.7366585690340672,2.1146905072224187,3.79187968612895,5.373202220544465,6.220496042588603
