x1,y1,theta1,x2,y2,theta,length
1.0011273532744134,1.9406717561585567,5.5959619142068195,3.5358690615952804,1.6779549059064127,6.479534848028947,2.5577886505100316
3.5685980915960487,1.6855675880993326,0.2945243112740431,5.471044716300709,2.806774244805995,0.09817477042467926,2.212426493970308
5.496329914300439,2.809228500710218,0.0,10.44867349425011,1.0127905246917965,3.941291737419306e-15,5.2716802049736335
10.480690399973616,1.0134620743061065,0.09817477042468103,13.833445371224714,2.15730343474403,-1.0799224746714922,3.6557054733095766
13.833712545744879,2.15673576050847,5.105088062083414,13.154385419782033,1.5753754797925135,3.1415926535897953,0.9974049184360074
13.128488795352357,1.577972657019411,3.043417883165112,10.915877214720723,3.471971986211494,1.4726215563702176,2.957865736846947
10.918218126911155,3.489099099519724,1.3744467859455345,14.987228155113648,5.41495298177811,0.883572933822125,4.539501638396727
15.004085300593093,5.437257611327184,0.9817477042468103,15.323984574911227,8.056520627697637,2.159844949342979,2.657753944899417
15.315436650770245,8.069208220925947,2.2580197197676637,12.250141739283952,8.874511526493457,3.3379421944391536,3.1832930317389727
12.226511965204146,8.869731217442567,3.436116964863836,7.708555680043022,5.570848089431245,2.9452431127404344,5.61934782255808
7.686683577700522,5.576048526019002,2.84706834231575,6.584035202288829,7.615682221968012,2.3561944901923466,2.340505441279978
6.560496270511527,7.635713872355045,2.454369260617026,5.333627022538346,7.997230274568869,3.3379421944391554,1.2863565749837047
5.307067085630972,7.989146743616087,3.436116964863836,4.11537383979767,6.7741186759737975,3.0434178831651106,1.741173731452895
4.103874248457731,6.776429036828233,2.945243112740431,3.355146652292793,8.568625869794609,2.650718801466388,2.0014699255873643
3.344182477618741,8.573187005096326,2.748893571891069,0.3404703582216685,7.013492272586392,4.221515128261286,3.4202956658356993
0.33150833946658154,6.996119004317266,4.319689898685965,0.9820998198604941,1.959059272322098,5.497787143782138,5.0963177403903295
