x1,y1,theta1,x2,y2,theta,length
11.308392636444452,5.8861369677903195,5.135767677841127,11.643534420980638,1.59700147686916,3.6232626209858827,4.439576663749424
11.64302852764243,1.596738525632799,3.6201946594101133,9.41697636305934,3.1916473669331182,2.831728534436895,2.866471202072753
9.41518405370556,3.1922528749903925,2.834796496012665,9.414144288640559,3.192581024009819,2.836977132287177,0.0010903181372559079
9.412647939933251,3.1923830165515064,2.837864457588436,3.0097654220382735,2.592689613106456,2.1015536794033283,6.559134268369057
3.009376994853549,2.5933530483716702,2.098485717827557,7.703866106264531,9.128681952134365,0.8068738944278504,8.171323471092942
7.7049697598575975,9.129834331558298,0.8038059328520759,8.22782000654117,9.383025065045043,-0.0859029241215945,0.6023225072823669
8.228934471597078,9.382929175965101,6.194214421482219,11.307791159657617,5.887471641314202,5.1388356394169,4.697318280926714
