x1,y1,theta1,x2,y2,theta,length
11.308515598162517,5.886356200671546,5.135410162827465,11.642335905329922,1.5954281428572492,3.624327283229789,4.440781844162849
11.642335905329922,1.5954281428572492,3.624327283229789,9.411451233937731,3.19132457138804,2.760899417282228,2.869028795438651
9.411451233937731,3.19132457138804,2.760899417282228,9.381048082092065,3.2023657464414153,2.825592611285351,0.032346597001561506
9.381048082092065,3.2023657464414153,2.825592611285351,3.008159572213058,2.5935256331596186,2.101717497265722,6.5314554407049155
3.008159572213058,2.5935256331596186,2.101717497265722,7.704651570094966,9.129618733967058,0.8061471605468599,8.174176021940418
7.704651570094966,9.129618733967058,0.8061471605468599,8.228853233206234,9.383502296114326,6.196576324253036,0.6039116390316874
8.228853233206234,9.383502296114326,6.196576324253036,11.308515598162517,5.886356200671546,5.135410162827465,4.699542016595872
