x1,y1,theta1,x2,y2,theta,length
11.416259501662532,4.024167447177659,1.7119225592803755,12.290256947482668,6.553286966315672,1.6566992509164922,2.6928690220058495
12.289909031114815,6.557041891889417,1.6628351740680352,11.350776048431385,8.158433979916763,2.0064468705544187,1.8642512709572583
11.349971107480782,8.16017702986546,2.0003109474028764,10.834310477199677,8.966913140435235,2.914563496982719,1.013007190429872
10.832822978241694,8.967245827868798,2.9206994201342606,8.697881376749663,7.462675592968601,2.804116880254952,2.766465933222789
8.696438353211834,7.463192278911089,2.7979809571034098,8.138488921468161,9.230598129370922,2.4298255680108536,1.9626333463112864
8.137145081581219,9.23175911983106,2.435961491162398,6.9542069067719225,9.276419701674017,3.1845441156505907,1.214808027828055
6.951914475758841,9.276323556795656,3.1784081924990484,0.7308525175079819,9.059475432696695,4.190835512503572,6.31226687888769
0.7297893478016056,9.057622667715071,4.196971435655114,1.6396905450370083,6.8947742720666065,4.718524903536231,2.4280845053770665
1.6396956177389745,6.891373928232694,4.71238898038469,0.4951724779110628,4.383569225724746,5.148039524144212,2.8261988718726134
0.4958686510522395,4.382096377128842,5.154175447295755,3.370394895163419,3.6262338271034706,5.546874528994479,3.046283456947758
3.371440350278062,3.6252816245969064,5.540738605842936,4.408767593943227,0.7328577326602616,5.915029918087031,3.1438447012207895
4.411203629044033,0.7319205646024074,5.921165841238574,6.519572853972535,1.8505822259871856,6.534758156392831,2.4462439150764297
6.522810859175573,1.8514096453675442,0.2454369260617026,9.150174484506408,1.6829323684955761,0.27611654181941603,2.639074071233438
9.151659075359975,1.6833571394431661,0.28225246497095796,9.485981609658715,1.825570206111656,0.1656699250916493,0.365651241922912
9.489907356399495,1.8261759440372127,0.1595340019401067,13.275853570840532,0.9393719393030864,0.9449321653375534,4.037978351207994
13.276357910486482,0.9400719428209275,0.9510680884890974,11.416502214663321,4.022464600357142,1.7180584824319176,3.747356792836033
