x1,y1,theta1,x2,y2,theta,length
11.4161969478476,4.0211289613894206,1.7083622142064772,12.29089127819229,6.556742647850572,1.6637308907709245,2.6993074711250333
12.29089127819229,6.556742647850572,1.6637308907709245,11.350630531483775,8.158452403386702,2.000583012427536,1.8650970551912405
11.350630531483775,8.158452403386702,2.000583012427536,10.834692129832543,8.968175392894427,2.9193605867154195,1.0171399902651923
10.834692129832543,8.968175392894427,2.9193605867154195,8.697703469257823,7.460819045080333,2.7991408103457984,2.7717519115209
8.697703469257823,7.460819045080333,2.7991408103457984,8.137794973621254,9.232405819880753,2.4309245382411366,1.967440322735006
8.137794973621254,9.232405819880753,2.4309245382411366,6.951763385898721,9.27626435105731,3.1849503356161066,1.2187241782653693
6.951763385898721,9.27626435105731,3.1849503356161066,0.7282334166115186,9.058693084455403,4.192609659705825,6.315184398186009
0.7282334166115186,9.058693084455403,4.192609659705825,1.640692605776224,6.893555517845444,4.714711046406107,2.4327250456781284
1.640692605776224,6.893555517845444,4.714711046406107,0.4951091069113458,4.38091270080911,5.153938090324533,2.8323512024946202
0.4951091069113458,4.38091270080911,5.153938090324533,3.3715149215423867,3.62584255357761,5.545199383647454,3.048207342300193
3.3715149215423867,3.62584255357761,5.545199383647454,4.412470584849131,0.7294627519247525,5.9135181284708915,3.1486225204351146
4.412470584849131,0.7294627519247525,5.9135181284708915,6.54922029889268,1.8594747265308325,0.29921579203797316,2.476647232151299
6.54922029889268,1.8594747265308325,0.29921579203797316,9.077535531881239,1.8775496073225266,5.875008012304415,2.5364703258668277
9.077535531881239,1.8775496073225266,5.875008012304415,9.367653868781954,1.6540341487128685,5.733301896500235,0.3687568370096283
9.367653868781954,1.6540341487128685,5.733301896500235,13.268567692120932,0.9263155454229308,0.9787105161197788,4.10562178632122
13.268567692120932,0.9263155454229308,0.9787105161197788,11.4161969478476,4.0211289613894206,1.7083622142064772,3.743644150064843
