x1,y1,theta1,x2,y2,theta,length
1.2929583682072714,5.421952743895021,1.2026552868694522,3.5021070543780555,7.646215512404533,0.7354126674932958,3.1479365106531625
3.5021070543780555,7.646215512404533,0.7354126674932958,4.946055308318303,8.706530880981216,0.17220699097725392,1.811744185133786
4.946055308318303,8.706530880981216,0.17220699097725392,11.141782391109993,6.517967444900802,6.225459641068665,6.59909984213646
11.141782391109993,6.517967444900802,6.225459641068665,11.610329152912799,6.604595298548946,0.42337869745643697,0.48110436356735864
11.610329152912799,6.604595298548946,0.42337869745643697,13.056655625648053,8.827766338889141,0.44266147410644174,2.742395612309079
13.056655625648053,8.827766338889141,0.44266147410644174,14.373079096622938,8.542140903993127,5.442314178086677,1.4344991069605337
14.373079096622938,8.542140903993127,5.442314178086677,14.840617858814442,6.958707577391288,4.759508216801413,1.6699737593538817
14.840617858814442,6.958707577391288,4.759508216801413,14.130770399255788,2.8542165677583053,3.92700733326916,4.208779601963536
14.130770399255788,2.8542165677583053,3.92700733326916,11.54681250451911,2.463409788440453,2.724360183708802,2.685674465100787
11.54681250451911,2.463409788440453,2.724360183708802,11.176753031995862,2.7460204019002816,2.2544260219446848,0.46993416176411706
11.176753031995862,2.7460204019002816,2.2544260219446848,10.94111041308743,3.0065647095792105,2.468837612927406,0.35257962706078855
10.94111041308743,3.0065647095792105,2.468837612927406,9.380031837095379,3.591147541127689,3.183787810759147,1.6831902451837226
9.380031837095379,3.591147541127689,3.183787810759147,7.6957971490235,2.8565776020712748,3.400060328424728,1.8487998912921173
7.6957971490235,2.8565776020712748,3.400060328424728,6.204209055857454,2.719354128334174,3.5012093446905337,1.50303497900642
6.204209055857454,2.719354128334174,3.5012093446905337,4.489774369810913,1.6116049881163839,3.2459067887586706,2.066380154065995
4.489774369810913,1.6116049881163839,3.2459067887586706,4.025459620000816,1.6732902484130916,2.773131338186942,0.47277545057172876
4.025459620000816,1.6732902484130916,2.773131338186942,1.5073004522845057,3.0649609860784084,2.1640311832796173,2.89716034572522
1.5073004522845057,3.0649609860784084,2.1640311832796173,1.2929583682072714,5.421952743895021,1.2026552868694522,2.403677576039219
