x1,y1,theta1,x2,y2,theta,length
12.343584508722353,1.6585821765635909,1.2762720155208536,12.337239962797065,5.6920726235291665,0.8590292412159586,4.068046246615257
12.339129899331727,5.694236231804669,0.8528933180644165,14.308817647369436,6.269936623079391,1.1474176293384577,2.1425660189211113
14.309191363832422,6.2707677431393645,1.1535535524900022,13.385308434611321,7.928446034196388,2.454369260617026,1.975708034126435
13.383176639718915,7.930174032641473,2.4605051837685687,10.585560444201821,9.196012601585267,2.9636508821950587,3.0733163954753406
10.582179732053323,9.196611830915208,2.969786805346601,9.144846684382742,8.892927742943805,4.172427743048944,1.526816891328664
9.144290667622242,8.892000786512678,4.178563666200486,9.669626481920142,7.152348664476193,4.890330751779425,1.8729495916376444
9.66996791378372,7.150404470367952,4.884194828627882,9.301524784995726,3.880644955975741,3.82881604656256,3.3321117998768393
9.30122877075207,3.8789663583539147,3.8226801234110175,9.208470723579822,3.819427466312438,3.601786889955486,0.11044661672776579
9.207316484203051,3.8190071101710754,3.595650966803943,7.671427500172366,4.53239055283163,2.56211671536059,1.7630036900917203
7.6690486894895535,4.533945398055833,2.5632328204644423,3.1425061132512053,7.109311772267857,3.7613208918955916,5.331546413402757
3.141907568599319,7.108882752967856,3.7674568150471344,4.158801496391465,2.1793482218105646,5.522330836388306,5.174647903525208
4.16029975973674,2.177922305558676,5.528466759539851,8.012731382542663,1.3134359950372887,-0.20187772296995754,3.9614001268955175
8.015855324876092,1.312800344574662,-0.19959547211923948,11.548780898015352,0.6764862038541783,6.645204773120597,3.6034803273549176
11.550048110277293,0.6769688590040899,0.36815538909255385,12.342636122858554,1.6555230050240843,1.2701360923693108,1.276075879298191
