x1,y1,theta1,x2,y2,theta,length
3.1626895610321037,2.1737740853766963,1.8960002538266523,2.854540982764501,4.867743503244169,1.135145783035374,2.7267753938400903
2.8549807809801826,4.868682059976218,1.1320778214596032,3.771226689314147,5.7591763231165976,1.4664856332186726,1.3242439037469642
3.7713649512652156,5.760492409442723,1.4695535947944443,3.0083148939216446,6.7739414410681755,2.156776987767211,1.312864001206327
3.007713503357482,6.7748518797564605,2.1537090261914402,2.4637398005906275,8.887485868653032,0.8897088569736729,2.258822746258723
2.463948019870318,8.88767028319292,0.8866408953979006,2.477874270177665,8.904016404324686,0.8436894333371027,0.02147573103039896
2.4796086087422315,8.903461049279896,0.8406214717613314,6.700008645452815,8.588794451641082,0.17794177139473422,4.300698603972792
6.7016441687018595,8.58909050937588,0.18100973297050565,8.314098296340845,9.374977289645532,0.07976700097005274,1.8007316427294529
8.315573858506593,9.375094848129464,0.07669903939428206,15.055277336207093,6.793604918854036,-1.475689517945987,7.335467822198594
15.055326772395835,6.7930856209521036,4.804427827657828,13.392236142044737,5.4980305103232325,3.788932546077535,2.203432035156714
13.391255362373752,5.497284301831107,3.7920005076533045,12.926334202473017,5.088169814067886,3.5619033894704586,0.6222746972341997
12.925372452101364,5.087742019453499,3.558835427894688,11.452718383571185,4.822349108183634,3.9914180100784393,1.5294954257208944
11.452233497278788,4.821797023288011,3.99448597165421,11.338224575741899,3.7131073643123846,4.353437476019449,1.1440327088073108
11.33750983549042,3.7111926955424743,4.350369514443678,10.970125732888558,3.345853873729634,3.497476196379263,0.5309237923230212
10.969246961801897,3.3455277414720754,3.4944082348034904,9.286509761544712,3.3549662723389564,3.598718928379714,1.6975618880862746
9.285826145071706,3.354629050638081,3.601786889955486,7.6540343653615555,1.1483474585329296,3.5434956200158307,2.768735753635066
7.652727529014683,1.1477932753070486,3.54042765844006,3.2767719316159614,1.9851413178493615,2.3408546823134895,4.490715391446054
3.2762780710285715,1.9856809113328269,2.337786720737717,3.1629614114692703,2.1715140658685215,1.8989599067260396,0.21941340700583867
