x1,y1,theta1,x2,y2,theta,length
3.162974621796453,2.173829965408817,1.8900971544107734,2.854336383344998,4.868103304953052,1.1329196911934538,2.727277208099765
2.854336383344998,4.868103304953052,1.1329196911934538,3.7721953564223334,5.760227310473216,1.4673323033262755,1.326706079349195
3.7721953564223334,5.760227310473216,1.4673323033262755,3.0083365429224838,6.7736835855888735,2.153124840475408,1.3139300413045265
3.0083365429224838,6.7736835855888735,2.153124840475408,2.4659045602969965,8.890693408147884,0.9031461466892994,2.2591066286204886
2.4659045602969965,8.890693408147884,0.9031461466892994,2.4759634480508654,8.903041773807077,0.8713010875190441,0.01592252958512763
2.4759634480508654,8.903041773807077,0.8713010875190441,6.701875001803235,8.5888612508789,0.17768788767818006,4.313003568725544
6.701875001803235,8.5888612508789,0.17768788767818006,8.315543976307202,9.375414389291956,0.0796312669483132,1.8022022785612688
8.315543976307202,9.375414389291956,0.0796312669483132,15.055903895488907,6.793084537366201,4.806730621029511,7.33670709027346
15.055903895488907,6.793084537366201,4.806730621029511,13.392145578969442,5.49806146912587,3.791855509329334,2.204682223651821
13.392145578969442,5.49806146912587,3.791855509329334,12.926023632729764,5.0878142577887004,3.560102407942899,0.6239836530926093
12.926023632729764,5.0878142577887004,3.560102407942899,11.452619045412169,4.8228000662821655,3.991760941518583,1.5303154982462583
11.452619045412169,4.8228000662821655,3.991760941518583,11.338452039235532,3.712379251663499,4.354399347032292,1.14610935549101
11.338452039235532,3.712379251663499,4.354399347032292,10.969854324440822,3.3455251858222406,3.49564534432366,0.5331171360525913
10.969854324440822,3.3455251858222406,3.49564534432366,9.285948845126018,3.3549388840258256,3.599788388770432,1.698854235724269
9.285948845126018,3.3549388840258256,3.599788388770432,7.653081192962812,1.147429683330289,3.542907446529187,2.770539161297979
7.653081192962812,1.147429683330289,3.542907446529187,3.2766396386157712,1.984897037031676,2.334718759161946,4.491987778349301
3.2766396386157712,1.984897037031676,2.334718759161946,3.162974621796453,2.173829965408817,1.8900971544107734,0.2223108023755862
