x1,y1,theta1,x2,y2,theta,length
2.756038350197372,9.04242552495935,3.8579616815323874,2.6333568021718268,8.881181801480409,4.266004040756658,0.2040211796121354
2.633357507619761,8.880577943249422,4.267534551897853,3.058887144540073,6.729867386655884,5.126563793113814,2.2168179247313526
3.0591239767871254,6.729330536137676,5.128097773901699,6.953144991615922,1.0132056053040588,5.888952244692976,6.933245568562345
6.953539089659251,1.0130417564533782,5.890486225480862,7.670681052447996,1.082181784464251,6.701962062272367,0.7345048216698131
7.671349414535861,1.08247996394906,0.4203107358806657,10.752313218686611,3.381290999981714,0.7593204900033917,3.8451112716157745
10.752847733449181,3.3817996283531864,0.760854470791278,11.676736893917155,4.476866949599473,0.701029220063737,1.433288888135788
11.677598965492475,4.477592687147249,0.6994952392758524,14.93781843755017,6.739696669348802,1.742602175038087,4.095067389742751
14.937770085706894,6.739972997466684,1.7441361558259738,2.7566033435404655,9.042793201943196,3.8564277007444994,12.59374969246593
