x1,y1,theta1,x2,y2,theta,length
2.7564720861115455,9.043156384126828,3.857956769143407,2.6321165943354092,8.878382267675649,4.273803854507097,0.2079235426818451
2.6321165943354092,8.878382267675649,4.273803854507097,3.0588938662394383,6.729726742312251,5.1277481223418695,2.214425251280526
3.0588938662394383,6.729726742312251,5.1277481223418695,6.953374038507249,1.0129558139025385,5.889438742067628,6.934081413829754
6.953374038507249,1.0129558139025385,5.889438742067628,7.67089136884598,1.0821845787826658,0.41989655099389256,0.7349925378302691
7.67089136884598,1.0821845787826658,0.41989655099389256,10.752416199121921,3.381329304492571,0.76064154224297,3.8457699427769456
10.752416199121921,3.381329304492571,0.76064154224297,11.67678021546855,4.47703555077406,0.699697180851625,1.4340949928797206
11.67678021546855,4.47703555077406,0.699697180851625,14.938219804454572,6.739641390561804,1.7438616852807847,4.096791244264474
14.938219804454572,6.739641390561804,1.7438616852807847,2.7564720861115455,9.043156384126828,3.857956769143407,12.594817150052766
