x1,y1,theta1,x2,y2,theta,length
4.681356180803244,2.192144824562352,0.4375566027458932,8.615133978062767,3.9939960051549006,6.068897024446824,4.3498362192779485
8.615133978062767,3.9939960051549006,6.068897024446824,11.57816204674915,0.9279332841195282,0.12984052819199257,4.356639496757877
11.57816204674915,0.9279332841195282,0.12984052819199257,14.09108377152806,6.068646553221922,1.728232795039202,5.818716696832525
14.09108377152806,6.068646553221922,1.728232795039202,13.264132722837973,7.091530912939484,2.3507666037946042,1.3291794206813088
13.264132722837973,7.091530912939484,2.3507666037946042,10.716683144004076,9.266353289840481,3.2062036156919587,3.389987307518665
10.716683144004076,9.266353289840481,3.2062036156919587,9.942125428331272,8.589469596228795,3.8194806501296332,1.0595984214078067
9.942125428331272,8.589469596228795,3.8194806501296332,5.092933140840949,6.189220379109519,3.0359098774421343,5.426829244341251
5.092933140840949,6.189220379109519,3.0359098774421343,1.9661710416100922,8.246129133602164,3.6180140675776657,3.8607341093623186
1.9661710416100922,8.246129133602164,3.6180140675776657,1.981773130526982,3.329634947219693,4.591101952309793,5.0290765379264135
1.981773130526982,3.329634947219693,4.591101952309793,1.6027846624819957,1.1387991046866266,5.553776200527016,2.3216094131943974
1.6027846624819957,1.1387991046866266,5.553776200527016,4.681356180803244,2.192144824562352,0.4375566027458932,3.3589667756598236
