x1,y1,theta1,x2,y2,theta,length
13.29267427923953,6.051773672832273,-1.6520799637195414,13.046220522535164,4.700094812133454,3.5342917352885177,1.4189906593345136
13.026390818958323,4.692892484317134,3.141592653589793,9.1351974158855,8.507240446299841,2.7488935718910636,5.470856205757461
9.039613415262192,8.537799933229406,3.141592653589793,5.78933964077312,7.96478280462526,3.5342917352885177,3.3010517848155265
5.70726974014549,7.924851449568801,-2.409767860704249,0.9973678115567121,3.6938923837800703,3.9269908169872396,6.331214084011886
0.9467368596397401,3.584704793299574,4.319689898685965,0.9172961119181193,0.4698392361391455,5.497787143782137,3.138172451137026
0.9716797473218466,0.42509321514645376,5.890486225480862,6.843407259228187,1.8193205854469836,7.4612825522757555,6.0789006146167965
6.846006506505676,1.8394149815854246,1.5707963267948966,4.797203452350129,3.1248782300608835,1.963495408493618,2.475662704697281
4.7817167506705625,3.1968132512347145,1.5707963267948966,6.776441114796292,5.7691410170593045,0.3926990816987246,3.2726128440120243
6.863425228260087,5.784845347526944,0.0,8.729786366171874,4.690039202414539,-0.5473904932883505,2.1701949423817375
8.830337182189453,4.62881455254512,-0.5464746014213395,14.786843569921643,1.1255192031492753,6.675884388878314,6.942625191381271
14.829610428975732,1.146929405176589,0.7853981633974483,15.451383498678096,8.851902435581946,2.7488935718910725,7.821873282573906
15.428591349044108,8.860581196383349,3.141592653589793,13.331131726103251,6.155053257401986,4.319689898685965,3.4555999590579103
