x1,y1,theta1,x2,y2,theta,length
7.396492248200419,4.013427381078774,-0.052491807589036564,8.096771898122476,3.7016856340661155,-0.6747319313414835,0.7810922109466449
8.096771898122476,3.7016856340661155,-0.6747319313414835,11.396588033582288,1.4013325979730908,0.24887318982050255,4.142300268556236
11.396588033582288,1.4013325979730908,0.24887318982050255,13.585632587515743,6.185310593763493,1.5325165256004225,5.395626674874556
13.585632587515743,6.185310593763493,1.5325165256004225,12.659042763169705,8.76769193574688,2.537570853192936,2.795954865787793
12.659042763169705,8.76769193574688,2.537570853192936,11.02449467837158,8.824918799624696,-2.7945748953646237,1.6800177451252107
11.02449467837158,8.824918799624696,-2.7945748953646237,9.498959295511138,7.815414616107027,-2.7002867813357243,1.8325355016763898
9.498959295511138,7.815414616107027,-2.7002867813357243,5.174832815779763,6.68290419826684,3.0065397491873984,4.481367982342713
5.174832815779763,6.68290419826684,3.0065397491873984,2.205811867489637,7.807220966897413,3.6296848173714844,3.3073620299750432
2.205811867489637,7.807220966897413,3.6296848173714844,1.4821239473962255,3.3587597670148948,-1.6605360683170165,4.653118360186923
1.4821239473962255,3.3587597670148948,-1.6605360683170165,1.8215325190095442,1.5998839211192815,5.698468673779981,1.9177460778401572
1.8215325190095442,1.5998839211192815,5.698468673779981,7.396492248200419,4.013427381078774,-0.052491807589036564,6.279571500376182
