x1,y1,theta1,x2,y2,theta,length
1.9035736618253554,5.155647450301815,-1.3927941972583568,2.2292142150243697,3.2932604586898218,4.61728217153578,1.89146489231695
2.2291789306073286,3.292892929429044,4.615748190747895,1.461300848705137,0.9267110672534193,5.408816258084769,2.532317856910555
1.4614198341193378,0.926568859899326,5.410350238872655,1.953650491659776,0.8935463997658679,6.61605913815077,0.5245321585164066
1.9540092437229,0.8936706759984159,0.33440781175906975,6.376882449793554,3.173764560188868,0.7286408742456807,4.9767969800395555
6.377158922784559,3.1740120552943147,0.7301748550335652,7.517562648866756,4.771517356782072,0.2791845033951865,1.9766213274246223
7.517842938284797,4.771597366112005,0.277650522607301,10.529865436027492,3.46178774869521,-0.27765052260729733,3.2983946509437803
10.530230062944586,3.4616842551561122,6.00706876536017,11.690806966373017,3.359784254615955,6.769457216939335,1.1737109693537786
11.691084480480724,3.3599313297786386,0.4878058905476339,13.725015034508642,7.277474201307035,1.460349710067133,4.425250294252293
13.725054114459052,7.277830558919392,1.461883690855016,13.113106583187138,9.368039608790506,2.6675925901331308,2.2029644591336024
13.112879677963665,9.368155819154355,2.6691265709210157,10.332293628984216,8.43812453583313,2.831728534436894,2.9655691813370986
10.332010142715255,8.438215760083278,2.830194553649008,9.639340328113004,9.338981301893629,2.6629906477694725,1.1513524638693413
9.639043979134994,9.339134750311164,2.6645246285573583,4.823907903226856,9.191037837489144,3.2320975200750484,4.822911686255303
4.823526539509718,9.19100306498074,3.2336315008629315,1.3594304293624409,8.610414780047288,4.088058799715235,3.5324131735730697
1.3592746301533896,8.61019845755718,4.08959278050312,1.9035057593506708,5.156024886112506,-1.3927972095469932,3.5166806836279934
