x1,y1,theta1,x2,y2,theta,length
1.9033797679436737,5.156179959089372,4.890451237609909,2.2292443843068943,3.2930331483485347,4.616669815708013,1.8922580703231386
2.2292443843068943,3.2930331483485347,4.616669815708013,1.4612505014789374,0.926509814099344,5.409466134475602,2.53277058043407
1.4612505014789374,0.926509814099344,5.409466134475602,1.953787455837426,0.8935653097889782,0.33385768423055345,0.5249642314465996
1.953787455837426,0.8935653097889782,0.33385768423055345,6.376907715718171,3.17372238398236,0.7301871621122935,4.977059406894046
6.376907715718171,3.17372238398236,0.7301871621122935,7.517591835061676,4.7716551763950275,0.2780979850117577,1.9771975409727394
7.517591835061676,4.7716551763950275,0.2780979850117577,10.529984065748934,3.46172383851732,6.006533360987807,3.298811208217385
10.529984065748934,3.46172383851732,6.006533360987807,11.690951242883653,3.3597362888591396,0.48724674223408526,1.1741546680694932
11.690951242883653,3.3597362888591396,0.48724674223408526,13.725091152660779,7.2775444969535785,1.4615213682252763,4.425626145945068
13.725091152660779,7.2775444969535785,1.4615213682252763,13.113050844292706,9.368229012419967,2.668325812327005,2.2035153007837422
13.113050844292706,9.368229012419967,2.668325812327005,10.332263502138808,8.438007457947348,2.830337392107964,2.965970319433392
10.332263502138808,8.438007457947348,2.830337392107964,9.639245226273475,9.339136846874911,2.6638012046895923,1.1518818132083917
9.639245226273475,9.339136846874911,2.6638012046895923,4.82363590998201,9.191023251915263,3.2325418525923517,4.823408820540141
4.82363590998201,9.191023251915263,3.2325418525923517,1.3591597300459266,8.610274576967338,4.088271196759222,3.532828942501431
1.3591597300459266,8.610274576967338,4.088271196759222,1.9033797679436737,5.156179959089372,4.890451237609909,3.5167015746598604
