x1,y1,theta1,x2,y2,theta,length
3.115107725065572,9.14271867222753,4.039761904456192,3.079710497550852,9.095483862821538,4.098796665230434,0.05903476077424186
3.0791715502818833,9.094888700794472,4.123340357836604,7.056069151606498,1.387520338410171,5.939573610693201,8.936190633156144
7.059004780478136,1.3867941502616865,5.964117303299372,10.182127474819982,2.9645178083545685,6.857927873056858,3.593363871999016
10.184459164114871,2.9660272231138807,0.5742749251740231,13.568145428912393,5.1552708793727025,0.5645049299419163,4.0301515822074565
13.570191405016288,5.156554641153043,0.5522330836388307,14.73163650912746,6.631997306296074,1.7671458676442588,2.040391751710988
14.731492175252688,6.632844894934821,1.779417713947344,3.1173175149040397,9.14200946406138,4.037437433715008,12.332612228410131
