x1,y1,theta1,x2,y2,theta,length
3.026700959725279,9.014466183725547,4.087085678899873,7.0002640357856984,1.4023915355404233,-0.24590174895130884,8.899100156542394
7.0002640357856984,1.4023915355404233,-0.24590174895130884,14.71932610864,6.690376565311139,1.758123104990794,9.700304982871646
14.71932610864,6.690376565311139,1.758123104990794,3.026700959725279,9.014466183725547,4.087085678899873,12.413721301211888
