x1,y1,theta1,x2,y2,theta,length
9.59381339763897,5.824029226519685,6.143593055481993,15.566374162270197,4.465966219132809,4.677107422263318,6.228575896439608
15.566372028487212,4.46590803877049,4.675573441475434,7.294319307701045,3.2849128291262346,3.472932503773094,8.46097310705403
7.293965298814913,3.284790583148234,3.4744664845609767,2.0467683007834014,0.2530490841172196,2.5418061655265056,6.117721231859654
2.0466388904583463,0.25313766704719604,2.540272184738622,2.1153790688392013,1.5945288419699666,1.8300390799475714,1.3947549722220443
2.115289686472497,1.5948641927330198,1.8315730607354554,0.3926518381919225,3.7734765205820944,1.550854576552383,2.794695283713193
0.39265795378781293,3.77376447584862,1.5493205957644975,2.750130559359056,6.397268223691741,0.3712233506683267,3.5460639702910943
2.750451209036375,6.3973927997796025,0.3696893698804395,9.593434048986818,5.824081976286677,-0.13805827090970763,6.870850392202224
