x1,y1,theta1,x2,y2,theta,length
9.593795120392853,5.82404148763868,6.145047168135008,15.566567613445239,4.466073066609202,4.675768583950806,6.22905021287583
15.566567613445239,4.466073066609202,4.675768583950806,7.294224032023577,3.284923457649826,3.474102141243242,8.461328035136948
7.294224032023577,3.284923457649826,3.474102141243242,2.0465806465576106,0.25296558327397023,2.5411563150354426,6.1183130544404465
2.0465806465576106,0.25296558327397023,2.5411563150354426,2.1154347024333893,1.594636479462243,1.831141140892519,1.3952071866544973
2.1154347024333893,1.594636479462243,1.831141140892519,0.39252600973633234,3.7735092536514983,1.5496315682194108,2.7951552185891555
0.39252600973633234,3.7735092536514983,1.5496315682194108,2.7502861916281667,6.397419534168883,0.37056777025107257,3.546594148852308
2.7502861916281667,6.397419534168883,0.37056777025107257,9.593795120392853,5.82404148763868,6.145047168135008,6.871402939260325
