x1,y1,theta1,x2,y2,theta,length
12.83890106809183,5.958559068757035,1.4051264017032474,12.894563769068226,7.662780790349656,2.2426799118888066,1.7909123567823084
12.893475193924953,7.66415235538771,2.2457478734645786,9.969016485967053,7.910458504039526,3.101709153104767,3.0436479198263977
9.965968211074664,7.910586297726076,3.098641191528995,8.897432753472032,8.050741420812749,3.1538644998928786,1.0784001208731748
8.89440559474738,8.050695058703615,3.1569324614686494,3.7855450786429223,6.830165400594852,4.129476280988147,5.330641334361478
3.784380840925995,6.828399428009766,4.132544242563917,4.598022992441956,2.592556325135617,5.488583259054824,4.422222090366818
4.59985650368403,2.590688893534461,5.491651220630596,7.686293262412478,1.7789132395920604,6.50714650221089,3.2349752267021117
7.688960211947615,1.7795217434748576,0.2270291566070749,9.238412929792512,2.768107034752928,0.19021361769781964,1.8611993430548361
9.241048658969602,2.768607819303157,0.1871456561220482,12.299004292644522,2.311835612532295,0.6074563920027136,3.1952278316834315
12.300516727241737,2.3128879867299648,0.6105243535784852,12.838403065995154,5.955557273668944,1.4081943632790197,3.786096447434642
