x1,y1,theta1,x2,y2,theta,length
12.838551247812067,5.957642478708166,1.407220387328503,12.894204222699267,7.665254109072658,2.2429286079313973,1.7942797492451694
12.894204222699267,7.665254109072658,2.2429286079313973,9.967531614273518,7.910360512477658,3.100128832498129,3.0471491258221763
9.967531614273518,7.910360512477658,3.100128832498129,8.896996199629683,8.050980805608651,3.1564804272047917,1.0804889782017824
8.896996199629683,8.050980805608651,3.1564804272047917,3.78347666153733,6.829042679112163,4.129992286714274,5.33564235990196
3.78347666153733,6.829042679112163,4.129992286714274,4.598955702130441,2.590466701251094,5.489283652340458,4.42619199556224
4.598955702130441,2.590466701251094,5.489283652340458,7.687813131549038,1.7785488877015307,0.2254618151142103,3.2378666382390087
7.687813131549038,1.7785488877015307,0.2254618151142103,9.239429464957512,2.7690562118136945,0.18851469930269188,1.8644737757336451
9.239429464957512,2.7690562118136945,0.18851469930269188,12.301099073470557,2.3118010553938717,0.6082119696503879,3.199379855738475
12.301099073470557,2.3118010553938717,0.6082119696503879,12.838551247812067,5.957642478708166,1.407220387328503,3.790180643255308
