x1,y1,theta1,x2,y2,theta,length
1.4334144926434353,2.4206914712518044,5.540738605842936,5.358760437458981,2.1068081786547808,6.178874613603364,3.9922137194199068
5.364833334687817,2.1061471401269656,6.172738690451821,9.915798051238742,1.4839342635261201,6.878369852879216,4.665186412061562
9.919297933451372,1.4863449954969332,0.6013204688511713,10.902503452634203,2.5864034168519674,0.34361169648638357,1.5176142484358106
10.905365917789549,2.5874804177580772,0.337475773334841,12.273286054553637,2.200772725883473,-0.26384469551633083,1.4854180956380982
12.278139749716983,2.197023885869118,6.025325920411601,12.823435724268727,2.2070216237749043,6.577709618453629,0.5523836980420285
12.827098808234595,2.2080567113262246,0.30066023442558565,12.970886181005069,2.265169858634937,0.4555299227285541,0.15486968830296843
12.9729745499091,2.270932501287106,0.46019423636569234,14.305266952797949,5.511416571576941,1.2762720155208542,3.57537518719877
14.30701456734146,5.5172978308303655,1.282407938672396,14.620572542580994,7.697824100213392,2.0800779483729297,2.2617052873611856
14.618644368912328,7.702105895012641,2.086213871524472,14.23289768021039,8.0840873924914,2.635983687219191,0.5497698156947188
14.227065465359205,8.085368657633163,2.6384469551633027,12.396160144285346,8.167028049647932,3.3624858870453256,1.853802207114997
12.39029992356555,8.165709026114602,3.368621810196868,7.7108620392935885,6.20714486617657,3.0434178831651115,5.095546185245031
7.70558130589031,6.20766958897783,3.037281960013569,6.384710399095457,6.9779125609062165,2.693670263527186,1.5459797195627605
6.379255900007167,6.980490267859814,2.699806186678728,5.027855569823637,7.353544476632317,2.926835343285803,1.402902089206558
5.021862842145305,7.354831036612769,2.9329712664373457,4.342693366262963,7.474444941730782,2.87161203492192,0.6897986577168718
4.336825583154905,7.476105622296447,2.865476111770378,3.4290451847749557,7.75689017417492,3.1477285767413354,0.9568934197757508
3.423373056796637,7.75686394993377,3.153864499892878,0.9741284289898187,6.600716668137192,4.172427743048944,2.7568010189721606
0.9715876542014691,6.596479325410532,4.178563666200486,1.430056970802935,2.4237896514961927,5.534602682691394,4.300416946168041
