TIME,LB,UB,OPEN,GAP,TREE
0.01900506019592285,0.0,28.815809771796197,1,100.0,1
0.01903510093688965,26.127667435192677,28.815809771796197,1,9.32870656036385,1
0.1085519790649414,26.127667435192677,28.815809771796197,2,9.32870656036385,4
0.21477699279785156,27.32407752588724,28.815809771796115,1,5.176784056122305,7
0.25527095794677734,27.32407752588724,28.815809771796115,2,5.176784056122305,8
0.38427305221557617,27.502174910863182,28.81580977179611,1,4.558729639514306,11
0.48129701614379883,27.502174910863182,28.81580977179611,3,4.558729639514306,13
0.8863141536712646,27.85946396341535,28.81580977179611,3,3.318823298579648,19
0.9997680187225342,27.85946396341535,28.81580977179611,3,3.318823298579648,19
1.089522123336792,27.905791897569884,28.81580977179611,3,3.158050672297678,19
1.387934923171997,28.166129058294874,28.81580977179611,3,2.254598148191279,19
1.6718511581420898,28.33384353755539,28.81580977179611,3,1.6725757077715515,19
2.5724570751190186,28.47242563882346,28.81580977179611,3,1.1916518594898002,19
3.4070961475372314,28.600628625548886,28.81580977179611,3,0.7467468308242267,19
6.291569948196411,28.636234090307617,28.81580977179611,3,0.6231845744076788,19
15.369138956069946,28.72428665048465,28.81580977179611,3,0.317614261186026,19
17.89092206954956,28.755872630141013,28.81580977179611,2,0.20800089301589694,19
47.943089962005615,28.769653653714464,28.81580977179611,2,0.1601763700106856,19
162.09151601791382,28.79260894912804,28.815809771793006,1,0.08051421372053665,19
162.0915651321411,28.79260894912804,28.815809771793006,2,0.08051421372053665,19
797.440190076828,28.80419105659445,28.81580977179284,1,0.04032062708076758,19
797.4402761459351,28.80419105659445,28.81580977179284,2,0.04032062708076758,19
