x1,y1,theta1,x2,y2,theta,length
13.708971860738691,3.1359493696944805,4.509903516383785,13.222011871940378,0.5232660989730694,3.801204392380619,2.6740687178073084
13.221627296160891,0.5229693049269065,3.7981364308048473,6.9884187929209,1.1575246595021436,2.1537090261914393,6.311006491872877
6.988205233648497,1.1578494415795992,2.1506410646156686,7.703213796675609,3.5186071194947233,0.5951845456996292,2.5065838409951464
7.703770016110442,3.518981987979672,0.5921165841238575,8.653209701542698,3.5928828531075383,0.8068738944278495,0.9808172086615113
8.653469496648489,3.5931541120028143,0.8099418560036186,8.44894953842537,6.524729822666181,1.0369710126106944,2.9737753518925176
8.449204861781132,6.52516026238367,1.033903051034922,15.092089818374328,9.10291959422571,-0.7179030087304762,7.188487240235117
15.092243596418356,9.10278488294844,5.562214336873335,13.709071825919185,3.1364314454963567,4.5068355548080135,6.1752541612845535
