x1,y1,theta1,x2,y2,theta,length
13.708998823128773,3.136133810404972,4.507994815537903,13.222077735803675,0.5230287848374889,3.7989805687857903,2.6746300472522195
13.222077735803675,0.5230287848374889,3.7989805687857903,6.988077903939506,1.157605308021949,2.1524739624366522,6.311968061730297
6.988077903939506,1.157605308021949,2.1524739624366522,7.703214867515852,3.5189263233437704,0.5930898088198256,2.507441704551713
7.703214867515852,3.5189263233437704,0.5930898088198256,8.653664024596342,3.593028245216016,0.8072058169837416,0.9818912733237559
8.653664024596342,3.593028245216016,0.8072058169837416,8.448928951165215,6.525070062450536,1.0355927535900276,2.9745826973983496
8.448928951165215,6.525070062450536,1.0355927535900276,15.092300452766356,9.103002865981823,5.56375737808037,7.189298765963935
15.092300452766356,9.103002865981823,5.56375737808037,13.708998823128773,3.136133810404972,4.507994815537903,6.17599722157257
