x1,y1,theta1,x2,y2,theta,length
14.880275913767594,5.00508524173269,4.368777283898305,13.558291406399546,2.0820770895495104,3.9638063558964967,3.2141973155256
13.553442635674283,2.076941399166784,3.9515345095934116,11.588021122261644,1.443688214229475,2.7120780329818137,2.162110452611276
11.581410948334707,1.4467326448031657,2.699806186678728,10.430161748368064,4.264730986477607,2.1966604882522374,3.1329566078207574
10.42525899921359,4.271473865717106,2.208932334555323,9.533145940909387,4.833091121670352,2.9452431127404304,1.070701171276177
9.526963905108955,4.836806278585394,2.954036282962565,8.537297694525336,4.450042779208299,4.074252972624263,1.1202166896616987
8.537140736773635,4.44979934355816,4.086524818927348,8.62301895980878,2.7730060110875883,4.638757902566179,1.7668794331559434
8.622834192672329,2.768582736236322,4.626486056263094,6.612839066599797,1.6383414948761734,2.6629906477694734,2.606779114268338
6.608309043996889,1.6407755730735099,2.650718801466388,5.64999960833472,4.924110465122456,2.4298255680108554,3.585203266236195
5.646411998208484,4.927125602232169,2.442097414313941,3.163428137276983,4.991647106541303,2.945243112740431,2.5513595084561347
3.1564687181005695,4.9931199242974005,2.9329712664373457,0.7964132009479742,7.040258088017371,1.4480778637640452,3.3221011723256946
0.7968489833354757,7.043456705947064,1.4358060174609601,5.606656979282501,8.963755764032419,-0.0122718463030842,5.398190678003777
5.6179347820574765,8.963511483858912,6.258641614573416,7.045156121170168,8.545196486635769,6.0132046885117125,1.4906808528842284
7.061931718100672,8.540735507703985,6.025476534814798,7.97384184287433,8.348929955590469,6.0991076126333095,0.9318874297142251
7.9878788104228775,8.346389434169547,6.111379458936394,10.18490985048991,8.027723599819211,6.320000846088842,2.221071890749281
10.202331519582378,8.028587058422751,0.04908738521234052,15.400660857224677,8.833937507736584,-0.7853981633974481,5.412656373680495
15.403411976643289,8.831155484848757,5.485515297479052,14.88471277663105,5.01783921619554,4.38104913020139,3.992787408589486
