x1,y1,theta1,x2,y2,theta,length
14.882126421493991,5.008984706460901,4.3771437303113006,13.557710414541951,2.0796067043166997,3.9554889814819796,3.221520799018335
13.557710414541951,2.0796067043166997,3.9554889814819796,11.579930511651343,1.4424305038267122,2.7092943994984306,2.176196743774575
11.579930511651343,1.4424305038267122,2.7092943994984306,10.424102316186497,4.2761389628161375,2.1787625891044953,3.151591915183678
10.424102316186497,4.2761389628161375,2.1787625891044953,9.560067141290881,4.853948379846736,2.93220944145017,1.057142267596384
9.560067141290881,4.853948379846736,2.93220944145017,8.534615904880063,4.4515990400659105,4.0987966652304335,1.1665872237802635
8.534615904880063,4.4515990400659105,4.0987966652304335,8.62701488127188,2.7788512263990777,4.632571085613649,1.7605336794156594
8.62701488127188,2.7788512263990777,4.632571085613649,6.610494097920245,1.6347882881068176,2.6541626064590766,2.6262965539042185
6.610494097920245,1.6347882881068176,2.6541626064590766,5.651592253980557,4.926043979113083,2.4400894663810635,3.5980786633953956
5.651592253980557,4.926043979113083,2.4400894663810635,3.154350247849126,4.992333931569416,2.9357491303417573,2.5664318895961022
3.154350247849126,4.992333931569416,2.9357491303417573,0.7925956252880061,7.039890291603808,1.438199597115851,3.3298557543392144
0.7925956252880061,7.039890291603808,1.438199597115851,5.60935835857998,8.96536997434882,6.261678568616557,5.408108721646229
5.60935835857998,8.96536997434882,6.261678568616557,7.048588404020434,8.5438393481064,6.022879859955689,1.5032348173645016
7.048588404020434,8.5438393481064,6.022879859955689,7.98330139911467,8.34704374727339,6.103083301808984,0.9552337028103733
7.98330139911467,8.34704374727339,6.103083301808984,10.18497270744981,8.026001679555014,0.04897892115081358,2.2262546540473815
10.18497270744981,8.026001679555014,0.04897892115081358,15.40443010039936,8.834870334153926,5.4917000615115175,5.43700254416675
15.40443010039936,8.834870334153926,5.4917000615115175,14.882126421493991,5.008984706460901,4.3771437303113006,4.008921456703135
