x1,y1,theta1,x2,y2,theta,length
8.248482708962866,3.259669148529726,3.4223111377728657,7.27299843329469,3.2785748731086164,3.383961618075725,0.9777657368568742
7.272641482058933,3.278486090860631,3.38549559886361,1.9833693772439491,0.2843521265812217,2.8271265920732356,6.1024411263301594
1.9831278899361993,0.2844310871036835,2.825592611285351,0.3923662316626618,3.790699397575779,1.6198837120072371,3.875956472327812
0.3923490635810122,3.7910578597884226,1.6183497312193516,1.0864735928678526,5.897066639093557,0.7700583555185905,2.2241352466812416
1.0867168632825854,5.897301911527244,0.7685243747307062,2.685023883873505,6.3816968860567975,0.10277671278833861,1.6749594964962977
2.685399436688382,6.3817354821360945,0.10124273200045232,8.4760064344794,5.959997421007472,0.12118448224296559,5.806472921409719
8.476379823627044,5.960043056224358,0.1227184630308513,9.53325346060198,6.302935162318168,0.38809713933506723,1.111420229431648
9.533607408173067,6.303080210045769,0.38963112012295287,12.548832519922083,7.7764812788695385,0.06596117387908534,3.3584579265452654
12.54918559754512,7.776504047536673,0.06442719309119693,13.767771187304238,7.232607345371791,-1.432738055885188,1.3841908232779387
13.767794846373842,7.23243574884515,4.848913270506512,8.248831918702372,3.2597700581249804,3.423845118560757,6.85277090573395
