x1,y1,theta1,x2,y2,theta,length
8.248739616030567,3.2596798541099004,3.4228061341912994,7.272942805060616,3.2786168115917462,3.385288872509394,0.9780992676942458
7.272942805060616,3.2786168115917462,3.385288872509394,1.983023617870792,0.284314220253557,2.825584877657774,6.103216534264648
1.983023617870792,0.284314220253557,2.825584877657774,0.39229511154271,3.7907733839685385,1.6187081743747556,3.8761366400958583
0.39229511154271,3.7907733839685385,1.6187081743747556,1.0864358205279343,5.897155408294944,0.7687528353697138,2.2245394022612093
1.0864358205279343,5.897155408294944,0.7687528353697138,2.68530944051459,6.381760002210421,0.10241675572153267,1.6755700222650987
2.68530944051459,6.381760002210421,0.10241675572153267,8.476276533621856,5.959992938361579,0.12163360432872287,5.806840852042043
8.476276533621856,5.959992938361579,0.12163360432872287,9.533412887228408,6.30298576892321,0.38896146516955027,1.1117069595627478
9.533412887228408,6.30298576892321,0.38896146516955027,12.549211984753594,7.7765797323488295,0.06449238246647268,3.3590865767624285
12.549211984753594,7.7765797323488295,0.06449238246647268,13.76794581664878,7.232592684204944,4.849487228510846,1.3844931572065118
13.76794581664878,7.232592684204944,4.849487228510846,8.248739616030567,3.2596798541099004,3.4228061341912994,6.853203765774419
