TIME,LB,UB,OPEN,GAP,TREE
0.038877010345458984,0.0,32.75143990270842,1,100.0,1
0.03890800476074219,31.26549998282323,32.75143990270842,1,4.537021652481022,1
0.15699505805969238,31.26549998282323,32.75143990270842,3,4.537021652481022,4
0.3593881130218506,31.26549998282323,32.75143987607977,4,4.537021574864586,8
0.35944700241088867,31.26549998282323,32.75143987607977,5,4.537021574864586,8
0.5063979625701904,31.26549998282323,32.7514398298829,4,4.537021440211234,8
0.5064511299133301,31.26549998282323,32.7514398298829,5,4.537021440211234,8
0.7046530246734619,31.26549998282323,32.7514398298829,5,4.537021440211234,8
0.8605291843414307,31.428316625671766,32.7514398298829,5,4.039893241590848,8
1.302138090133667,31.57737490421907,32.7514398298829,5,3.584773468776153,8
1.802489995956421,32.06091905755107,32.7514398298829,5,2.108367680683731,8
3.054953098297119,32.13504641157798,32.7514398298829,5,1.882034565523162,8
3.5312700271606445,32.321658801177065,32.7514398298829,4,1.3122507924481965,8
6.802194118499756,32.4301108475412,32.751439826383276,3,0.9811140534445304,8
6.802256107330322,32.4301108475412,32.751439826383276,4,0.9811140534445304,8
15.64471697807312,32.58842224580432,32.751439826383276,4,0.49774172202236594,8
15.769036054611206,32.60817385055168,32.751439826383276,3,0.43743412989186187,8
16.88986301422119,32.62184320622223,32.751439826383276,2,0.3956974742119505,8
42.73597002029419,32.66927771920382,32.75143982623654,1,0.25086563359850844,8
42.73601698875427,32.66927771920382,32.75143982623654,2,0.25086563359850844,8
171.89091897010803,32.710240284551716,32.75143982623654,2,0.12579459682814156,8
846.2523951530457,32.73078975558725,32.75143982621285,1,0.06305087878631825,8
846.2524960041046,32.73078975558725,32.75143982621285,2,0.06305087878631825,8
