x1,y1,theta1,x2,y2,theta,length
15.323975277222678,4.365927681981984,4.893398713355195,4.757348466868507,0.6384220891747512,3.3594179254695558,11.42572215062642
4.755855334435729,0.6380950371615725,3.3563499638937833,2.2082347963023623,0.44517566772343997,2.494252761102053,2.5891620149769508
2.2073631914834757,0.4458341199414793,2.4911847995262817,1.8978675616748308,1.4605306095771495,1.9726992932209346,1.08787377287048
1.897283296660813,1.461893232147936,1.9757672547967058,0.5998480330443066,3.574874891765131,1.1535535524900027,2.5644104169945123
0.6001403338399,3.5755288035118724,1.150485590914231,15.323942676032345,4.366104129930426,-1.3867186322486182,15.073939730098367
