x1,y1,theta1,x2,y2,theta,length
15.324721387978117,4.366078696177165,4.895086307694217,4.75696039266818,0.6382716774570943,3.357178354853462,11.427643049226328
4.75696039266818,0.6382716774570943,3.357178354853462,2.207143076474793,0.4453270502881816,2.493551065267907,2.5914458232368496
2.207143076474793,0.4453270502881816,2.493551065267907,1.8973650585980772,1.4621994315176077,1.9753200191745055,1.090450889702263
1.8973650585980772,1.4621994315176077,1.9753200191745055,0.599162562056805,3.575000612484013,1.1509734124658881,2.5654356326444603
0.599162562056805,3.575000612484013,1.1509734124658881,15.324721387978117,4.366078696177165,4.895086307694217,15.076464431402956
