x1,y1,theta1,x2,y2,theta,length
13.468318308543068,8.106540455514363,2.286998823265939,11.059198685389008,8.987525328293879,2.868360168511269,2.570625884712351
11.059198685389008,8.987525328293879,2.868360168511269,7.29732769621836,9.782309170722364,3.0321394136687623,3.844964461405067
7.29732769621836,9.782309170722364,3.0321394136687623,3.10070523128876,9.738844155599484,4.001129480734004,4.22239614228004
3.10070523128876,9.738844155599484,4.001129480734004,3.29255272835319,7.803610542974799,4.395373744699573,1.9720825673817164
3.29255272835319,7.803610542974799,4.395373744699573,1.7193607754061302,6.186412862565329,4.323214715716549,2.2628087799910817
1.7193607754061302,6.186412862565329,4.323214715716549,1.7531869163791018,4.512091852235923,5.219124662217606,1.682263635999154
1.7531869163791018,4.512091852235923,5.219124662217606,3.1540541017331782,3.5763903843995113,5.796072981102928,1.6893161165153001
3.1540541017331782,3.5763903843995113,5.796072981102928,6.481584429605971,2.239601482856331,0.3881237222164949,3.605239097949086
6.481584429605971,2.239601482856331,0.3881237222164949,7.496626611612036,4.489763692469204,1.0003215763528968,2.4874624654947075
7.496626611612036,4.489763692469204,1.0003215763528968,9.939170717826078,6.944023099846332,-0.2126490251647071,3.5045243497655933
9.939170717826078,6.944023099846332,-0.2126490251647071,10.325027439472597,6.188913291761169,5.203226225957764,0.8825362707648804
10.325027439472597,6.188913291761169,5.203226225957764,14.801595955551443,0.7089142646467542,0.4289123347339709,7.165602057385217
14.801595955551443,0.7089142646467542,0.4289123347339709,13.468318308543068,8.106540455514363,2.286998823265939,7.612695850627707
