x1,y1,theta1,x2,y2,theta,length
1.5784400462381654,4.608127122397362,1.3160205092670227,1.9672903569212887,7.293243882465174,0.985958219797451,2.716848849176059
1.9672903569212887,7.293243882465174,0.985958219797451,5.101353389153458,9.172615812462842,0.31012049372314876,3.658572217799509
5.101353389153458,9.172615812462842,0.31012049372314876,7.974181314648414,9.397955117832838,-0.376765504704361,2.886120108850321
7.974181314648414,9.397955117832838,-0.376765504704361,9.61558301325106,7.72187263845913,-0.04710933892071541,2.367883648976888
9.61558301325106,7.72187263845913,-0.04710933892071541,11.1738574476371,9.001515117581087,0.1674106210499813,2.040994531973589
11.1738574476371,9.001515117581087,0.1674106210499813,12.719251516329686,8.353337343750596,5.476216109730325,1.6861575183727888
12.719251516329686,8.353337343750596,5.476216109730325,13.121830214481355,7.172961041993346,4.331351165124328,1.2657670984726725
13.121830214481355,7.172961041993346,4.331351165124328,12.143275974939776,6.6359044267971825,-2.6958750244937564,1.1311785522854723
12.143275974939776,6.6359044267971825,-2.6958750244937564,9.48704794502528,5.259889730264739,4.445635460561673,3.015337683095414
9.48704794502528,5.259889730264739,4.445635460561673,10.889733216996145,2.914326022781769,4.669191342114497,2.765054606998342
10.889733216996145,2.914326022781769,4.669191342114497,8.832623917085195,0.3918194320855751,3.216527287979453,3.2874035959234247
8.832623917085195,0.3918194320855751,3.216527287979453,6.844845474480485,2.11866033117084,2.536621782189157,2.6542666662108645
6.844845474480485,2.11866033117084,2.536621782189157,4.660718575126547,3.127471434314303,3.4818337632827596,2.425771250135436
4.660718575126547,3.127471434314303,3.4818337632827596,3.8734565277568014,1.627938439023638,3.8900289191898922,1.7144182202910234
3.8734565277568014,1.627938439023638,3.8900289191898922,3.296013750539166,1.3950753873172328,3.438856500293944,0.6249052162662824
3.296013750539166,1.3950753873172328,3.438856500293944,0.21409738909810486,0.7746070964694722,2.2891794717023335,3.192249015820289
0.21409738909810486,0.7746070964694722,2.2891794717023335,1.5784400462381654,4.608127122397362,1.3160205092670227,4.118213078573194
