TIME,LB,UB,OPEN,GAP,TREE
0.038729190826416016,0.0,23.78133591478247,1,100.0,1
0.0387721061706543,21.70629833369496,23.78133591478247,1,8.725487872183278,1
0.2255840301513672,21.70629833369496,23.78133591478247,3,8.725487872183278,4
0.4817512035369873,21.943644505873923,23.78133591478247,4,7.72745238322057,8
0.6863172054290771,21.943644505873923,23.78128863721378,4,7.7272689439723985,11
0.9420900344848633,21.943644505873923,23.78128863721378,6,7.7272689439723985,13
1.0604910850524902,21.943644505873923,23.781176690952144,5,7.726834584166449,13
1.0605461597442627,21.943644505873923,23.781176690952144,6,7.726834584166449,13
1.417513132095337,22.21585337492695,23.781176690952144,6,6.582194549779113,13
1.5007522106170654,22.458514905137385,23.781176690952144,6,5.561801264098016,13
1.8418490886688232,22.5400138108118,23.781175040329167,5,5.219091266148753,13
1.8419091701507568,22.5400138108118,23.781175040329167,6,5.219091266148753,13
2.0990381240844727,23.125197477426987,23.781175040329167,6,2.7583900366140206,13
3.081261157989502,23.14545473723657,23.78117327763637,5,2.673200909719728,13
3.081317186355591,23.14545473723657,23.78117327763637,6,2.673200909719728,13
4.421496152877808,23.447938452108026,23.78117327763637,5,1.4012547725797655,13
7.110913991928101,23.44966244826296,23.781173026153628,4,1.3940043139423177,13
7.110972166061401,23.44966244826296,23.781173026153628,5,1.3940043139423177,13
7.768289089202881,23.567805857208363,23.781173026153628,4,0.8972104475696454,13
7.856276988983154,23.578325872023534,23.781173026153628,3,0.8529737112084851,13
15.058341979980469,23.61199925435588,23.78116011058477,2,0.7113229776944316,13
15.058412075042725,23.61199925435588,23.78116011058477,3,0.7113229776944316,13
15.445434093475342,23.618765230304582,23.78116011058477,2,0.6828719857443316,13
39.14121913909912,23.696046216733397,23.78116011058477,2,0.3579047172450242,13
118.00181913375854,23.738497364941747,23.78116011058477,2,0.17939724321537975,13
406.54370498657227,23.759769153835645,23.781159965081294,1,0.08994856128573019,13
406.54375100135803,23.759769153835645,23.781159965081294,2,0.08994856128573019,13
1560.3173451423645,23.770450608169078,23.78115996487758,1,0.04503294508896832,13
1560.3174240589142,23.770450608169078,23.78115996487758,2,0.04503294508896832,13
