x1,y1,theta1,x2,y2,theta,length
10.819032654562717,7.0678160057199335,6.086835766330224,12.698445188125588,5.599009483357887,5.172583216750384,2.401066436168014
12.698751698126399,5.598389192833244,5.171049235962497,12.663017668386782,5.036215429035187,4.109534530745634,0.5880641145686448
12.662662707011384,5.035699359917632,4.108000549957747,11.553272312435256,4.5299576492195515,3.46679658062155,1.2347043733873289
11.552545689072584,4.529713070467013,3.465262599833663,3.3298094336154223,2.201253338952934,2.5770877236478773,8.595509267494117
3.3293879181953647,2.201520934671959,2.5755537428599915,2.9082259671991886,4.766499551724752,0.9955535313377819,2.680293620339447
2.908540361436449,4.76698311494082,0.9940195505498955,10.81836189689186,7.067948838382516,-0.1948155600614797,8.276165339920109
