x1,y1,theta1,x2,y2,theta,length
10.818773689831856,7.068044231105023,6.087689826737001,12.69870431518199,5.598858260146448,5.171626856108709,2.4018011702008466
12.69870431518199,5.598858260146448,5.171626856108709,12.66317536382206,5.036054470870997,4.109760081547879,0.5887042845910393
12.66317536382206,5.036054470870997,4.109760081547879,11.552870484063932,4.529811075593199,3.466118014201293,1.2358969205555193
11.552870484063932,4.529811075593199,3.466118014201293,3.329545144133355,2.201076507874888,2.5760786852833557,8.596328959933015
3.329545144133355,2.201076507874888,2.5760786852833557,2.908071068148925,4.766724686241994,0.9944182933476252,2.681233011463692
2.908071068148925,4.766724686241994,0.9944182933476252,10.818773689831856,7.068044231105023,6.087689826737001,8.277195618133467
