x1,y1,theta1,x2,y2,theta,length
3.8219994463404983,8.350869256931972,0.527833988856766,4.506244499954995,8.374572849196927,0.08439428072759818,0.699457524321289
4.506244499954995,8.374572849196927,0.08439428072759818,5.506767397423506,8.683806458501126,0.26212604325001365,1.0481330260117954
5.506767397423506,8.683806458501126,0.26212604325001365,8.539787965690426,9.284155911832626,-0.2410726346152558,3.0991223578048386
8.539787965690426,9.284155911832626,-0.2410726346152558,11.936107116004095,6.647689015410207,-0.07114110604914615,4.324472163662496
11.936107116004095,6.647689015410207,-0.07114110604914615,14.183967401037037,7.631619209976181,5.7975388027877575,2.537961251822585
14.183967401037037,7.631619209976181,5.7975388027877575,14.516612751159684,1.3148380588757855,3.790419496312999,6.486112995926222
14.516612751159684,1.3148380588757855,3.790419496312999,9.17838242901037,2.8800426177256915,2.5610769465502603,5.633373382573588
9.17838242901037,2.8800426177256915,2.5610769465502603,8.221695776497139,3.8474374772647404,2.751153771209198,1.3678632215524125
8.221695776497139,3.8474374772647404,2.751153771209198,6.655791764691135,3.7652741043968927,3.6007846139109287,1.5808119312044038
6.655791764691135,3.7652741043968927,3.6007846139109287,4.769575314331738,1.7457074785733313,3.461777463166354,2.77939373526481
4.769575314331738,1.7457074785733313,3.461777463166354,3.738659912354612,1.8753244356141705,3.250244672658055,1.0502416212110006
3.738659912354612,1.8753244356141705,3.250244672658055,1.205378068321808,1.0694415347841315,2.38864787930914,2.7700187611353715
1.205378068321808,1.0694415347841315,2.38864787930914,3.8219994463404983,8.350869256931972,0.527833988856766,7.889863150672328
