x1,y1,theta1,x2,y2,theta,length
2.5045608072246215,6.7650014333216735,0.841616286504208,5.3163679490778,8.45406066802022,0.29559386899248274,3.2871237329171064
5.3163679490778,8.45406066802022,0.29559386899248274,8.037203400170274,8.630839330255785,-0.02896072147230962,2.7288527708660304
8.037203400170274,8.630839330255785,-0.02896072147230962,10.746795315501986,8.325272348056643,-0.11360524266998817,2.726865939201576
10.746795315501986,8.325272348056643,-0.11360524266998817,12.130449792006129,7.887432748342915,5.40524010048884,1.4966484522458983
12.130449792006129,7.887432748342915,5.40524010048884,12.357488077099125,7.164626161898905,4.628224497610199,0.7770156028786417
12.357488077099125,7.164626161898905,4.628224497610199,10.164506616110168,4.930640012518926,4.3061563994553635,3.2144430185119788
10.164506616110168,4.930640012518926,4.3061563994553635,10.169710794572019,3.1474744548157454,-1.8172276625056771,1.8030878291207784
10.169710794572019,3.1474744548157454,-1.8172276625056771,8.564023359275014,1.1003566581180868,3.433016998391555,2.6546126066351077
8.564023359275014,1.1003566581180868,3.433016998391555,4.609407090971917,2.363655886835864,3.1737155383225244,4.201994030811953
4.609407090971917,2.363655886835864,3.1737155383225244,0.7246278598296927,1.3254327439852998,2.3679454998619445,4.245001884054172
0.7246278598296927,1.3254327439852998,2.3679454998619445,2.5045608072246215,6.7650014333216735,0.841616286504208,5.976552312023561
