x1,y1,theta1,x2,y2,theta,length
1.1052380550861807,7.253846408564036,1.6413594430376364,1.1088503319963314,9.299578852404677,0.8038059328520756,2.1488613576953233
1.1093875973127771,9.300135132254765,0.8022719520641903,12.03360733483574,7.4837118884847715,-0.6918253353364232,11.2466088163974
12.035011909284147,7.482545094757265,5.589825991055277,12.715331263564808,6.078900436467792,4.953223964082736,1.5765706478251742
12.715618125495533,6.077725913402903,4.95168998329485,12.830025338384294,1.8046000328216272,3.9883500485026673,4.3537938549741
12.829430845588988,1.8039293388352322,3.9868160677147815,9.207249386270364,1.4098767661290312,3.0925052683774528,3.719917517918802
9.205865015286426,1.4099465167020473,3.090971287589567,4.62481971345007,1.9549006388439434,3.1738062501353905,4.613986687548132
4.622685305723214,1.954830852276948,3.175340230923277,1.0050149049227843,1.687709687578757,2.4037478946167994,3.7311790344651676
1.004020701270396,1.688613703383228,2.402213913828914,1.1053572426646394,7.252122215885013,1.6398254622497506,5.675735374645608
