x1,y1,theta1,x2,y2,theta,length
1.1055144270373904,7.251873460187928,1.6400425506561465,1.1087203576851328,9.30030691231633,0.803089860823929,2.151928445071645
1.1087203576851328,9.30030691231633,0.803089860823929,12.034171831879906,7.483887498361033,5.590156893682127,11.248336637339378
12.034171831879906,7.483887498361033,5.590156893682127,12.715513637392485,6.0785116208057115,4.952227784769183,1.5786073756320476
12.715513637392485,6.0785116208057115,4.952227784769183,12.830263912119891,1.8041387447420845,3.9872792079232164,4.355417636554281
12.830263912119891,1.8041387447420845,3.9872792079232164,9.207006308361215,1.409839923099122,3.0912391764163947,3.7211504536492974
9.207006308361215,1.409839923099122,3.0912391764163947,4.623579317452456,1.9550256707683433,3.1744541414417933,4.616387238975562
4.623579317452456,1.9550256707683433,3.1744541414417933,1.0047028222409653,1.6867902087858795,2.403786535498445,3.7325663820340274
1.0047028222409653,1.6867902087858795,2.403786535498445,1.1055144270373904,7.251873460187928,1.6400425506561465,5.677883195848461
