x1,y1,theta1,x2,y2,theta,length
1.9961308497829744,7.298671478733326,1.7027186745530618,0.6464643370405511,9.805481138803195,0.9756117810952674,2.9042029413113433
0.6466404255144292,9.805740752673882,0.9725438195194965,4.877302181738307,9.208818665408225,-0.17463641293269794,4.32892065615939
4.878057500311976,9.208685370043437,-0.17471787615537965,7.929439001202952,8.666450396093026,5.939573610693205,3.0993834375736995
7.930150267484153,8.666194595478064,5.93650564911743,9.64053826643255,7.719576412790539,6.132855189966793,1.9569868586788493
9.641246371260479,7.719469869772368,6.135923151542565,12.764060222681808,8.31599630901416,5.7125444540861245,3.19974760231234
12.764513170001752,8.31570351880606,5.7094764925103565,13.108115949084116,7.034228504787503,4.899534636506736,1.3446558948275387
13.108257620053385,7.033474871666199,4.896466674930966,13.239878774048409,6.243082372995929,4.813631712385142,0.8012879787456247
13.239954666162324,6.242320839032862,4.81056375080937,13.309171061697104,1.4211709763857312,3.8656315854718146,4.848113529251771
13.308804905320912,1.4208473271400195,3.862563623896045,10.586265924942724,1.7368045543528405,3.3993014259545817,2.76853452608908
10.585586926027124,1.736625513279037,3.402369387530352,9.194214936630798,0.7531972540990823,3.015806228983167,1.7244595971131362
9.193685478051037,0.7532659768003152,3.012738267407399,8.349786686089535,1.7416360521186847,2.4881168379505114,1.3184341614734167
8.349200652862864,1.7420841728141685,2.4911847995262817,4.670119746828774,3.13073090737588,3.518951927409662,3.9501530755771257
4.669601011199307,3.130524026016999,3.522019888985432,3.8744366484506982,1.6290420328151183,3.887107316502216,1.7166515451066147
3.873915061712839,1.6285611645091125,3.8840393549264434,3.2966616149554233,1.3952964647478296,3.439184926439607,0.624753386688451
3.2959290943020623,1.3950737843495669,3.436116964863836,0.20757840545882356,0.782261399739312,2.3316507975861738,3.191174963419699
0.20731501795688548,0.782539504183353,2.3285828360104035,1.9962228851081887,7.297977714083169,1.6996507129772995,6.803323063014014
