x1,y1,theta1,x2,y2,theta,length
1.9963797483362036,7.297984115556413,1.7026416529337705,0.6463543012735902,9.80594170264043,0.9747279391327061,2.905500368755138
0.6463543012735902,9.80594170264043,0.9747279391327061,7.929783370280461,8.66639539118844,-0.34528658114139893,7.4300646420475385
7.929783370280461,8.66639539118844,-0.34528658114139893,9.640973106770323,7.719372376606926,-0.1492054882025459,1.9579075982612815
9.640973106770323,7.719372376606926,-0.1492054882025459,12.764139630768858,8.316268894902509,5.709606499326778,3.2004210235263075
12.764139630768858,8.316268894902509,5.709606499326778,13.10820899267488,7.033773888961018,-1.3848627479089357,1.3457594975693765
13.10820899267488,7.033773888961018,-1.3848627479089357,13.23993221874477,6.2427990538835445,4.8117158571228495,0.801880283937263
13.23993221874477,6.2427990538835445,4.8117158571228495,13.308959057211855,1.4205897882480125,3.865295227465927,4.849197224538729
13.308959057211855,1.4205897882480125,3.865295227465927,10.585571132189491,1.7367803106789124,3.3995277177880125,2.769661275563937
10.585571132189491,1.7367803106789124,3.3995277177880125,9.19355252603985,0.7530061056665645,3.012665636980088,1.7254784100412184
9.19355252603985,0.7530061056665645,3.012665636980088,8.34935593356283,1.7420970150234205,2.48863745508063,1.319189469832199
8.34935593356283,1.7420970150234205,2.48863745508063,4.669900819660528,3.1309262276224663,3.521078856455907,3.950736416073803
4.669900819660528,3.1309262276224663,3.521078856455907,3.874156591556564,1.628586091862856,3.886214348107514,1.7177549287668148
3.874156591556564,1.628586091862856,3.886214348107514,3.2965459838000193,1.3952377842888952,3.4366304901156335,0.6251590307895983
3.2965459838000193,1.3952377842888952,3.4366304901156335,0.20737598991492273,0.7819925915818002,2.3291268026582856,3.1923880599504697
0.20737598991492273,0.7819925915818002,2.3291268026582856,1.9963797483362036,7.297984115556413,1.7026416529337705,6.804013774284842
