x1,y1,theta1,x2,y2,theta,length
1.9808132017264282,3.3227635359385226,4.601942363656924,1.588791519934701,1.151781087600999,5.592893952631048,2.3191114550006944
1.5892384176084364,1.151341440232646,5.5959619142068195,1.7452312202897236,1.0645462103723728,5.954913418572058,0.17947575218261935
1.7465980002984955,1.065205122725741,5.95798138014783,6.24822974855427,3.390962496185424,6.912117430212701,5.111186644638939
6.2494600355639225,3.3918596549181386,0.6320000846088842,7.563182199778587,4.524880228400761,0.23316507975861633,1.7450373208982481
7.564478437372023,4.5251877541767405,0.23009711818284617,10.586170466465852,3.7055151782011384,-0.25464081078901657,3.1415010276495146
10.587654499932158,3.7051300023036795,6.03161245796634,11.590014131348973,3.589340165303839,6.731107697242193,1.027756262505627
11.591095510615432,3.58986200169616,0.45099035163837853,13.477122052755488,7.311555597722076,1.448077863764045,4.198937095802532
13.477300063349746,7.312997533212456,1.4511458253398164,12.962904534847977,9.165533353239196,2.5832236467994183,1.963755273562225
12.962006439486597,9.16609363939666,2.5862916083751912,10.336629004924845,8.693738537395314,2.9820586516496856,2.7084324680022736
10.335241694562368,8.693963603123882,2.978990690073915,9.620749168954173,9.079041768701853,2.868544073346149,0.8170953965890926
9.61933817227612,9.079431894229069,2.8716120349219203,4.8361836802002465,8.941207141907528,3.209087808256763,4.787422283017663
4.834654389787365,8.941100675526089,3.2121557698325325,1.5478996896356223,8.444620501898653,4.037437433715008,3.360640012540392
1.5472254094123359,8.443777935539988,4.040505395290779,1.9809746919084457,3.324250530643552,4.605010325232695,5.175761688194397
