x1,y1,theta1,x2,y2,theta,length
9.334033450721284,7.647381166898196,0.10124273200045232,15.553477763673243,9.646715080029999,-0.8436894333371027,6.810138331094692
15.553793791643367,9.646359022913359,5.436427912266712,13.194226108934226,4.3348261112401865,4.445476323292587,6.083076114391925
13.193188680848579,4.33101352854698,4.448544284868358,12.756464112430823,1.2356178889351235,3.7459810840167354,3.2422234809731476
12.754767577827037,1.2344484037048078,3.742913122440964,11.274749239230061,1.3548342834849056,2.6384469551633027,1.5694940634077992
11.272332436458562,1.3561642442219568,2.6353789935875316,9.430966361981422,2.6020091904801257,2.8777479580734635,2.230305495262362
9.42717999661591,2.6030311867506466,2.8808159196492342,6.276760241491999,2.3885563600931587,2.9667188437708303,3.1673166488782827
6.272444727384889,2.3893244720403746,2.9636508821950587,4.719480969457298,3.1251655604863084,2.4881168379505105,1.7231763208232476
4.718290309717738,3.126081864786661,2.485048876374739,0.6219465933682584,8.896078287912077,1.0308350894591505,7.348293886480883
0.62222365932463,8.896537345646488,1.0277671278833798,9.331897864879606,7.6471664985424175,0.09817477042468115,9.077404113496852
