x1,y1,theta1,x2,y2,theta,length
9.332636592695678,7.646875859717201,0.10020557146820983,15.554291793262218,9.646961532480184,5.438185679798809,6.813440901832006
15.554291793262218,9.646961532480184,5.438185679798809,13.193136465954504,4.332983345480895,4.446944122349596,6.087286807309874
13.193136465954504,4.332983345480895,4.446944122349596,12.75653488478955,1.2337941680077347,3.7444026742732777,3.2467832112852477
12.75653488478955,1.2337941680077347,3.7444026742732777,11.273113844654695,1.3555390370126639,2.6373460635754014,1.5738286348404502
11.273113844654695,1.3555390370126639,2.6373460635754014,9.427919942914983,2.603602312383047,2.8782614844159697,2.234754858563413
9.427919942914983,2.603602312383047,2.8782614844159697,6.2737891047367675,2.3884553708426806,2.9656668961831048,3.171282444736004
6.2737891047367675,2.3884553708426806,2.9656668961831048,4.7191142389443845,3.125253367036546,2.485768727039218,1.7252575031831812
4.7191142389443845,3.125253367036546,2.485768727039218,0.6218462092703547,8.897495219229425,1.027822258876043,7.352684661074676
0.6218462092703547,8.897495219229425,1.027822258876043,9.332636592695678,7.646875859717201,0.10020557146820983,9.078917635721142
