x1,y1,theta1,x2,y2,theta,length
8.290021959687754,5.713829562651022,3.5342917352885173,7.378446123639102,5.674305346799593,2.7488935718910694,0.9230662548088706
7.19064458808823,5.7757561088685385,2.356194490192345,5.679184026997691,8.425574469175322,2.3561944901923457,3.053969678410304
5.497234674312676,8.521740641922587,2.748893571891069,1.4658667623736898,8.089067003469161,3.926990816987242,4.090570413134408
1.382172168454837,7.952776940234075,4.319689898685965,2.7413488001437862,4.037989309796613,4.712388980384688,4.181546012905702
2.6935350671847673,3.820034431624383,4.319689898685965,1.6891300186566744,2.5882188655342504,4.71238898038469,1.625673337863667
1.696215006606458,2.450829563736618,5.105088062083414,3.6716435225413706,0.9694206842338635,6.283185307179586,2.503726703867748
3.7920646792916832,0.9827295982202743,0.39269908169872414,5.277403396362046,2.402003022873531,-8.881784197001252e-16,2.104434426860736
5.367770186041579,2.39438405711584,5.890486225480862,6.50639234849102,0.8344770465320972,5.890486225480862,1.9659673252928025
6.58092991692416,0.8350710859663938,6.283185307179586,7.963957195174731,1.482445210675955,5.497787143782138,1.776120519179328
7.902808784300408,1.55320816533749,5.105088062083414,7.467015047108865,0.5114722134618294,4.71238898038469,1.213083671063913
7.4697457872269295,0.5027391961494527,5.105088062083414,9.565798269332976,0.659845117906967,7.068583470577035,2.3015188634731594
9.679301267646505,0.773338657282328,1.1780972450961724,10.172237032215685,2.4318461386603833,0.7853981633974478,1.741773468684587
10.26310833762548,2.4822817215980484,0.39269908169872414,13.297398140812989,1.7514180821041174,0.3926990816987236,3.169042453041217
13.438929043733493,1.8403464178815028,0.7853981633974483,13.7956801511881,4.202124697970934,1.963495408493621,2.422828736266297
13.716693488846962,4.310411077916471,2.356194490192345,11.29222685863594,4.921554964175799,2.3561944901923466,2.5310463583523983
11.240611101568943,5.0103568319921195,1.9634954084936207,12.279301108280409,9.151316896340138,2.356194490192345,4.393706946692437
12.231160828828994,9.181444107686552,2.748893571891069,8.482987244654243,5.803525696720373,3.9269908169872414,5.166256764241515
