x1,y1,theta1,x2,y2,theta,length
7.796244990172798,1.1300257866541932,3.288854809226815,2.836020379034223,2.5360262232730575,2.179786699585496,5.188657656982865
2.835686103417119,2.5365070994900596,2.1782527187976104,3.1275205500227554,6.307471310359031,1.0124273200045242,3.8180267414030915
3.1278840235691017,6.3080529881289085,1.0108933392166377,6.52657373196786,8.445830199434806,0.5829126993965439,4.022936005010784
6.527213486693012,8.446252415061291,0.5844466801844292,8.166447740244191,9.411245621765193,-0.21475731030398992,1.9416499826264535
8.166950972395789,9.411135255231912,6.06689401608771,11.539687085297034,3.577804708234245,4.466952054322987,6.821185659621636
11.539552306393789,3.577269298846358,4.4654180735351,7.796940995665937,1.130129415435185,3.2903887900147,4.512664991536775
