x1,y1,theta1,x2,y2,theta,length
7.796704072312391,1.1299400478131165,3.289442629530832,2.8354388544418154,2.5364294439678927,2.178226069065263,5.189997618668459
2.8354388544418154,2.5364294439678927,2.178226069065263,3.1276970914156412,6.308077233087888,1.0121894825026971,3.8187567016504156
3.1276970914156412,6.308077233087888,1.0121894825026971,6.526999798513817,8.446095497592738,0.583442680767555,4.023653272739811
6.526999798513817,8.446095497592738,0.583442680767555,8.16666555662598,9.41148852540048,6.0674672527079085,1.9423911967530394
8.16666555662598,9.41148852540048,6.0674672527079085,11.539920030394144,3.577640385867714,4.465837887656406,6.822142434532784
11.539920030394144,3.577640385867714,4.465837887656406,7.796704072312391,1.1299400478131165,3.289442629530832,4.513572261633232
