x1,y1,theta1,x2,y2,theta,length
9.368546652752602,3.26311077222454,3.2029518851052186,7.818385565232317,1.0361683463116564,3.525087850561201,2.7544835372762893
7.817813549298208,1.0359375420275354,3.522019888985432,4.09967111774835,2.0194704441257594,2.119961448857957,3.874715229361933
4.099383940331916,2.0199405666662855,2.1168934872821845,4.8016641168971415,5.616500121768149,1.8745245227962541,3.687230122861423
4.8014655122214265,5.617133386854187,1.8775924843720246,3.1908381370495316,7.316950559182214,1.322291439157424,2.390898637767102
3.1909279061889007,7.3173008801699035,1.3192234775816514,9.120192574238843,8.908061370425552,0.39269908169872547,6.187004108391567
9.120891991450554,8.9083530496583,0.3957670432744954,10.526365950916478,9.571129336413831,-0.6810874698212241,1.6168373439977213
10.526564218971782,9.570968534496929,5.599029875782591,9.880071779219055,7.157286867684389,4.902602598082511,2.568555380417602
9.879830051524142,7.1565591509563005,4.904979423902322,9.9005393632373,7.094755612566131,5.166447293598839,0.06536696742412929
9.900791002811356,7.09427060488901,5.169515255174611,11.90293783468804,6.365266753173423,6.074563920027137,2.1501022479490244
11.90368416538761,6.365110343018331,6.07763188160291,14.370283885101088,6.018223532335148,5.255418179296206,2.520829354604507
14.37051918454405,6.017831199399657,5.252350217720435,12.662881510690164,1.6274939543598055,4.138680165715461,4.742240620437732
12.662471370483184,1.6268611390972392,4.135612204139688,11.654281496931194,0.6821727101810194,3.0986411915289933,1.4045645472176094
11.653779948560166,0.6821952966576761,3.095573229953224,9.368985106423397,3.263136623730507,3.199883923529447,3.5020192090041857
