x1,y1,theta1,x2,y2,theta,length
9.253500514721082,6.174537305183277,3.6324665057131984,7.315415450647168,5.9356149662935636,2.7488935718910685,1.9853267435669344
7.255967395457157,5.967484479338264,2.650718801466388,5.708800544806838,8.455836939369032,2.650718801466388,2.996837681145914
5.667309698426015,8.47539354894609,2.748893571891069,1.9274201699434912,7.487919132627451,3.926990816987242,3.9379898943529374
1.849583884435683,7.3966603728855045,4.025165587411923,1.5381485613374632,3.042181614099932,5.497787143782137,4.50913688227428
1.5687958884287925,3.015292988473967,5.5959619142068195,2.9436249328423374,2.796561144999403,5.988660995905542,1.4357888368893494
3.004896581346832,2.7580970866121026,5.890486225480862,4.189950391904914,1.617381632717968,5.988660995905542,1.6962388274608866
4.251001522223864,1.586090222595508,6.086835766330224,5.3053435068935,1.7606102129992964,6.283185307179586,1.0844006275876277
5.391447671488626,1.7461037875550023,6.1850105367549055,6.651891833036587,0.9847453902397455,5.988660995905542,1.5020281156621114
6.702498215446515,0.9695629215085714,6.086835766330224,8.315431527944375,1.1917305332307264,0.1798435240821747,1.6354704421972788
8.409893892661566,1.2042091414990548,0.17006729756594297,8.435735538538017,1.2089972402132632,0.1963495408493623,0.026282243283419326
8.546236725172948,1.2300038336774428,0.29288420171534363,9.562503170086195,1.4139411618012288,-0.19634954084936174,1.0453784034833264
9.682221003241997,1.3871972904454193,5.988660995905542,10.133770255564736,1.2164388349488757,6.086835766330224,0.4842247068347687
10.198014879810794,1.2042576722134575,6.1850105367549055,12.65238433141994,2.1087624406075713,7.0685834705770345,2.6442525885387065
12.733399557898117,2.202657063995486,0.8835729338221293,13.130162462162762,4.122553735491072,1.8653206380689393,1.9994697567234736
13.094586119342157,4.204936731716202,1.9634954084936207,12.207147639071003,5.132905298039912,2.061670178918302,1.3065493450947832
12.106283751375699,5.216554993865995,1.9853349929503565,12.097706447131504,5.236639274865935,1.9634954084936211,0.021839584456735395
12.073936972619595,5.359945352214758,1.8653206380689396,12.16113158996325,8.690716240530739,2.6507188014663887,3.642268988418257
12.146495822041336,8.698548542358452,2.748893571891069,9.294296388853173,6.200051724693894,3.73064127613788,4.067949516956015
