x1,y1,theta1,x2,y2,theta,length
9.31453611885943,7.908003160260328,0.09510680884890975,15.167490784750397,9.3703452729007,-0.8927768185494434,6.299002115058599
15.168072832526402,9.36961759831179,5.387340527054372,14.236666816840957,6.714469410611128,4.126408319412374,3.0358326644857856
14.234976581935694,6.711909072208757,4.129476280988146,12.884576193707783,4.507360027624001,4.528311285838413,2.5943380179679023
12.88406792158646,4.504578743188176,4.5313792474141845,12.897930447569589,1.0779909457783183,3.718369429834794,3.634681518510847
12.89703537907015,1.0774142374986084,3.715301468259023,11.48853649826165,1.3194390301192458,2.432893529586627,1.5511332119507273
11.486216977382488,1.3214365458075465,2.4298255680108554,9.600535266783298,2.9404810770755603,2.9513790358919736,2.512857245457976
9.598031825266904,2.940954987602032,2.9544469974677448,6.241848652189139,1.900831433756833,2.9145634969827183,3.5697551044101714
6.239435906901856,1.9013902421156708,2.9114955354069467,1.0094395661069995,8.689842109703244,1.0523108204895513,8.884697404146634
1.009947213483765,8.690731897665994,1.0492428589137786,9.311594036346364,7.907725722914523,0.09203884727313905,8.598068431662332
