x1,y1,theta1,x2,y2,theta,length
9.312549156861412,7.907403061812189,0.0941299981522627,15.168176314365825,9.371823791811575,5.3876820410521535,6.304172054998035
15.168176314365825,9.371823791811575,5.3876820410521535,14.236320323176358,6.7139528405772,-2.154330552309343,3.038586405737946
14.236320323176358,6.7139528405772,-2.154330552309343,12.88360607412369,4.505353819173333,4.532179009656805,2.59929547699873
12.88360607412369,4.505353819173333,4.532179009656805,12.899115650359711,1.0770474600551856,3.715817946920884,3.6383140521650885
12.899115650359711,1.0770474600551856,3.715817946920884,11.487253295664221,1.3204101247539035,2.431435082219666,1.5549679547257713
11.487253295664221,1.3204101247539035,2.431435082219666,9.597894598704308,2.9418483202987336,2.9544059978229287,2.5176707503661913
9.597894598704308,2.9418483202987336,2.9544059978229287,6.239528599471429,1.9004411281028337,2.9139634146972133,3.5723893405844542
6.239528599471429,1.9004411281028337,2.9139634146972133,1.008972351972882,8.691936470005608,1.0518524968356324,8.888147188108562
1.008972351972882,8.691936470005608,1.0518524968356324,9.312549156861412,7.907403061812189,0.0941299981522627,8.602049839103685
