x1,y1,theta1,x2,y2,theta,length
2.8369873441133477,8.232466489753376,1.4792062522792682,3.095979335665823,8.817097119360081,0.8283496254582463,0.6508566268210219
3.0972495919823575,8.818528164707182,0.825281663882475,8.120877271536429,8.911490832094692,-0.15033011721279288,5.120441857354806
8.12389539659029,8.911030716818901,6.129787228391022,14.47677096354061,6.674906382841498,4.874990943900566,6.950870077247525
14.476964899182535,6.673700290239361,4.871922982324796,11.741430207559532,4.209837189391158,3.7153014682590233,3.876025652886468
11.738857071285869,4.208166589457334,3.718369429834794,7.675046448990373,1.6167228688529214,3.3410101560149257,4.828536721634011
7.672258279552249,1.6161632760814058,3.3379421944391554,3.7884304730986154,2.4670633749186814,2.3316507975861747,4.023146956210942
3.7867158929195464,2.4688678614162054,2.3285828360104035,2.8374561823908646,8.229435063864255,1.4818254410975296,5.877269053565924
