x1,y1,theta1,x2,y2,theta,length
2.8374003279898052,8.231059137837043,1.4832602232108825,3.0967565688773697,8.819737296424684,0.8283496254582463,0.6549105977526362
3.0967565688773697,8.819737296424684,0.8283496254582463,8.122700243629557,8.91136467262359,6.1316156339327526,5.1239436837469885
8.122700243629557,8.91136467262359,6.1316156339327526,14.47847118398048,6.673182227763166,4.871750372215695,6.956139303568379
14.47847118398048,6.673182227763166,4.871750372215695,11.740513481963449,4.2092529993041214,3.7172824319117352,3.8779989488330417
11.740513481963449,4.2092529993041214,3.7172824319117352,7.673568430811655,1.6158403469196476,3.3396773015816192,4.832334469996744
7.673568430811655,1.6158403469196476,3.3396773015816192,3.786699776019115,2.46758488106195,2.3304423682753583,4.0266456177125995
3.786699776019115,2.46758488106195,2.3304423682753583,2.8374003279898052,8.231059137837043,1.4832602232108825,5.8804689427840335
