x1,y1,theta1,x2,y2,theta,length
2.193751758270631,3.297593434449327,4.611146248384237,1.4297901543732778,0.88399678162063,5.347457026569345,2.5678266466598876
1.4298895479028764,0.8838619124025775,5.34899100735723,1.9947106381174406,0.8073199595640055,6.5500979642716874,0.5985579021634062
1.9949354072078542,0.8073814270601211,0.2684466378799872,6.424004519368357,3.11786930400668,0.74091272054876,4.996628340056042
6.424197788103695,3.1180464847651184,0.7424467013366502,7.5304955199406205,4.721115700403836,0.27458256103152845,1.9628853295553892
7.530827810600679,4.721208905790646,0.2730485802436441,8.512701730960353,4.309598977492892,-0.45680521368545396,1.0785261795319605
8.513074831930851,4.30941559455397,-0.456860276215265,10.490243529699901,3.3447773831305487,6.054622169784627,2.200421958165635
10.49042803467187,3.344734476430061,6.0561561505725106,11.662412979608678,3.3751631126786528,6.83388441003053,1.1793252629807764
11.662721842568985,3.3753529925790917,0.5522330836388307,13.663728364317162,7.2846593509866,1.4588157292792439,4.400323544169624
13.663778225379382,7.28510459120256,1.4603497100671303,13.084623110578846,9.31128958700159,2.6691265709210112,2.132978875364678
13.08434163999418,9.311433230168952,2.6706605517089015,10.305173832065945,8.35064569454947,2.8255926112853547,2.975765858063829
10.30499709365714,8.350703762824148,2.8240586304974657,9.611196222849484,9.298527838685951,2.641514916739076,1.190633476720735
9.610846365668769,9.29871889249332,2.6430488975269597,4.8206583264210305,9.24870779437153,3.2428353855902454,4.7960048651226685
4.820365923692537,9.248678047571085,3.2443693663781312,1.454703561553164,8.545421154294443,4.097262684442549,3.456130705429623
1.4544714167026829,8.545092626974908,4.0987966652304335,2.193793990263129,3.2980154897973373,4.6126802291721205,5.3173629444979085
