x1,y1,theta1,x2,y2,theta,length
13.992961844035143,4.742624794263318,-2.3298533331063287,10.653460275602582,1.3909087792477015,2.9483110743162015,4.770203376639245
10.6530588599334,1.390988564401923,2.945243112740431,9.571116506301944,3.7376438302201267,2.5954954931025087,2.630700349972224
9.57059812077132,3.7379573450795167,2.5985634546782763,3.7234066553018286,3.1363501589827836,2.7765052260730143,5.893781783160742
3.7227727298308153,3.136593851558408,2.7734372644972396,1.8838587834031646,5.190704432122863,2.169048834070297,2.761549476529728
1.8834301511991105,5.191333538428322,2.165980872494525,1.423055987250862,6.064428232123886,2.294835258676919,0.9876976069943475
1.422562972409122,6.064984385835044,2.2979032202526906,0.33600665817081116,7.013726617181086,1.3100195928543372,1.5052245367747663
0.33607172427107723,7.01396988673417,1.3069516312785663,6.097825850183501,7.604145916650801,0.06749515466696798,5.861990793113564
6.098591202828559,7.604195595681417,0.06442719309119693,7.883018516371868,7.692320330839797,-0.2638446955163302,1.787919062363023
7.883720309746894,7.692128979377859,6.016272650087483,11.12779178549957,5.542383566625465,5.792311455056182,3.893106551191094
11.128465681849564,5.542025479937921,5.7953794166319526,11.960496356079503,5.21914097660051,6.267845499300726,0.8945261229911432
11.961210171131203,5.219131198840475,6.270913460876502,15.082637041979098,6.170410347506618,5.298369641357006,3.3511402028273674
15.082731691568997,6.170267675641104,5.295301679781233,13.993489958224444,4.743181003840715,3.95245909941612,1.8769973029457225
