TIME,LB,UB,OPEN,GAP,TREE
0.028146982192993164,0.0,25.341372731912678,1,100.0,1
0.028194904327392578,24.461228657007595,25.341372731912678,1,3.4731507413436495,1
0.14051294326782227,24.461228657007595,25.341372731912678,3,3.4731507413436495,4
0.2854437828063965,24.496913236142365,25.34137273191267,2,3.3323352475963866,4
0.2855048179626465,24.496913236142365,25.34137273191267,3,3.3323352475963866,4
0.37710094451904297,24.786319432688227,25.34137273191267,3,2.19030478378726,4
0.946138858795166,24.84002330989557,25.34137273191267,4,1.9783830470467958,8
1.1231768131256104,24.84002330989557,25.34137273191267,4,1.9783830470467958,8
1.4712297916412354,24.84002330989557,25.34137273191267,4,1.9783830470467958,8
1.6278409957885742,25.028911317865994,25.34137273191267,4,1.2330090297483796,8
2.827807903289795,25.0333285155911,25.34137273191267,4,1.2155782545025504,8
3.1755387783050537,25.049783997701603,25.34137273191267,4,1.1506430109205055,8
6.884506940841675,25.182734488393663,25.34137273191267,4,0.6260049335024087,8
7.411568880081177,25.21644433201849,25.34137273191267,3,0.4929819754273093,8
18.904924869537354,25.26054206642474,25.34137273191267,3,0.3189671938574161,8
58.92802286148071,25.300531407376912,25.34137273191267,3,0.16116461001470014,8
59.953863859176636,25.30513392796229,25.34137273191267,2,0.1430025292384545,8
222.6866738796234,25.320899327336647,25.341372731912656,1,0.08079043228083192,8
222.68673396110535,25.320899327336647,25.341372731912656,2,0.08079043228083192,8
931.0018739700317,25.33111358217098,25.341372731912656,2,0.0404837963997062,8
4327.343543767929,25.33623699332386,25.341372731912656,2,0.020266220946786925,8
4327.343633890152,25.33623699332386,25.341372731912656,2,0.020266220946786925,8
