x1,y1,theta1,x2,y2,theta,length
1.282952259887645,6.042246243360177,1.4756895179459866,2.686587206637949,6.472915648453377,0.17180584824319234,1.5414216920440817
2.6870702707840484,6.472999401350495,0.1712913952487805,12.313650156874555,7.93799112068719,-1.1873011298234877,9.83067034680281
12.313706217644441,7.937851156583958,5.09281621578033,9.742629232679402,5.9673151218526375,3.9699422790480394,3.3290810295490076
9.742318373216664,5.96697440599515,3.973010240623811,8.212422980806618,3.303525942836137,3.49747619637926,3.086278297331216
8.211766048980568,3.3032817323089723,3.4944082348034904,1.282924170849287,6.041948066418134,1.4787574795217608,7.548785627596742
