x1,y1,theta1,x2,y2,theta,length
1.2823780489752101,6.042006682244577,1.4768394851005,2.687046320925666,6.472994993882123,0.17165316684022733,1.5427061226575296
2.687046320925666,6.472994993882123,0.17165316684022733,12.313921473366209,7.938265432014881,5.093379698775313,9.831503854140083
12.313921473366209,7.938265432014881,5.093379698775313,9.74257025215631,5.967333937091928,3.9727990795417414,3.329660875800791
9.74257025215631,5.967333937091928,3.9727990795417414,8.212608370489216,3.3032704637070704,3.4975726507077174,3.0868457262708526
8.212608370489216,3.3032704637070704,3.4975726507077174,1.2823780489752101,6.042006682244577,1.4768394851005,7.550656153043403
