x1,y1,theta1,x2,y2,theta,length
1.7481248281822412,5.105139897332258,5.6941366846315,3.5346239140254703,4.958792811572226,5.890486225480862,1.8363271146723497
3.55049795680249,4.952341526255818,5.8659425328746915,4.409817774146534,3.566079913228979,4.589670517353839,1.7193040138317415
4.408822913836894,3.5566864528340645,4.565126824747669,3.837863022924485,1.7437980768921664,5.178719139901925,2.0303877122842726
3.839913520462126,1.739912219009455,5.203262832508095,6.446759618270633,1.6552191488553363,0.27262106874600694,2.864033389402154
6.477399076778802,1.6637822716922506,0.2724322377770978,8.285982471805047,2.1660578093467047,0.19634954084936318,1.8771046119170847
8.302404978988239,2.1691118979175763,0.1718058482431918,9.439033146759655,2.2761478828389134,-1.3877787807814457e-16,1.1418744892198778
9.453820420515964,2.2761512449729397,6.258641614573416,9.878203634646377,2.1940299932748974,5.890486225480862,0.4346954989011108
9.903952155694705,2.1825999554325066,5.8659425328746915,11.228194928618935,1.0840730255494855,5.792311455056181,1.7267789452883675
11.253060956916787,1.071245992360464,5.816855147662351,11.8570020315061,0.9084357463792966,-0.21178204760357397,0.6274108681689254
11.874801711916723,0.9046300457180094,-0.2094896058852236,13.221512734013217,0.8922329702709263,6.823146544515332,1.3880602291080706
13.236605050504407,0.9012795964611001,0.5645049299419159,14.595257995888192,4.6969029716147634,1.2894744564053455,4.085468735567839
14.601464285980969,4.718435871557036,1.2908820836518153,14.78467835874075,7.706325030122993,2.5034566458293668,3.1982678612853634
14.776420176269141,7.712337170808769,2.528000338435537,10.329003027990469,5.612980637375663,3.2888548092268155,5.1481284219158265
10.312030461047737,5.6107995343376595,3.264311116620645,7.539226014997278,6.498455366701491,2.5770877236478773,2.9283269322291914
7.512945300213397,6.515985678253481,2.552544031041707,6.901189686894602,7.149317817109315,2.356194490192345,0.8825834063656616
6.883136632108259,7.16709395011077,2.380738182798515,5.803228428010914,8.086429344720703,2.6016314162540475,1.4190722735263452
5.790059166072914,8.094291563850055,2.6261751088602177,3.8585374275806554,8.757946595639611,3.1661363461959633,2.051526963759211
3.8362312748877243,8.757226557845097,3.1906800388021335,1.1361278594909825,7.366644276886864,4.246058820867454,3.0931445527294614
1.127939694311598,7.34909866211457,4.270602513473625,1.7315458717708379,5.116018938533625,5.66959299202533,2.424604467519324
