x1,y1,theta1,x2,y2,theta,length
1.061977707678583,6.206100592377154,0.7301748550335652,2.503610058382299,6.392713793722285,0.9173205111556147,1.4885484833012783
2.503899807697561,6.393094489236505,0.9203884727313847,2.268533780284348,8.280296667252175,0.708699124003167,1.969846059173615
2.2687924637989503,8.280517115421793,0.705631162427395,5.955823393906769,6.84859320470329,-0.3067961575771292,4.006667952462014
5.9565511085377745,6.848363323558288,5.979457111178229,8.382588186482545,6.357621644176146,6.448855232271231,2.4772858996043974
8.383291844250753,6.357741459422024,0.1687378866674205,11.67019584491598,8.322539622443617,0.5215534678811161,3.8315179143223888
11.670861294814278,8.322920580175396,0.5184855063053467,12.681663510453799,8.772167793345824,-0.3620194659410103,1.128163833878216
12.682130437939861,8.771989613381768,5.9180978796628025,13.622074487715471,6.109653494101729,4.1141364731092915,2.882391249710308
13.621820906251868,6.109281373072778,4.111068511533519,11.400554586602441,5.932562939496649,3.439184926439608,2.2594203133049593
11.399847745742685,5.932345762294593,3.4422528880153784,6.399657693001034,2.7840916302237395,3.301126655529897,5.912260317881914
6.398962644317715,2.7839807103510608,3.298058693954129,5.523149173439746,2.953133818040602,3.408505310681895,0.8988893454032529
5.522507888361372,2.9529562439885386,3.411573272257666,3.4032736353760416,0.897279371245636,3.4606606574700063,2.9619547980499203
3.4026251770973936,0.8970671658638721,3.457592695894235,0.4358216741595169,1.4138621173900399,2.212000296131094,3.034129624024647
0.43549350774617246,1.414302650971567,2.208932334555323,1.061543768985585,6.205711633267456,0.733242816609335,4.864876079031759
