x1,y1,theta1,x2,y2,theta,length
12.338025821742894,6.003521263002481,1.3346709268673307,13.272301027611531,7.993866684940552,2.1994874794062373,2.317592616664734
13.272301027611531,7.993866684940552,2.1994874794062373,10.003582022764181,7.405176917622843,2.985651051517234,3.4523699485182773
10.003582022764181,7.405176917622843,2.985651051517234,9.878381234428625,7.442109227991946,2.7238450545491397,0.13090299848404707
9.878381234428625,7.442109227991946,2.7238450545491397,8.734184596757709,8.573252920033633,2.841246905508898,1.6252741375924138
8.734184596757709,8.573252920033633,2.841246905508898,3.3713599299158012,7.112526047910609,4.150142840493626,5.606583626886146
3.3713599299158012,7.112526047910609,4.150142840493626,4.254438623813514,2.2272606192910556,5.4543318493746815,5.012414706401712
4.254438623813514,2.2272606192910556,5.4543318493746815,7.725635769383061,1.268080786576805,0.38059039366142206,3.638168674281558
7.725635769383061,1.268080786576805,0.38059039366142206,9.186345014202097,3.2697182843767436,0.2719704021968221,2.5256964690890915
9.186345014202097,3.2697182843767436,0.2719704021968221,12.587858621655245,1.902200901103444,0.6056333271916651,3.7839158679010643
12.587858621655245,1.902200901103444,0.6056333271916651,12.338025821742894,6.003521263002481,1.3346709268673307,4.206301408266269
