TIME,LB,UB,OPEN,GAP,TREE
0.025835037231445312,0.0,30.71152227517866,1,100.0,1
0.02587294578552246,25.946221328716934,30.71152227517866,1,15.516329356012045,1
0.15708088874816895,25.946221328716934,29.383715119746483,2,11.69863571376473,4
0.15714502334594727,25.946221328716934,29.383715119746483,3,11.69863571376473,4
0.35531187057495117,25.946221328716934,29.383715119746483,4,11.69863571376473,8
0.7512650489807129,25.946221328716934,29.383715119746483,6,11.69863571376473,13
0.8908669948577881,25.946221328716934,29.210787123419873,5,11.175891224394839,13
0.8909199237823486,25.946221328716934,29.210787123419873,6,11.175891224394839,13
1.0361759662628174,25.946221328716934,29.210787123419873,6,11.175891224394839,13
1.2281839847564697,26.333668531934908,29.210787123419873,6,9.849507236243637,13
1.3897640705108643,26.361480819490957,29.210787123419873,6,9.75429484967378,13
1.8448619842529297,26.63249855059709,29.206151317764594,5,8.812022985041791,13
1.844918966293335,26.63249855059709,29.206151317764594,6,8.812022985041791,13
2.1980140209198,27.57559896190512,29.206151317764594,6,5.58290730647449,13
3.2439939975738525,27.806800266496694,29.206151317764594,6,4.79128878037671,13
3.5630578994750977,28.25458326142208,29.206151317764594,5,3.258108355289261,13
4.865741968154907,28.450795577934514,29.206151317764594,5,2.586289893563058,13
7.641293048858643,28.48976884792906,29.206151317764594,5,2.452847901941106,13
8.083532094955444,28.50839153363951,29.206151317764594,4,2.3890850134049377,13
15.503383874893188,28.839051560088315,29.206151317764594,4,1.2569261649103038,13
35.61978507041931,29.0217617694656,29.206089271930495,3,0.6311269569460991,13
35.61984205245972,29.0217617694656,29.206089271930495,4,0.6311269569460991,13
118.38181710243225,29.11312938396749,29.20556489302384,3,0.3164996444853235,13
118.38192987442017,29.11312938396749,29.20556489302384,4,0.3164996444853235,13
118.88286590576172,29.147082612449783,29.20556489302384,3,0.20024362065336124,13
394.4551179409027,29.159132000198365,29.20556489302384,3,0.15898645684667542,13
397.9964790344238,29.167017406035587,29.20556489302384,2,0.1319867878928143,13
1445.4060699939728,29.182321677603447,29.205563785451588,1,0.07958109632425117,13
1445.4061570167542,29.182321677603447,29.205563785451588,2,0.07958109632425117,13
