x1,y1,theta1,x2,y2,theta,length
0.9914219891198123,1.0268577779926262,1.9773012355845916,2.618027075141507,3.351357544148999,0.5905826033359716,3.0620514450176275
2.6198424648372436,3.352573553939632,0.5890486225480862,9.80083869915236,6.961377804545472,0.36968936988043877,8.037261901166993
9.801618338029511,6.9616790417807355,0.36815538909255385,12.18835546147704,7.3177235254536965,-0.527689391032661,2.4773421524662624
12.190402625505449,7.317648910278306,5.754084273446187,12.620828632856988,6.808551256459441,5.074408446325701,0.6796758271204864
12.621002249604093,6.80789393899602,5.072874465537816,8.337442011011415,1.1291665387627101,3.6232626209858845,7.300770168656506
8.336037589298,1.1284350249271884,3.6217286401979987,0.9916154905639804,1.0264089124119882,1.9788352163724774,7.636836163595094
