x1,y1,theta1,x2,y2,theta,length
0.9909064175129838,1.026114399205609,1.9778454216267678,2.619201461370033,3.352308648913012,0.5901030203678453,3.0648212745630747
2.619201461370033,3.352308648913012,0.5901030203678453,9.80103212561385,6.961495770525322,0.3685661812277364,8.038192733374162
9.80103212561385,6.961495770525322,0.3685661812277364,12.1885613217297,7.31850015460562,5.757055643835304,2.477893069995541
12.1885613217297,7.31850015460562,5.757055643835304,12.62159176948905,6.807811319730069,5.074316183501686,0.6827394603336181
12.62159176948905,6.807811319730069,5.074316183501686,8.337544828972609,1.128862915334072,3.621827862419611,7.302107779904475
8.337544828972609,1.128862915334072,3.621827862419611,0.9909064175129838,1.026114399205609,1.9778454216267678,7.639809467280718
