TIME,LB,UB,OPEN,GAP,TREE
0.023674964904785156,0.0,27.528341769329707,1,100.0,1
0.023713111877441406,25.308972794485804,27.528341769329707,1,8.0621237321188,1
0.13405609130859375,25.308972794485804,27.52834176932965,1,8.06212373211861,4
0.13410305976867676,25.308972794485804,27.52834176932965,2,8.06212373211861,4
0.33948802947998047,25.82721203587682,27.52834176932965,3,6.1795575908902824,8
0.47563815116882324,25.82721203587682,27.52834176932965,3,6.1795575908902824,8
0.6188161373138428,25.82721203587682,27.52834176932965,3,6.1795575908902824,8
1.0119280815124512,26.39801393095098,27.52834176932965,3,4.106051311953738,8
1.3685901165008545,26.520748295550927,27.52834176932965,3,3.660204026169569,8
2.5952820777893066,26.924616938826194,27.52834176932965,3,2.193102786801667,8
3.6549160480499268,27.04134854870888,27.52834176932965,3,1.769061226794811,8
7.002265930175781,27.220848258810975,27.52834176932965,3,1.1170070216916055,8
10.000417947769165,27.34065912935463,27.52834176932965,3,0.6817796783681447,8
19.619126081466675,27.371534699699737,27.52834176932965,3,0.5696204694923458,8
48.4668390750885,27.44959005639764,27.528341769329586,2,0.28607503347581664,8
48.46689796447754,27.44959005639764,27.528341769329586,3,0.28607503347581664,8
146.63837504386902,27.48880197712212,27.52834176932954,2,0.14363303296195595,8
146.63843703269958,27.48880197712212,27.52834176932954,3,0.14363303296195595,8
155.77334213256836,27.495129848743424,27.52834176932954,2,0.12064628107428617,8
567.4024391174316,27.508562338212982,27.52834176932947,1,0.0718511535573981,8
567.4025089740753,27.508562338212982,27.52834176932947,2,0.0718511535573981,8
2453.322559118271,27.518439477284513,27.528341769329455,1,0.035971262373580386,8
2453.322615146637,27.518439477284513,27.528341769329455,2,0.035971262373580386,8
