x1,y1,theta1,x2,y2,theta,length
7.503044768087524,3.1748796423434293,5.861340590511035,15.245952093771665,3.113962290557949,7.5778650921550685,7.925651864031539
15.245998112165363,3.114124805203062,1.2962137657633668,13.694710460319536,4.401449635857741,2.5878255891630766,2.1639143336102933
13.694059500455348,4.401852919899154,2.5862916083751912,7.904041212337381,8.413822334871547,2.917631458558492,7.048881907918953
7.903348968035283,8.413978959190523,2.919165439346375,3.611817376014343,7.458923883175113,4.397922918868132,4.496973030311198
3.6117083570736543,7.458587255560418,4.399456899656018,7.502392644684031,3.1751734485083185,5.859806609723148,5.88796635373549
