x1,y1,theta1,x2,y2,theta,length
7.502962381381311,3.1747651857315424,5.859914522103688,15.246379299686453,3.114098757267658,1.2951202790917054,7.926366865551789
15.246379299686453,3.114098757267658,1.2951202790917054,13.694332133712747,4.401658628298226,2.5871563102110846,2.1651204786931975
13.694332133712747,4.401658628298226,2.5871563102110846,7.903997641955801,8.413980980460446,2.918953209927381,7.049393242212177
7.903997641955801,8.413980980460446,2.918953209927381,3.611502159181554,7.4590542170507526,4.3990973828299085,4.498226346683099
3.611502159181554,7.4590542170507526,4.3990973828299085,7.502962381381311,3.1747651857315424,5.859914522103688,5.889234836189193
