x1,y1,theta1,x2,y2,theta,length
6.151292246616041,3.0129429509551753,5.5959619142068195,6.708110516460155,0.7306343696114281,5.5959619142068195,2.4046208884570532
6.724975448955594,0.7168290810885606,5.6941366846315,8.55888313183716,0.7521515832930753,6.36085005550455,1.8552735565453013
8.612248398327226,0.7553546478717515,0.042234453775224376,9.319534078858284,0.9521603231404419,0.8835729338221304,0.7628657943803151
9.338803483845256,0.9768604720429608,0.9817477042468103,9.022599948168818,5.018485612150336,0.4908738521234035,4.224548749872765
9.031408084299612,5.023103699638054,0.39269908169872414,13.399348074499013,1.1884397418300678,0.09817477042467937,5.983829869098354
13.423414115282451,1.1913964780377715,0.19634954084936207,14.326463206285426,2.479985277749912,1.3744467859455347,1.6199017633869357
14.331986625178073,2.511494379984591,1.4726215563702154,13.43006316575953,7.595948179865624,2.1598449493429825,5.171430855982939
13.396200809009654,7.6451170283459735,2.2580197197676637,10.148252607541883,9.524883159006997,3.141592653589794,3.7685774958200877
10.126532958558414,9.522656404605245,3.2397674240144743,8.621117997765865,8.460502105649915,3.141592653589796,1.8823389378325992
8.57288093918071,8.460860110267646,3.043417883165112,7.225079854184489,9.118400059476942,3.632466505713199,1.6043788869632039
7.215111157755171,9.11314262581513,3.730641276137879,7.062186696638199,7.127800361898547,4.025165587411924,2.100720436377376
7.03179919391501,7.097087382974302,3.9269908169872414,1.6522983946803973,7.5428108388639545,3.730641276137881,5.4838095561735685
1.6175838622461234,7.514254301872032,3.8288160465625602,1.3554408561679565,2.2967771939059207,5.497787143782141,5.3175933740911105
1.3856727387671304,2.271585272710165,5.5959619142068195,6.132361013306347,3.0261439924257982,5.6941366846315,4.89964907174197
