x1,y1,theta1,x2,y2,theta,length
10.681961405766467,2.1434704579537227,3.06182565261974,9.380526889106719,3.003576474811089,2.8133207649822665,1.602430535876616
9.378035032994681,3.0044261881126437,2.8163887265580376,8.729263989450484,3.0090551895805024,3.3532820023180117,0.65874065970689
8.726265106770315,3.0084078542090418,-2.9269230651127227,8.402774412034766,2.9378774788867346,-2.926923065112723,0.33109026476716813
8.399776381852643,2.9372261797509993,-2.928425340232141,3.999093620784813,1.9719189102707921,3.5128160042581187,4.505950984802708
3.9962744653780407,1.9708127406297042,3.5158839658338894,2.4520638318760803,1.5679552837142645,2.7151459945575844,1.6759464060569125
2.4504627800848486,1.5686816318615522,2.7120780329818133,1.081577766069209,6.916889737255756,1.41126232485479,5.654754473219608
1.0820466482910305,6.919735841211654,1.4081943632790188,1.7021494854925643,7.917645673842184,0.5798447378207724,1.1989147350028764
1.704426653963507,7.919128589232991,0.5767767762450011,9.362915154333528,8.64007903635226,-0.3988350048502673,7.730594763014008
9.365398578506115,8.639024426706579,5.881282340753549,11.561381045251661,6.156725935111993,5.700272607783043,3.3351317291188334
11.563816321944248,6.1551194505298685,5.703340569358813,12.12839389838795,5.954440141409703,6.1083114973606225,0.6027284827197201
12.131401982605958,5.953910827600584,6.111379458936394,13.767210351008679,5.202453848099267,5.028389022689133,1.9429429575192696
13.767572348686672,5.201336131954556,5.025321061113361,10.684120253535813,2.1432956564651957,3.0648936141955128,4.661928647871092
