x1,y1,theta1,x2,y2,theta,length
14.734144478967282,0.720161232406568,3.764388853471363,9.062408724171176,3.489916819788418,3.178408192499047,6.368077400679143
9.061712947021535,3.4898902800010054,3.1814761540748195,6.744829297888978,2.2647237651001833,2.5249323768597653,2.6829067408665868
6.7445395466698645,2.2649291766805035,2.5218644152839946,7.075539589622994,4.611871761081046,1.8990682154024219,2.4318493056179724
7.075404659731577,4.612264156532634,1.9021361769781948,3.813889868764914,7.599067481720997,1.0921943209745786,4.518870596769083
3.8139484069280796,7.59918029623896,1.0891263593988052,9.927588327545235,6.2130583894594835,0.6135923151542486,6.384877140296269
9.927922549268425,6.213294085285657,0.6166602767300278,10.12806173525943,7.103763231997894,0.8989127417009846,0.9389039537277848
10.128327565887776,7.10409725041254,0.8958447801252145,13.576037383092576,8.12547061043009,-0.5522330836388303,3.629088893870294
13.576364403647851,8.125268109196579,5.727884261964984,14.734467440827483,0.7203946578661762,3.7674568150471295,7.572840872839702
