x1,y1,theta1,x2,y2,theta,length
14.734212464394776,0.7197195758628527,3.7673100047940715,9.062008976982817,3.490100453675913,3.1797732417636344,6.369229094035634
9.062008976982817,3.490100453675913,3.1797732417636344,6.744828766479375,2.2642052115784113,2.5248746048295443,2.6836088707687678
6.744828766479375,2.2642052115784113,2.5248746048295443,7.0756566008059965,4.611922757146169,1.9018447879763891,2.433131178452962
7.0756566008059965,4.611922757146169,1.9018447879763891,3.813509023327656,7.5989809021234445,1.092141188235759,4.519542501342595
3.813509023327656,7.5989809021234445,1.092141188235759,9.92800655325665,6.213049066426468,0.6144980401890476,6.386331831759365
9.92800655325665,6.213049066426468,0.6144980401890476,10.128241337183988,7.104222306916305,0.8989081155773915,0.9398103903866454
10.128241337183988,7.104222306916305,0.8989081155773915,13.576202139930402,8.12562796671517,5.728710426496584,3.629662835794213
13.576202139930402,8.12562796671517,5.728710426496584,14.734212464394776,0.7197195758628527,3.7673100047940715,7.573938378953556
