x1,y1,theta1,x2,y2,theta,length
6.883727218883417,1.0091778220804823,2.948311074316202,3.248854860008836,2.008563639561847,2.460505183768569,3.775836604099543
3.2482135097621603,2.0090858496577613,2.457437222192797,2.4109078911474624,3.6930929730084614,1.610679827279923,1.8932173362590428
2.4108622726514155,3.69432965108088,1.6076118657041518,2.823846508541437,4.771141724279533,0.8989127417009861,1.161248136692125
2.8246336477418095,4.772128464466275,0.8958447801252145,3.986296585578249,5.781412412971935,1.3775147475213068,1.5688627654630638
3.9865068683727185,5.782487141620262,1.380582709097077,2.616318924433622,8.777752285687273,0.9111845880040685,3.440320776111937
2.616595216442204,8.778107191586177,0.9081166264282996,8.365595187340888,7.198893192628167,-0.16566992509164935,6.097433108181299
8.367317550613457,7.198609454477371,6.120583343663709,10.703761228538543,7.189169740535414,6.281924382660716,2.3368032561729524
10.705066993274954,7.189168213394889,-0.0010781489558626784,15.19841513250679,6.780892657517945,4.905670559658281,4.691418242901107
15.198445113137064,6.780736964353215,4.90260259808251,13.299383971879173,5.574703028837191,3.693825737228625,2.410843376260736
13.29864117429157,5.574242690523548,3.696893698804395,12.78350010450123,5.126298211292433,3.8073403155321603,0.6830573049605342
12.782357895652192,5.1254032975516655,3.8042723539563896,11.93527913959914,4.499253391775722,4.1264083194123735,1.0574098313073321
11.93454625307329,4.498163551055002,4.129476280988146,11.869194059517776,4.353011332656292,4.44920776954683,0.15986574427934208
11.868982062179676,4.352004162252216,4.45161224644413,11.663751213230906,3.148966196210359,4.911806482809823,1.2251171145398465
11.664083748917006,3.1473363237934473,4.914874444385594,13.058548294414484,0.5319473623711152,4.166291819897403,3.0686191051135263
13.058322192174332,0.53157533246677,4.163223858321631,6.884662014490037,1.008997401124302,2.9513790358919727,6.302661788983191
