x1,y1,theta1,x2,y2,theta,length
6.883885369187081,1.0091157340563202,2.9508387272724934,3.2485581919833613,2.008563407007778,2.458350575987372,3.776390885835249
3.2485581919833613,2.008563407007778,2.458350575987372,2.4105807166429645,3.6944145747696395,1.6076909936618733,1.8953400528653126
2.4105807166429645,3.6944145747696395,1.6076909936618733,2.8240964280757934,4.7717520252361405,0.8973832574315409,1.161969754377336
2.8240964280757934,4.7717520252361405,0.8973832574315409,3.9870193837611687,5.782367401543942,1.3779820917600036,1.5707551852139612
3.9870193837611687,5.782367401543942,1.3779820917600036,2.6159434978437264,8.778316722762744,0.9096276473488087,3.4422607220053796
2.6159434978437264,8.778316722762744,0.9096276473488087,8.365911120487754,7.19869747777625,6.119967179578571,6.09900138606574
8.365911120487754,7.19869747777625,6.119967179578571,10.703175688259945,7.189880206898836,-0.0009725884129636875,2.3376274772959915
10.703175688259945,7.189880206898836,-0.0009725884129636875,15.198905041954529,6.780509763959232,4.902501222515938,4.695081735879694
15.198905041954529,6.780509763959232,4.902501222515938,13.29919195870245,5.5746734161676255,3.6962523405129515,2.4113518051310026
13.29919195870245,5.5746734161676255,3.6962523405129515,12.78283394188847,5.125718450999957,3.8061363142441067,0.6846440994629702
12.78283394188847,5.125718450999957,3.8061363142441067,11.934888578714343,4.499143407377951,4.12610497879648,1.058355778961427
11.934888578714343,4.499143407377951,4.12610497879648,11.86864769387651,4.352739460200378,4.448878830315492,0.16138692575950575
11.86864769387651,4.352739460200378,4.448878830315492,11.663532727878838,3.14827263223224,4.91367293967067,1.226570845962101
11.663532727878838,3.14827263223224,4.91367293967067,13.05860808515301,0.5311127880074971,4.166097248940566,3.0705292205752053
13.05860808515301,0.5311127880074971,4.166097248940566,6.883885369187081,1.0091157340563202,2.9508387272724934,6.304635725062646
