x1,y1,theta1,x2,y2,theta,length
14.133318172871956,2.7747536060113163,2.177830236447965,10.405061673809223,6.154380656709238,1.8780329403147922,5.038751432163185
10.405061673809223,6.154380656709238,1.8780329403147922,10.976051182383364,9.137554512440326,2.18649620321929,3.0654773098829273
10.976051182383364,9.137554512440326,2.18649620321929,7.287493433369246,9.63351699842772,3.0507510095755563,3.7449782796695534
7.287493433369246,9.63351699842772,3.0507510095755563,2.9838449913671368,9.838128807165035,3.9949225000349893,4.338849775719975
2.9838449913671368,9.838128807165035,3.9949225000349893,3.280803719096328,7.7933764563362145,4.431508136994192,2.0984566470407224
3.280803719096328,7.7933764563362145,4.431508136994192,1.7715497629374544,6.164223304575087,4.320031143076111,2.2272803988235568
1.7715497629374544,6.164223304575087,4.320031143076111,1.7556063274049984,4.501856925128159,5.182323098281685,1.6693393332266553
1.7556063274049984,4.501856925128159,5.182323098281685,3.1200426986856313,3.50560657470583,5.777650041175073,1.694008250784653
3.1200426986856313,3.50560657470583,5.777650041175073,6.488274646782294,2.1869580316474275,0.46169086437090906,3.64160719190256
6.488274646782294,2.1869580316474275,0.46169086437090906,7.280311879003161,4.535765091262269,0.4032075366139177,2.5280663086538167
7.280311879003161,4.535765091262269,0.4032075366139177,14.813962204686879,0.5885336422734628,0.7142391367911503,8.603311950717801
14.813962204686879,0.5885336422734628,0.7142391367911503,14.133318172871956,2.7747536060113163,2.177830236447965,2.356265329995733
