x1,y1,theta1,x2,y2,theta,length
10.853218986171253,1.4521554596204442,3.121456090090228,9.357156207067174,3.09326560106488,2.6521280713915365,2.3902656212564746
9.357156207067174,3.09326560106488,2.6521280713915365,9.278172591561374,3.1310090961352315,2.739689687163755,0.08756161577221855
9.278172591561374,3.1310090961352315,2.739689687163755,7.544440275073484,2.5239259077551113,3.5696299104577007,1.933949808848372
7.544440275073484,2.5239259077551113,3.5696299104577007,6.019370096640993,2.1414351358442794,3.13705905284786,1.5760089458959643
6.019370096640993,2.1414351358442794,3.13705905284786,3.0477216653891612,3.0102783681349803,2.454558843892971,3.1108339291153784
3.0477216653891612,3.0102783681349803,2.454558843892971,0.6848752565752814,8.777001769844384,0.9241119815080501,6.441347486500852
0.6848752565752814,8.777001769844384,0.9241119815080501,7.023601091037067,8.144042962063493,6.061463620661658,6.560820061967761
7.023601091037067,8.144042962063493,6.061463620661658,9.540548660446998,7.484660416673844,6.053376594069645,2.6018960203353423
9.540548660446998,7.484660416673844,6.053376594069645,12.403864887098045,6.599790104071261,5.300288636977566,3.059612769189687
12.403864887098045,6.599790104071261,5.300288636977566,10.853218986171253,1.4521554596204442,3.121456090090228,5.839299397771721
