x1,y1,theta1,x2,y2,theta,length
13.10947762593752,9.369935457292913,2.653786763042159,10.230804169573688,8.44882277415554,3.242835385590247,3.044469163610591
10.230433386113859,8.44878541432851,3.2413014048023596,4.809363578366739,9.190099678010402,3.1738062501353914,5.472272549874239
4.80898584251857,9.190087352905062,3.175340230923277,1.9361330214910535,8.539263601610674,4.06198112632118,2.9602678997991236
1.9359584688642226,8.539033639532516,4.0635151071090645,2.230820898678555,3.3062035581037073,4.565126824747669,5.256150451031369
2.2307654302747117,3.305833259976203,4.563592843959783,1.4613003356824201,0.9267112650509306,5.40881625808477,2.544570947373244
1.4614198341193378,0.926568859899326,5.410350238872655,1.953650491659776,0.8935463997658679,6.61605913815077,0.5245321585164066
1.9540092368345283,0.8936706893956583,0.33440781175906975,6.3774550840761455,3.1742748127265075,0.725572912669909,4.977515299079843
6.37773257947037,3.1745216341484217,0.7271068934577939,7.526362517560441,4.774209896622769,0.31600004230444234,1.9809543728304981
7.526649642008026,4.77430336606927,0.3144660615165565,11.71552493748692,3.371235101035911,0.37735927381987416,4.443596357416816
11.715790980022685,3.3713408700499636,0.37889325460775336,13.724853148859705,7.27594825244966,1.4664856332186664,4.408460800957631
13.724890436489872,7.276305173648237,1.4680196140065584,13.109707082718376,9.369813679382913,2.652252782254272,2.2056163634313606
