x1,y1,theta1,x2,y2,theta,length
8.395351306329975,3.5357226423548016,5.890486225480862,11.306802315132908,1.3769477275464483,6.577709618453628,3.794350650441189
11.310142766976883,1.377516587492372,0.39269908169872414,13.58761914012185,6.055381039759332,1.570796326794897,5.282793745153661
13.58731770628838,6.060838983583578,1.6689710972195777,13.463027870606421,6.454291159536429,2.0845724120225264,0.4156013148029487
13.461101835187643,6.456626831076085,2.356194490192345,10.576857578192952,8.770226679294927,2.994330497952771,3.7247971288516757
10.574294892718035,8.770627012608719,3.0066023442558563,5.116692003652473,6.689794541172596,3.0679615757712826,5.879941025979829
5.113985489861694,6.690001605797252,3.064893614195511,2.200067969889207,7.802702582435968,3.620194659410113,3.2553867727804926
2.19869201017899,7.8019868902447564,3.6232626209858845,1.4796193376992806,3.3243355089943627,4.660233633596578,4.685159107498109
1.4794577275601617,3.321271816459759,-1.625826805094196,1.8492182503167682,1.5824720283115696,5.663457068873788,1.8771779533645057
1.8505512766526617,1.5815269486021457,5.666525030449559,8.390416905576304,3.5367864529174264,5.988660995905542,7.005992214858702
