x1,y1,theta1,x2,y2,theta,length
8.514108159657074,3.504293566809942,6.074317863842755,11.449603986705599,1.4132824849686363,0.19452017870554728,3.7351681929472402
11.449603986705599,1.4132824849686363,0.19452017870554728,13.60862118112872,5.930522869446105,1.7890400100050403,5.188001498844174
13.60862118112872,5.930522869446105,1.7890400100050403,13.230838807692365,6.521821443683411,2.4005812622790614,0.7152807213123378
13.230838807692365,6.521821443683411,2.4005812622790614,10.52305802199541,8.778411440808853,2.9795425442783734,3.552845800427149
10.52305802199541,8.778411440808853,2.9795425442783734,5.1131278517931085,6.689346487739121,3.068589663498506,5.843650222422758
5.1131278517931085,6.689346487739121,3.068589663498506,2.19824614288224,7.803245370402575,3.6211385695950504,3.257738055192644
2.19824614288224,7.803245370402575,3.6211385695950504,1.486798106964699,3.4007475866530057,4.663600339394506,4.610769894266829
1.486798106964699,3.4007475866530057,4.663600339394506,1.8540691498115953,1.5774093208265154,5.658922703271129,1.95964498761426
1.8540691498115953,1.5774093208265154,5.658922703271129,8.514108159657074,3.504293566809942,6.074317863842755,7.0938273136005385
