x1,y1,theta1,x2,y2,theta,length
3.9579429226299605,8.237383117402784,0.6486935518852076,4.446783919380386,8.370750211115661,0.20382053921726942,0.5135192572898826
4.446783919380386,8.370750211115661,0.20382053921726942,5.50916420444845,8.663322450100946,0.25614065859832996,1.1019538144069494
5.50916420444845,8.663322450100946,0.25614065859832996,8.56315008812685,9.36180514439013,-0.2327760417164107,3.141201428488917
8.56315008812685,9.36180514439013,-0.2327760417164107,11.95246537547988,6.649553525460559,-0.10351571510990115,4.3654772474711985
11.95246537547988,6.649553525460559,-0.10351571510990115,14.085947073327718,7.4565037213603045,5.787646269428886,2.3554106009464713
14.085947073327718,7.4565037213603045,5.787646269428886,14.591571939595378,1.1897100010357948,3.8221883128719916,6.437942208678317
14.591571939595378,1.1897100010357948,3.8221883128719916,9.0907488729335,2.6381926084964356,-3.841122140399198,5.763696880415884
9.0907488729335,2.6381926084964356,-3.841122140399198,8.277570346428885,3.781944620841329,2.9049507518187134,1.4451955122413085
8.277570346428885,3.781944620841329,2.9049507518187134,4.92322413022093,1.6028805652938272,-9.307759415816141,4.057626111008177
4.92322413022093,1.6028805652938272,-9.307759415816141,3.699841474048706,1.996331946030018,-3.0838978648352096,1.2993027770819916
3.699841474048706,1.996331946030018,-3.0838978648352096,1.087480864988885,0.9592208475630422,2.4099677583807626,2.9415888667007595
1.087480864988885,0.9592208475630422,2.4099677583807626,3.9579429226299605,8.237383117402784,0.6486935518852076,7.980423022923543
