TIME,LB,UB,OPEN,GAP,TREE
0.015937089920043945,0.0,22.22029977590169,1,100.0,1
0.015970945358276367,21.3784867332524,22.22029977590169,1,3.788486434203061,1
0.06780695915222168,21.3784867332524,22.220299711301863,1,3.788486154492739,3
0.1070261001586914,21.3784867332524,22.220299711301863,2,3.788486154492739,4
0.2137129306793213,21.3784867332524,22.220253050419352,3,3.788284117453217,7
0.2537860870361328,21.3784867332524,22.220253050419352,4,3.788284117453217,8
0.3672490119934082,21.3784867332524,22.220252057074447,3,3.788279816358093,8
0.36728501319885254,21.3784867332524,22.220252057074447,4,3.788279816358093,8
0.47089505195617676,21.3784867332524,22.220252057074447,4,3.788279816358093,8
0.7629201412200928,21.644954216576732,22.22025200769764,3,2.5890696060585148,8
0.7629640102386475,21.644954216576732,22.22025200769764,4,2.5890696060585148,8
0.8744809627532959,21.709153142256614,22.22025200769764,4,2.3001488248826663,8
1.1475729942321777,21.735028968402933,22.22025200769764,4,2.1836972826708383,8
1.9299039840698242,21.91402187971715,22.22025200769764,4,1.3781577629020685,8
2.6878440380096436,21.993569010002474,22.22025200769764,4,1.0201639370095152,8
5.277141094207764,22.06273091455701,22.22025200769764,4,0.7089077706502053,8
5.586353063583374,22.10847035773443,22.22025200769764,3,0.5030620261394212,8
13.103461980819702,22.14009532484047,22.22025200507346,2,0.36073704391240424,8
13.103507041931152,22.14009532484047,22.22025200507346,3,0.36073704391240424,8
15.539719104766846,22.149632929585234,22.22025200507346,2,0.3178140170151993,8
42.12374401092529,22.17976942314628,22.220252004464886,1,0.18218776866469388,8
42.12381100654602,22.17976942314628,22.220252004464886,2,0.18218776866469388,8
140.89880394935608,22.199920800517482,22.220252004464886,2,0.09149853000460212,8
620.9115989208221,22.210065127831996,22.220252004009584,1,0.04584500740923233,8
620.9116730690002,22.210065127831996,22.220252004009584,2,0.04584500740923233,8
3564.975641965866,22.21515494879436,22.220252004009584,2,0.02293878221679882,8
