x1,y1,theta1,x2,y2,theta,length
12.832184050311799,4.8123909230242266,4.470020015898758,11.759932464662127,4.301438223550725,2.9513790358919727,1.2269533708582352
11.759618811556283,4.3014991177444655,2.9498450551040873,11.451006395565095,4.523569194552676,2.730485802436444,0.3859879904930753
11.450678202438587,4.5237118217464065,2.7320197832243265,2.7349599518082357,5.087207557867934,1.8162332528565988,8.814843853615338
2.7349376374431724,5.087426275289536,1.791689560250429,10.810375857789909,7.331616571255625,-0.24543692606169443,8.520228962446732
10.810993447308977,7.331415233888388,5.988660995905542,12.832238291464371,4.812611846448095,4.471553996686643,3.269683256266812
