x1,y1,theta1,x2,y2,theta,length
12.832405455421476,4.812644650026665,4.470045533064614,11.76008856762236,4.30130000143568,2.9492548664483307,1.2272554981383683
11.76008856762236,4.30130000143568,2.9492548664483307,11.451480606287438,4.523438898329399,2.7339157255465416,0.38606630589187585
11.451480606287438,4.523438898329399,2.7339157255465416,2.7374080418434676,5.066032307527344,1.6782522242412685,8.839483829773181
2.7374080418434676,5.066032307527344,1.6782522242412685,10.83855424339488,7.320785623152264,5.9686410663444445,8.524114427747346
10.83855424339488,7.320785623152264,5.9686410663444445,12.832405455421476,4.812644650026665,4.470045533064614,3.243331942458814
