x1,y1,theta1,x2,y2,theta,length
1.1538204478593297,6.047676505392141,1.450426965355874,2.66644956506862,6.496900673220329,0.050122573302748365,1.6475091040796481
2.66644956506862,6.496900673220329,0.050122573302748365,8.474626608660296,6.050868796321448,0.09405992292210048,5.825572638312529
8.474626608660296,6.050868796321448,0.09405992292210048,9.524607948877435,6.3344076883580644,0.37561896833316405,1.0878550474992303
9.524607948877435,6.3344076883580644,0.37561896833316405,15.110395243119147,9.077474745452903,5.485966392623355,6.301394402199476
15.110395243119147,9.077474745452903,5.485966392623355,14.266270513562398,7.187577587631415,-1.8767596360655008,2.1429692037751584
14.266270513562398,7.187577587631415,-1.8767596360655008,13.690116429514543,2.2022208499047817,3.9245025747370947,5.031597378565167
13.690116429514543,2.2022208499047817,3.9245025747370947,8.802899726897946,1.7147979536505606,2.6052479954143704,4.934958547293982
8.802899726897946,1.7147979536505606,2.6052479954143704,8.219268262910049,2.7939859682739696,2.7284777510023117,1.2493143471744528
8.219268262910049,2.7939859682739696,2.7284777510023117,7.487974133899866,2.6578448844256335,2.8401814870172806,0.7629072064396073
7.487974133899866,2.6578448844256335,2.8401814870172806,6.990528197905953,3.2481856679043144,2.4587398759280235,0.7814737469857987
6.990528197905953,3.2481856679043144,2.4587398759280235,1.1538204478593297,6.047676505392141,1.450426965355874,6.5506450510917045
