TIME,LB,UB,OPEN,GAP,TREE
0.029145002365112305,0.0,32.21613249925396,1,100.0,1
0.0291750431060791,28.48101013206724,32.21613249925396,1,11.593950227493057,1
0.12462902069091797,28.48101013206724,32.216132499253874,1,11.593950227492822,3
0.15847301483154297,28.48101013206724,32.216132499253874,2,11.593950227492822,4
0.3597869873046875,30.20603462559209,32.21613249925324,1,6.239413975925713,8
0.3598141670227051,30.20603462559209,32.21613249925324,2,6.239413975925713,8
0.6293389797210693,30.801870672845205,32.21613249925324,3,4.389918083558972,13
1.1075551509857178,30.801870672845205,32.21613249925324,3,4.389918083558972,19
1.2284770011901855,30.801870672845205,32.21613249925324,3,4.389918083558972,19
1.5172371864318848,31.07301099996738,32.21613249925324,3,3.548289042182076,19
1.6065781116485596,31.175976851186526,32.21613249925324,3,3.22867944527738,19
2.439648151397705,31.6022512625833,32.21613249925324,3,1.905508790306128,19
2.6763930320739746,31.898654138201472,32.21613249925324,2,0.9854639164372953,19
4.793629169464111,31.903464444299267,32.21613249925324,2,0.9705325583734228,19
11.477984189987183,32.05658595208448,32.21613249924673,1,0.49523805244462793,19
11.478025197982788,32.05658595208448,32.21613249924673,2,0.49523805244462793,19
32.731781005859375,32.13582443225379,32.21613249924643,1,0.24927904364223244,19
32.73182415962219,32.13582443225379,32.21613249924643,2,0.24927904364223244,19
102.02819609642029,32.175826262109105,32.2161324992459,1,0.12511196723486306,19
102.02823901176453,32.175826262109105,32.2161324992459,2,0.12511196723486306,19
501.7572159767151,32.19593870128746,32.216132499245646,1,0.06268225386352165,19
501.7572829723358,32.19593870128746,32.216132499245646,2,0.06268225386352165,19
2564.2124700546265,32.2060307746617,32.216132499245646,2,0.03135610577769923,19
