x1,y1,theta1,x2,y2,theta,length
13.280551643777523,1.4309007634841202,3.9162529514720417,4.4128776965973895,1.8690443998986508,2.4267576064350864,8.947757512041122
4.412363062726103,1.869491452304983,2.425223625647199,4.040536416167722,3.1849104057645587,1.8898643306751095,1.386077525390165
4.04026552694593,3.1857275170863666,1.8913983114629953,2.232158014275054,7.291736515308699,1.285475900248168,4.5162099823772115
2.2323170865918445,7.292277343660478,1.2839419194602817,5.059257529297263,9.140406386252925,0.12732040539450817,3.414367395475052
5.059634568089021,9.14045436170087,0.1257864246066226,9.677080875219083,7.751883905269577,-0.25770877236478873,4.827952005263052
9.677509418695298,7.751771132730379,6.027010515602684,13.133982459645702,6.896034713430421,5.410350238872657,3.5826883846065485
13.134205540576787,6.895768582430526,5.408816258084769,13.280755614137322,1.4311010220695206,3.9177869322599284,5.536025965555603
