x1,y1,theta1,x2,y2,theta,length
13.280625310818639,1.430753378481373,3.917719442177141,4.41238947653228,1.8691188394474818,2.4261266056376924,8.948636148481912
4.41238947653228,1.8691188394474818,2.4261266056376924,4.040473258308112,3.1852706664644836,1.8907524099909008,1.3869116857653605
4.040473258308112,3.1852706664644836,1.8907524099909008,2.2320011270656384,7.292096667340111,1.2847480962345188,4.517199526216575
2.2320011270656384,7.292096667340111,1.2847480962345188,5.059427651747912,9.1405153727551,0.12652590678806977,3.4150715792229844
5.059427651747912,9.1405153727551,0.12652590678806977,9.677399467106722,7.751790037050409,6.025861395801646,4.828533295038935
9.677399467106722,7.751790037050409,6.025861395801646,13.134268461720424,6.895903149220273,5.409970305385132,3.5831476389608867
13.134268461720424,6.895903149220273,5.409970305385132,13.280625310818639,1.430753378481373,3.917719442177141,5.536632625558994
