x1,y1,theta1,x2,y2,theta,length
4.681521724539198,5.232792945403187,3.574175235773544,2.4687769475750865,3.693034266941167,4.740000634566631,2.7841358726762797
2.4687978074968178,3.6923273580293943,4.743068596142402,6.664195054304466,1.5225936529391286,6.596117387908258,4.85915497563737
6.665249270239113,1.5229356732398056,0.3160000423044421,7.855446256192705,3.3554341901833933,0.665747661942369,2.219132580422737
7.85655281230986,3.356299575225752,0.662679700366597,11.445551109051575,4.263761332331791,-0.20862138715244755,3.7156964230539655
11.44689534301064,4.263474980846247,6.071495958451367,13.099433200881013,2.954745943325128,5.157243408871528,2.123752690515687
13.100022864721907,2.9535027021695934,5.154175447295755,13.490483902693633,0.8329985719234966,6.00706876536017,2.2940576786308675
13.490863221416237,0.8328916285844526,6.010136726935942,15.243040215997507,3.1025463951762133,7.599340823185466,3.0191530837944818
15.243411350953563,3.103973093898517,1.3192234775816514,14.908454436151668,8.799481735050614,2.5433401463143963,5.771638998793722
14.907715552133014,8.79998201558782,2.546408107890165,4.682910829929409,5.233432932491775,3.5711072741977743,10.895315866898589
