x1,y1,theta1,x2,y2,theta,length
4.682403267937516,5.233263225778091,3.573106493707392,2.4681047929996085,3.692758356633838,4.741729774629883,2.786323182575814
2.4681047929996085,3.692758356633838,4.741729774629883,6.665059846398334,1.5223174666030062,0.3140996519009695,4.861387722621529
6.665059846398334,1.5223174666030062,0.3140996519009695,7.855745358676923,3.3560584604237147,0.6640488491896842,2.2207925447787633
7.855745358676923,3.3560584604237147,0.6640488491896842,11.446444054986545,4.263918774904553,6.073336563283899,3.7175637953492786
11.446444054986545,4.263918774904553,6.073336563283899,13.099900221716974,2.9545509238466967,5.155086312241478,2.1250752095984398
13.099900221716974,2.9545509238466967,5.155086312241478,13.490567252423267,0.8322055548721994,6.008405947403653,2.2964389410213686
13.490567252423267,0.8322055548721994,6.008405947403653,15.243589147239074,3.103818466769351,1.3164251924431238,3.0219163051040785
15.243589147239074,3.103818466769351,1.3164251924431238,14.909013139262232,8.799855449170359,2.546272611752998,5.772822897951881
14.909013139262232,8.799855449170359,2.546272611752998,4.682403267937516,5.233263225778091,3.573106493707392,10.8970547935359
