TIME,LB,UB,OPEN,GAP,TREE
0.03062295913696289,0.0,28.916853534902685,1,100.0,1
0.0306549072265625,25.34382539943641,28.916853534902685,1,12.356213414276292,1
0.13137388229370117,25.34382539943641,28.91685353490268,1,12.356213414276269,3
0.17781591415405273,25.34382539943641,28.91685353490268,2,12.356213414276269,4
0.35425281524658203,26.98742181511291,28.91685353490268,4,6.672343232160241,8
0.6244978904724121,27.47228337516779,28.91685353490268,4,4.995599393244113,13
1.0278239250183105,27.47228337516779,28.91685353490268,5,4.995599393244113,19
1.6179959774017334,27.545208448018755,28.91685353490268,5,4.743410569301206,26
1.779021978378296,27.545208448018755,28.91685353490268,5,4.743410569301206,26
2.2039718627929688,28.072894424975086,28.91685353490268,5,2.9185717211899718,26
2.3034019470214844,28.08196573069744,28.91685353490268,5,2.8872014142117055,26
3.498492956161499,28.474394694542443,28.91685353490268,5,1.530107139167775,26
3.570734977722168,28.48468383376367,28.91685353490268,4,1.4945253314555147,26
3.797996997833252,28.531969656579196,28.91685353490268,4,1.331001928888724,26
6.790434837341309,28.68826634665624,28.91685353490268,4,0.7904981362185027,26
6.965826988220215,28.693209687138108,28.91685353490268,3,0.7734031211059397,26
16.358348846435547,28.80111873687067,28.91685353490268,3,0.40023302636407593,26
16.998991012573242,28.83085311730278,28.91685353490268,2,0.297405862280609,26
43.29212498664856,28.858554997766586,28.91685353490268,2,0.20160747110928326,26
123.81257390975952,28.887601695769156,28.91685353490268,2,0.10115844415166102,26
473.06026697158813,28.902205383431046,28.91685353490268,2,0.050656104247138956,26
2020.9532799720764,28.90952244814236,28.916853534902668,1,0.025352297584720344,26
2020.953332901001,28.90952244814236,28.916853534902668,2,0.025352297584720344,26
