x1,y1,theta1,x2,y2,theta,length
7.84254605432799,0.781002360979553,0.1902136176978195,11.717854799367851,3.5325572242336065,1.3238254199453108,4.770496304932728
11.717944250910518,3.5329124766189084,1.325359400733194,11.057488781777192,4.973433155482605,2.063204159706186,1.5983085574692102
11.057374598560111,4.973645861984165,2.064738140494073,8.24896471495767,9.713997957325729,3.00813632504374,5.540074977017643
8.248792419751357,9.714020876578923,3.0096703058316274,6.7149707173217825,8.356490104849904,3.403903368318238,2.081227165912303
6.714536601438908,8.356373534474908,3.402369387530352,2.5172660489233842,9.332981097689204,3.908583047532614,4.3559271605544
2.5171380563853103,9.332857501831342,3.9101170283204993,3.0101196821473644,6.709464269918896,5.129631754689583,2.710423085583889
3.010324863258398,6.709002478131869,5.13116573547747,7.005918223081859,0.9710448221942128,5.686466780692074,6.9943811769986866
7.006300368308086,0.9707852613940152,5.688000761479958,7.8423421357191225,0.7809631331516038,6.4718649440895195,0.8623482909007627
