x1,y1,theta1,x2,y2,theta,length
7.842362477510197,0.7809200216224419,0.19006754612086793,11.718082459695706,3.5328105064130644,1.32421911548704,4.771052863579378
11.718082459695706,3.5328105064130644,1.32421911548704,11.057400973620862,4.973602790588165,2.063524334723104,1.5987226892756958
11.057400973620862,4.973602790588165,2.063524334723104,8.248965926710406,9.71411323930252,3.0092924481645893,5.540339317021917
8.248965926710406,9.71411323930252,3.0092924481645893,6.714558543838147,8.356244223874562,3.4038357235452206,2.0819194266049648
6.714558543838147,8.356244223874562,3.4038357235452206,2.5171174647255357,9.333044681005388,3.9094659695295113,4.356299322656515
2.5171174647255357,9.333044681005388,3.9094659695295113,3.0101609924265196,6.709252907241989,5.130526144437967,2.710908486964361
3.0101609924265196,6.709252907241989,5.130526144437967,7.006236894444549,0.9707210379390887,5.686568769886943,6.995132548686781
7.006236894444549,0.9707210379390887,5.686568769886943,7.842362477510197,0.7809200216224419,0.19006754612086793,0.8624788801130568
