x1,y1,theta1,x2,y2,theta,length
6.977862285006071,6.244030464473637,2.061670178918302,8.928137714993927,8.689969535526364,2.061670178918304,3.268262556826989
8.925051562075257,8.695188693283857,2.1598449493429825,5.750145449574078,7.944266575904081,3.6324665057131984,3.336480445912201
5.729103451828167,7.932789211334004,3.730641276137879,0.9099925190099886,3.7342769079357465,4.221515128261285,6.393591566207164
0.9002833064997927,3.7139810184407094,4.319689898685965,0.8838126643383625,0.3984328199917673,5.6941366846315,3.357576945694312
0.8942689782479919,0.39180489456025264,5.792311455056181,8.607222906685154,4.254266481490672,6.675884388878311,8.661396542151007
8.630086336374143,4.262600911530597,0.2945243112740431,11.962020023009643,4.896609096770193,-0.7853981633974448,3.430265580293591
11.969928019954073,4.887735989793189,5.399612373357456,11.12523118530863,1.8699473732687382,5.203262832508095,3.1926687945186445
11.133197003143213,1.8559374969510232,5.301437602932776,14.790231416790245,1.116993382487837,6.872233929727676,3.7700909410962247
14.803160935615685,1.1267933959390948,0.6872233929727672,15.351348185088504,8.912206604060904,2.454369260617026,7.860974332055579
15.340703743126106,8.920310111296516,2.552544031041707,6.98072467680735,6.23950075172602,2.1598449493429905,8.895621611829885
