TIME,LB,UB,OPEN,GAP,TREE
0.03469419479370117,0.0,32.61051051553697,1,100.0,1
0.03473615646362305,31.003462288868583,32.61051051553697,1,4.928006956231877,1
0.1664900779724121,31.003462288868583,32.61051051553697,3,4.928006956231877,4
0.2559220790863037,31.003462288868583,32.61051051553697,3,4.928006956231877,4
0.655189037322998,31.612986174528345,32.61051051553697,3,3.05890439995831,4
1.5908989906311035,32.086315216621465,32.61051051553697,3,1.6074427864775687,4
3.913877010345459,32.34066185972202,32.61051051552852,2,0.8274898231905987,4
3.913928985595703,32.34066185972202,32.61051051552852,3,0.8274898231905987,4
11.53447699546814,32.47316139711792,32.61051051552744,2,0.42118052197961975,4
11.534526109695435,32.47316139711792,32.61051051552744,3,0.42118052197961975,4
11.665575981140137,32.49072750867174,32.61051051552744,2,0.3673141111932723,4
38.457722187042236,32.54142782320286,32.61051051552744,2,0.2118417995685298,4
146.32627320289612,32.575798830097725,32.61051051552724,1,0.10644324446557207,4
146.32635807991028,32.575798830097725,32.61051051552724,2,0.10644324446557207,4
740.0591690540314,32.59312927669748,32.610510515527146,1,0.05329949931752226,4
740.0592830181122,32.59312927669748,32.610510515527146,2,0.05329949931752226,4
4529.399636030197,32.60181341393244,32.61051051552713,1,0.026669627237361018,4
4529.399736166,32.60181341393244,32.61051051552713,2,0.026669627237361018,4
4529.39977312088,32.60181341393244,32.61051051552713,2,0.026669627237361018,4
