x1,y1,theta1,x2,y2,theta,length
15.560715275101336,4.407236970301032,4.90260259808251,4.8075929258074295,0.5551814523736434,3.2827188860752736,11.645244401672953
4.806367138478863,0.5550109705947581,3.279650924499501,2.272845144577665,0.682017278516441,2.6200391857086758,2.54636566260276
2.2711274929188145,0.6830064757883465,2.6169712241329037,0.7546976444748292,3.4688958617757923,1.1044661672776614,3.260820939796293
0.7551915570622055,3.4698697173605,1.1013982057018903,15.560697938097587,4.4073264725581796,-1.3775147475213003,15.149382409860435
