x1,y1,theta1,x2,y2,theta,length
15.561077534082672,4.407449175962639,4.903775588812447,4.807565244925642,0.5550727604472335,3.279775984227172,11.646252313417996
4.807565244925642,0.5550727604472335,3.279775984227172,2.271219518765011,0.6823400855965297,2.6192941252079263,2.549241001964123
2.271219518765011,0.6823400855965297,2.6192941252079263,0.7537634339679142,3.469036071466988,1.101701179304749,3.262847807445895
0.7537634339679142,3.469036071466988,1.101701179304749,15.561077534082672,4.407449175962639,4.903775588812447,15.152169392699117
