x1,y1,theta1,x2,y2,theta,length
12.268293528321157,9.135571411821022,3.426913080136522,1.9137003006637203,6.005549501357513,4.640291883354067,11.109521701756046
1.913668067183181,6.005096953150631,4.64182586414195,4.092025674669217,4.403161333053612,5.912712273856837,2.9260838855368405
4.094084028386083,4.40236144330736,-0.370819008096085,7.631087379085117,3.0276461334707534,5.942641572268974,3.794768738148858
7.6321209141313755,3.0272803518862754,5.9441755530568585,8.74514434991486,2.6956368178297847,6.191146459906449,1.1628661798701456
8.747049187322526,2.6954628523362754,6.192680440694334,9.906467671559144,2.8199629045722148,6.395165904695238,1.1675614856812593
9.908161560451068,2.8201507833561377,0.11044661672776616,13.001045990789946,3.239553149146677,0.6059224112148287,3.1406651750049828
13.002575109508834,3.2406135295304948,0.6074563920027138,15.56672695474887,9.654267279938757,2.3009711818284626,7.168234629686488
15.566528366615827,9.654488524436003,2.302505162616348,12.269364231256725,9.135886364249252,3.428447060924408,3.536236057330265
