x1,y1,theta1,x2,y2,theta,length
12.268864807409157,9.13570600601356,3.4276421341397776,1.9129586877353009,6.005478183896426,4.641161742195071,11.111461246260852
1.9129586877353009,6.005478183896426,4.641161742195071,7.63185883693812,3.0273555466311595,-0.3401630000306318,6.725152673933064
7.63185883693812,3.0273555466311595,-0.3401630000306318,8.745881187995913,2.695356762867568,-0.09111759635163713,1.1639481665221534
8.745881187995913,2.695356762867568,-0.09111759635163713,9.906581299631913,2.8199893417811435,0.11055086965525882,1.1688642820364383
9.906581299631913,2.8199893417811435,0.11055086965525882,13.002565627253809,3.239970171481441,0.6062898574234187,3.14385279389372
13.002565627253809,3.239970171481441,0.6062898574234187,15.567070808684722,9.654428995531873,2.3022411146536395,7.1700520891983
15.567070808684722,9.654428995531873,2.3022411146536395,12.268864807409157,9.13570600601356,3.4276421341397776,3.5374232144833497
