TIME,LB,UB,OPEN,GAP,TREE
0.060597896575927734,0.0,28.772324760561283,1,100.0,1
0.060655832290649414,24.01251714616913,28.772324760561283,1,16.543006705236767,1
0.22333002090454102,24.01251714616913,28.77232476056028,2,16.54300670523386,4
0.22342181205749512,24.01251714616913,28.77232476056028,3,16.54300670523386,4
0.27861595153808594,25.864502211447068,28.772324760559496,2,10.106317696991972,5
0.48691892623901367,25.864502211447068,28.772324760559496,3,10.106317696991972,8
0.7087349891662598,26.214142815345355,28.77232476055891,3,8.891120083283328,11
0.8566358089447021,26.214142815345355,28.77232476055891,4,8.891120083283328,13
1.3150789737701416,26.35218200232573,28.77232476055891,5,8.41135632373617,19
2.033298969268799,26.59231066290589,28.77232476055891,5,7.576774264140729,26
2.180555820465088,26.59231066290589,28.77232476055891,5,7.576774264140729,26
2.777082920074463,27.323881393945275,28.77232476055891,5,5.034154795163303,26
3.0682778358459473,27.93432426215055,28.77232476055891,4,2.91252272933152,26
4.583745956420898,28.02080724602855,28.77232476055891,4,2.611945752678766,26
4.7950029373168945,28.358830227155178,28.77232476055891,3,1.4371259077770109,26
8.628772974014282,28.38393866292018,28.772324760284867,2,1.3498599803822116,26
8.628893852233887,28.38393866292018,28.772324760284867,3,1.3498599803822116,26
18.464409828186035,28.575461793644003,28.772324760284867,3,0.6842094557218374,26
18.565781831741333,28.669739914136574,28.772324760284867,2,0.3565399980813971,26
49.845999002456665,28.673095606294247,28.772324760221725,1,0.34487708155117264,26
49.846067905426025,28.673095606294247,28.772324760221725,2,0.34487708155117264,26
161.40463089942932,28.72255204594022,28.772324760160732,1,0.17298815662413938,26
161.4046938419342,28.72255204594022,28.772324760160732,2,0.17298815662413938,26
637.8647668361664,28.74738919072958,28.772324760159204,1,0.08666511878161055,26
637.8648309707642,28.74738919072958,28.772324760159204,2,0.08666511878161055,26
2958.4887278079987,28.759846623978436,28.772324760157,1,0.043368536545383383,26
2958.4887919425964,28.759846623978436,28.772324760157,2,0.043368536545383383,26
