x1,y1,theta1,x2,y2,theta,length
3.339992008631142,3.7437955226091035,5.618971626025104,9.94296505057932,2.0837087896455246,6.517884367726089,6.823672388330058
9.943619259166864,2.0838655480500208,0.23623304133438872,10.84253353968438,2.949499393664867,1.4158642672184458,1.2833276046904314
10.842588048211342,2.949848428338403,1.4173982480063325,9.5806092395631,5.3608564555693725,1.6766410011590058,2.7506536875134615
9.580560178013034,5.361321465687475,1.6751070203711202,10.552501963394773,8.888588828294797,2.1245633912216118,3.713980254433374
10.552153860337413,8.889150633551012,2.1260973720094984,7.269714038935334,9.501628214251664,3.0372819600135705,3.38977546063523
7.268980321309969,9.50170473692029,3.038815940801455,3.0138644888343027,9.722647177974105,3.749049045592507,4.285610925925326
3.0135927030142677,9.722457620984505,3.7505830263803928,1.9685992003088155,6.296363385114716,4.819767635536685,3.612117611737297
1.9686623411944917,6.29578220501521,4.821301616324569,3.3394528914292625,3.7442175863224003,5.617437645237219,2.9069454449140815
