x1,y1,theta1,x2,y2,theta,length
3.339926116468715,3.743655526246141,5.618966373282187,9.94339184941803,2.0836295453303655,0.2353444405060969,6.824172220250108
9.94339184941803,2.0836295453303655,0.2353444405060969,10.842727776415888,2.949785732744191,1.416177731793455,1.2840763318365158
10.842727776415888,2.949785732744191,1.416177731793455,9.58047329289397,5.3611050045375634,1.6759561652028847,2.7512367480971363
9.58047329289397,5.3611050045375634,1.6759561652028847,10.552714566743672,8.88901456618699,2.125448453270353,3.7148875448754617
10.552714566743672,8.88901456618699,2.125448453270353,7.269164677306704,9.501694806819392,3.0376652984589536,3.391021794658299
7.269164677306704,9.501694806819392,3.0376652984589536,3.0134701051435675,9.72253775143181,3.750561454793192,4.286351638495174
3.0134701051435675,9.72253775143181,3.750561454793192,1.968511163034236,6.296085718790055,4.820597362241398,3.612485040145751
1.968511163034236,6.296085718790055,4.820597362241398,3.339926116468715,3.743655526246141,5.618966373282187,2.908093441798561
