x1,y1,theta1,x2,y2,theta,length
13.015152591066352,1.6959700402859677,4.025165587411923,4.865020313011377,2.38579203687293,2.503456645829366,8.357273848510044
4.862309207383257,2.387766412485925,2.4789129532231966,2.714858338612601,7.21211630004043,1.3499030933393645,5.34351353797497
2.715185801216538,7.213181603934319,1.325359400733194,5.093866170638648,8.80787547648009,0.0,2.964258467422504
5.095552210074247,8.808069639093404,-0.30717943300498196,12.547687379172825,6.348975669243986,5.546874528994478,7.859912085359153
12.549469292144872,6.3468142278123025,5.497787143782138,13.01602872953575,1.6968368838495052,4.049709280018092,4.797951364446351
