x1,y1,theta1,x2,y2,theta,length
13.007483845807426,1.6871015095792488,3.941285616239729,4.776116512317204,2.4552222249081894,2.5143206202640798,8.410027160944653
4.776116512317204,2.4552222249081894,2.5143206202640798,2.6981943780003297,7.15072221704565,1.2805788210693396,5.217539967159427
2.6981943780003297,7.15072221704565,1.2805788210693396,5.097153106098454,8.808642822196962,0.11917919636285282,2.9882322173517677
5.097153106098454,8.808642822196962,0.11917919636285282,12.528013555426382,6.3725640268422135,5.420682584776519,7.8605446561363355
12.528013555426382,6.3725640268422135,5.420682584776519,13.007483845807426,1.6871015095792488,3.941285616239729,4.85793205414846
