x1,y1,theta1,x2,y2,theta,length
7.961053859373608,8.691406967452572,2.8946217467402047,0.6407923312245614,9.819962337109555,4.150952012018539,7.4694919375302264
0.640719092960052,9.819845830695726,4.15248599280643,1.9661633600741415,7.730457009454492,5.6757289151768715,2.5361538116253426
1.966595455997241,7.7301572046266624,5.677262895964758,2.9652784358802244,7.418430466663748,5.565282298449108,1.0509384234100423
2.9655471864793963,7.418195704152912,5.563748317661221,4.680570180530504,3.463905241346606,5.483981316691168,4.315920521387426
4.680713921201067,3.463757504897356,5.485515297479052,8.349570975776253,1.7653767458000849,5.571418221600648,4.0458754008328555
8.34982889417116,1.7651536355958475,5.569884240812764,9.181976267305275,0.649566382360199,6.142059074694108,1.414765096518795
9.182121077408398,0.6495458023042785,6.143593055481993,10.590954788511906,1.7316372430368527,6.557767868211118,1.8018394892139518
10.591296736996005,1.7317334896345953,0.2730485802436441,13.34265006695091,1.3824469791559932,0.7225049510941366,2.8028411853472575
13.34279369301297,1.3825738689648974,0.7240389318820226,13.221584302466912,6.159830039930246,1.615615530681256,4.806267852685655
13.22156448366851,6.160271319833021,1.6157409617532241,13.143519489075734,6.920983695879471,2.2166022384947515,0.7723277437821574
13.143318573057723,6.921249504097176,2.218136219282637,7.961375536169931,8.691325665294075,2.8930877659523198,5.484701156103229
