x1,y1,theta1,x2,y2,theta,length
7.96125393720032,8.691368961316666,2.894027104270285,0.6405549933347818,9.81990152456486,4.151260311779992,7.469967169520052
0.6405549933347818,9.81990152456486,4.151260311779992,1.9662777358050816,7.730263866954274,5.676657808402696,2.5367222429657
1.9662777358050816,7.730263866954274,5.676657808402696,2.965593039384712,7.418270898098834,5.565147281646473,1.0516305190586615
2.965593039384712,7.418270898098834,5.565147281646473,4.680679098974673,3.46373569501481,5.484093699336466,4.316207669140756
4.680679098974673,3.46373569501481,5.484093699336466,8.34962530131177,1.7653959771020902,5.570038487702405,4.045977791525393
8.34962530131177,1.7653959771020902,5.570038487702405,9.181927357086451,0.6494879075575859,6.142049617243583,1.4151193583652042
9.181927357086451,0.6494879075575859,6.142049617243583,10.591232423316285,1.7318027609227054,0.2743402167617831,1.8024808083083186
10.591232423316285,1.7318027609227054,0.2743402167617831,13.342765179850117,1.382390258993876,0.7235087660511469,2.803163546795326
13.342765179850117,1.382390258993876,0.7235087660511469,13.221784999434064,6.1595288183613555,1.6155958289089392,4.806189399299122
13.221784999434064,6.1595288183613555,1.6155958289089392,13.14360421626346,6.921061330778831,2.2179596542356825,0.7732127283236359
13.14360421626346,6.921061330778831,2.2179596542356825,7.96125393720032,8.691368961316666,2.894027104270285,5.485169048318133
