TIME,LB,UB,OPEN,GAP,TREE
0.026212215423583984,0.0,32.26602710952295,1,100.0,1
0.026250123977661133,30.550906044194274,32.26602710952295,1,5.315563206796163,1
0.1352081298828125,30.550906044194274,32.26602710952295,3,5.315563206796163,4
0.3371272087097168,30.550906044194274,32.26602710696755,3,5.31556319929735,8
0.33718204498291016,30.550906044194274,32.26602710696755,4,5.31556319929735,8
0.5941240787506104,30.550906044194274,32.266019178110824,3,5.315539932115572,12
0.6434671878814697,30.550906044194274,32.266019178110824,5,5.315539932115572,13
0.9822921752929688,30.550906044194274,32.18883965468797,5,5.08851399449295,17
1.1818881034851074,30.550906044194274,32.18883965468797,6,5.08851399449295,19
1.3068292140960693,30.550906044194274,32.18883929993014,5,5.088512948459804,19
1.3068811893463135,30.550906044194274,32.18883929993014,6,5.088512948459804,19
1.5402421951293945,30.550906044194274,32.18883929993014,6,5.088512948459804,19
1.842419147491455,30.717818096615538,32.18883925663559,5,4.569972679946222,19
1.842473030090332,30.717818096615538,32.18883925663559,6,4.569972679946222,19
1.9454710483551025,30.766864810797124,32.18883925663559,6,4.417600878681363,19
2.8874921798706055,31.404137500648275,32.18883925663559,6,2.4378069359104053,19
3.003371000289917,31.408429795759176,32.18883925663559,5,2.424472204960094,19
3.7237980365753174,31.41184835734243,32.18883925663559,4,2.413851872999699,19
4.0532941818237305,31.634685850207596,32.18883925663559,4,1.721570019999266,19
6.412858009338379,31.786119518966615,32.18883925545945,3,1.2511160570182103,19
6.412912130355835,31.786119518966615,32.18883925545945,4,1.2511160570182103,19
6.514532089233398,31.91030300833996,32.18883925545945,3,0.8653193267049802,19
12.773885011672974,31.985808999347867,32.18883925545945,3,0.6307473671239836,19
31.824926137924194,32.08647300326231,32.18883925545945,3,0.31801784272097977,19
98.1763231754303,32.13749633007945,32.18883925545945,3,0.15950536449148378,19
418.6728720664978,32.16312640239525,32.18883925545945,3,0.07988126834936478,19
4040.6585450172424,32.175967421658925,32.188839255417946,2,0.039988499295931894,19
4040.658612012863,32.175967421658925,32.188839255417946,3,0.039988499295931894,19
4040.6586270332336,32.175967421658925,32.188839255417946,3,0.039988499295931894,19
