x1,y1,theta1,x2,y2,theta,length
2.7290729555724207,9.157611040223381,3.973010240623811,3.156466133720334,6.785513521790325,5.148039524144213,2.481984768609966
3.1571049429191893,6.784141111611444,5.151107485719983,7.059509562754526,1.145712027144305,5.792311455056182,6.8665276198402525
7.060708355615828,1.1450720589027055,5.7953794166319526,7.712024255110864,1.109923474478008,6.602253311059799,0.6635757709157577
7.713402301373739,1.1103809067296295,0.32213596545598466,10.713672485243348,3.3640971035601304,0.8375535101855582,3.7558569064583835
10.71467692952742,3.3652190641653443,0.8406214717613314,11.534317322754728,4.67952270175389,0.7455146629124219,1.5511967895925103
11.535399788750672,4.680517905437469,0.7424467013366502,14.96976396800456,6.763483025295795,1.7057866361288319,4.153088659767372
14.969699120170233,6.763960623361489,1.7088545977046041,2.7296199232432037,9.15820874312659,3.9699422790480403,12.703736906474685
