x1,y1,theta1,x2,y2,theta,length
2.728884398647587,9.158368845633207,3.971529778026063,3.156957566605171,6.784166660675559,5.148230087455514,2.4845448835527706
3.156957566605171,6.784166660675559,5.148230087455514,7.0601719890046,1.1449559366140623,5.793323090579031,6.867705808557746
7.0601719890046,1.1449559366140623,5.793323090579031,7.712636577266999,1.109866623936971,0.32092731986144074,0.6648902229918496
7.712636577266999,1.109866623936971,0.32092731986144074,10.713766782483097,3.363985130169095,0.8406346878664631,3.756845123924612
10.713766782483097,3.363985130169095,0.8406346878664631,11.53456041632056,4.680042084504301,0.7435711426051763,1.5533332562994802
11.53456041632056,4.680042084504301,0.7435711426051763,14.970355546971133,6.764529121160118,1.7058885414300415,4.155100750195425
14.970355546971133,6.764529121160118,1.7058885414300415,2.728884398647587,9.158368845633207,3.971529778026063,12.706419209896058
