TIME,LB,UB,OPEN,GAP,TREE
0.027690887451171875,0.0,22.31622504872681,1,100.0,1
0.027727842330932617,19.86589949673813,22.31622504872681,1,10.980018110762314,1
0.11957383155822754,19.86589949673813,22.31622504872681,2,10.980018110762314,4
0.20215296745300293,20.577314863102686,22.31622504872666,2,7.792134116890866,6
0.28212404251098633,20.577314863102686,22.31622504872666,4,7.792134116890866,8
0.579056978225708,21.41051337324403,22.31622504872666,4,4.058534422847249,13
0.6840498447418213,21.41051337324403,22.31622504872666,4,4.058534422847249,13
1.01609206199646,21.726915411518732,22.31622504872666,4,2.6407227742200714,13
1.1013920307159424,21.782812110758677,22.31622504872666,4,2.3902471712993427,13
1.2050549983978271,21.979069995829747,22.31622504872666,3,1.5108068329690563,13
2.1122398376464844,22.00342000594005,22.31622504872583,2,1.4016933513745835,13
2.1122870445251465,22.00342000594005,22.31622504872583,3,1.4016933513745835,13
2.3378658294677734,22.132774749952073,22.31622504872583,2,0.8220489727684962,13
4.835845947265625,22.155935365970354,22.31622504872583,2,0.7182652191645099,13
12.183151960372925,22.234243059072593,22.316225048725777,1,0.3673649529621692,13
12.18319582939148,22.234243059072593,22.316225048725777,2,0.3673649529621692,13
41.29565787315369,22.27484146850456,22.316225048725777,2,0.18544166914815075,13
162.29075694084167,22.295464456584817,22.316225048725766,1,0.093029139541386,13
162.29082798957825,22.295464456584817,22.316225048725766,2,0.093029139541386,13
672.1293458938599,22.305824209887643,22.316225048725766,2,0.04660662282896733,13
3431.717733860016,22.31101899984409,22.316225048725762,1,0.023328537287576254,13
3431.717815876007,22.31101899984409,22.316225048725762,2,0.023328537287576254,13
