x1,y1,theta1,x2,y2,theta,length
7.8919401982966715,2.0956364305303787,1.876058503584139,9.402168811759555,3.888113431402228,1.375980766733419,2.3948624447650113
9.402214798680214,3.888347608048963,1.3775147475213059,7.439163409599095,9.335071638321578,0.6212622190936798,5.883762990107411
7.439219091764405,9.335111421875471,0.6197282383057992,11.56052729118772,5.981789809268848,-1.073786551519947,5.402999105399154
11.560682481368508,5.981503320560683,5.2078647748717515,11.757949226928975,4.674344975046508,4.7860200582032,1.3237702259965014
11.757965079553994,4.674127866488505,4.784486077415314,11.692805814735562,1.3435875975456932,3.8395539120777595,3.3573148250843245
11.692551573087659,1.3433748513928119,3.838019931289874,7.89197054692643,2.095540382820566,1.8775924843720242,3.950910644911296
