x1,y1,theta1,x2,y2,theta,length
7.891866706198658,2.095556389975799,1.8767981731497636,9.40226504803309,3.8881980747370104,1.376843084003135,2.3952317604758853
9.40226504803309,3.8881980747370104,1.376843084003135,7.439092089965543,9.335196814561673,0.6203939000687444,5.884257290686544
7.439092089965543,9.335196814561673,0.6203939000687444,11.560675684122671,5.981643761871891,5.208791276610362,5.4034961427787405
11.560675684122671,5.981643761871891,5.208791276610362,11.757964594294505,4.674231749798504,4.785289726423208,1.3240395759098853
11.757964594294505,4.674231749798504,4.785289726423208,11.69289812361584,1.343402728344399,3.838439861696694,3.3577059641031184
11.69289812361584,1.343402728344399,3.838439861696694,7.891866706198658,2.095556389975799,1.8767981731497636,3.951494314771588
