x1,y1,theta1,x2,y2,theta,length
6.87068359808008,0.9495490783477846,2.9559809782556306,3.2157638256705745,1.9758375733129105,2.4789129532231957,3.7987793659450833
3.215484834391089,1.9760555712293097,2.477378972435311,2.2110610086749087,3.738109814071597,1.8131652912808276,2.0315437850154154
2.210972314501232,3.738468533806104,1.8116313104929422,2.238846469814393,5.039987065023275,1.5661943844312418,1.3025960027601262
2.238847995217006,5.040370442934609,1.5677283652191254,2.340898153657961,8.812719831431393,0.30833013836501433,3.850491447410368
2.3410016221491574,8.812752681959347,0.30679615757712825,4.565111011796391,5.920069596888153,-0.3773592738198648,3.731934915158916
4.5654054449100485,5.919952932239071,5.907360014147604,10.933530355378657,7.309113609347658,6.355282404210213,6.5265967758587555
10.933908544412756,7.3091405629577295,0.07056311624273949,15.219938502231036,6.785559877711813,-1.3836506706728566,4.399086804467048
15.219957298392744,6.785460589163571,4.898000655718852,13.321254175211779,5.64124013431407,3.9116510091083834,2.294039407540314
13.320992666652145,5.640986328905132,3.913184989896271,12.919423864025665,4.948362934177468,3.8150102194715894,0.8041452269070547
12.919149300186158,4.948144251035897,3.8134762386837036,11.727968333135367,4.5766295097656515,3.9285247977751254,1.2555554730186698
11.727734808170364,4.5763949720850565,3.9300587785630126,11.331201860805457,3.081139569397603,4.914874444385594,1.5569020306054997
11.331271467676368,3.080802610618022,4.91640842517348,13.13604276144266,0.472163889459505,4.207709301170313,3.232755631489047
13.13596970327183,0.4720316820389955,4.206175320382428,6.871059242917104,0.9494789886564585,2.957514959043515,6.34279174290353
