TIME,LB,UB,OPEN,GAP,TREE
0.06299281120300293,0.0,28.339044751885393,1,100.0,1
0.06305193901062012,24.258332220371333,28.339044751885393,1,14.399612150803248,1
0.3218109607696533,24.258332220371333,28.339044751880234,1,14.39961215078767,4
0.3219008445739746,24.258332220371333,28.339044751880234,2,14.39961215078767,4
0.5202658176422119,25.63547052377416,28.339044751880234,2,9.540103598328585,8
0.8445777893066406,26.014934098314775,28.339044751880234,3,8.201090311667118,13
1.1655499935150146,26.014934098314775,28.33904475186906,3,8.201090311630924,16
1.3604869842529297,26.014934098314775,28.33904475186906,4,8.201090311630924,19
2.084617853164673,26.014934098314775,28.33904475186906,4,8.201090311630924,26
2.2462317943573,26.014934098314775,28.33904475186906,4,8.201090311630924,26
2.6985669136047363,26.718822052340634,28.339044751713214,3,5.717280570209164,26
2.6986429691314697,26.718822052340634,28.339044751713214,4,5.717280570209164,26
2.9220468997955322,27.166179803319018,28.339044751713214,4,4.138689072514666,26
4.054104804992676,27.493591227489116,28.339044751713214,4,2.9833522323401063,26
4.17592191696167,27.89759856077287,28.339044751713214,3,1.5577313731213762,26
7.304731845855713,27.90413112525827,28.339044751522266,2,1.5346799092112422,26
7.30480694770813,27.90413112525827,28.339044751522266,3,1.5346799092112422,26
16.347718954086304,28.118419208243488,28.339044751522266,3,0.7785214541041554,26
44.324383020401,28.227956941016096,28.339044751464712,2,0.3919956068486555,26
44.32445287704468,28.227956941016096,28.339044751464712,3,0.3919956068486555,26
44.854010820388794,28.2521880088582,28.339044751464712,2,0.30649142682207503,26
150.51753401756287,28.283309559441356,28.339044751464712,2,0.19667279723842865,26
576.2277109622955,28.31113035064911,28.339044751464268,1,0.09850155875037883,26
576.2277789115906,28.31113035064911,28.339044751464268,2,0.09850155875037883,26
2635.72727394104,28.325077637258744,28.339044751461216,1,0.04928576218770486,26
2635.7273428440094,28.325077637258744,28.339044751461216,2,0.04928576218770486,26
