x1,y1,theta1,x2,y2,theta,length
3.3534554936689043,3.748550759427453,5.605165798934133,9.90350992358987,2.077378654785544,6.597651368696143,6.781186478117338
9.904123478036635,2.0775790604240445,0.3160000423044421,10.644174788041525,2.9731822705153887,1.4296700943094178,1.1901601965974735
10.644266840301063,2.9738321665663197,1.4312040750973032,9.745595440661933,5.346523203785853,1.613747788855693,2.552033904665343
9.745565540537216,5.347240044997332,1.6122138080678088,10.713595763872357,8.974029872959688,2.149107083827783,3.809113502366059
10.713334407963263,8.974429321577167,2.1506410646156686,7.286112541736775,9.481237517638025,3.074097498922825,3.517428554857376
7.285347489721949,9.481288136615627,3.0756314797107107,3.1422006582562645,9.543193412615944,3.7551849687440475,4.165084900180023
3.141703270569638,9.542842555249937,3.756718949531935,2.0585412057471064,6.2930740260852,4.795223942930513,3.452358321945995
2.0586000112700242,6.292365671818953,4.7967579237184,3.3529113945025837,3.74898973516852,5.603631818146248,2.864691553806403
