x1,y1,theta1,x2,y2,theta,length
3.3531222941646175,3.748617093892229,5.604301217310747,9.903692169614764,2.0772204622205903,0.31563022021181203,6.781872109578167
9.903692169614764,2.0772204622205903,0.31563022021181203,10.644435091397911,2.9736066456874513,1.430180194619946,1.191270139698899
10.644435091397911,2.9736066456874513,1.430180194619946,9.745454120655438,5.3466631730639556,1.612554881313234,2.5526036557224803
9.745454120655438,5.3466631730639556,1.612554881313234,10.71378363209306,8.974290675543225,2.150120726252816,3.8102049973831007
10.71378363209306,8.974290675543225,2.150120726252816,7.286052057373627,9.481251375636058,3.075509099402502,3.5180485976684617
7.286052057373627,9.481251375636058,3.075509099402502,3.141805354364406,9.543199929859902,3.755922201601777,4.166261647609207
3.141805354364406,9.543199929859902,3.755922201601777,2.0583950019400055,6.293097008611654,4.7952376491240996,3.4528341133271168
2.0583950019400055,6.293097008611654,4.7952376491240996,3.3531222941646175,3.748617093892229,5.604301217310747,2.8659494904737794
