x1,y1,theta1,x2,y2,theta,length
14.649013367202182,4.3859958102457135,4.773748211900115,7.550155615876688,2.2244557391968254,3.394699483590923,7.830461127345386
7.548172025767601,2.2239416869456496,3.3962334643788097,2.296080355738071,0.7622503558033937,2.64304889752696,5.534025838494704
2.295340506162901,0.7626538042086455,2.641514916739074,1.3790984114451392,3.5289895038851786,1.3729128051576487,3.0110027689127685
1.3794434534710427,3.5307062375199365,1.371378824369763,3.0654130664628285,5.766101510845714,0.4402524861231789,2.8334154933149858
3.0665797190882977,5.7666511499203486,0.43871850533529333,14.64900085901431,4.386199677709278,-1.5079031144915849,12.12047540066244
