x1,y1,theta1,x2,y2,theta,length
14.64994078340415,4.385411435735157,4.773616121752039,7.548777904275158,2.2241810760467584,3.395184418593732,7.832561256218423
7.548777904275158,2.2241810760467584,3.395184418593732,2.295459297895285,0.7620635588514093,2.6423254002715892,5.535563421228213
2.295459297895285,0.7620635588514093,2.6423254002715892,1.3788804531323147,3.5299893759103713,1.37219491598178,3.0129591928043986
1.3788804531323147,3.5299893759103713,1.37219491598178,3.066399127937869,5.766948560530888,0.4401232622406099,2.8356868074921326
3.066399127937869,5.766948560530888,0.4401232622406099,14.64994078340415,4.385411435735157,4.773616121752039,12.123293545519296
