TIME,LB,UB,OPEN,GAP,TREE
0.061383962631225586,0.0,40.51738384251469,1,100.0,1
0.06142616271972656,30.41527190473321,40.51738384251469,1,24.93278435016178,1
0.10274100303649902,30.41527190473321,32.8314570495334,1,7.3593600830899675,2
0.21745514869689941,30.41527190473321,32.8314570495334,3,7.3593600830899675,4
0.45516204833984375,30.41527190473321,32.8314570495334,5,7.3593600830899675,8
0.5573229789733887,30.41527190473321,32.8314570495334,5,7.3593600830899675,8
0.6682541370391846,30.555214801899673,32.8314570495334,5,6.933113703115637,8
1.015801191329956,30.676077080287648,32.8314570495334,5,6.564984204002553,8
1.9670209884643555,31.703064772756434,32.831457048395166,4,3.4369241486158413,8
1.967095136642456,31.703064772756434,32.831457048395166,5,3.4369241486158413,8
2.326505184173584,31.76719336623267,32.831457048395166,5,3.2415974734039907,8
2.4441421031951904,32.02821571556718,32.831457048395166,4,2.4465601135032493,8
5.41853404045105,32.247840148754634,32.83145704830287,3,1.777614982757544,8
5.4185919761657715,32.247840148754634,32.83145704830287,4,1.777614982757544,8
5.508216142654419,32.38895300520593,32.83145704830287,3,1.3478050713555523,8
14.698371171951294,32.534390100706034,32.83145704825724,2,0.9048241359333064,8
14.698443174362183,32.534390100706034,32.83145704825724,3,0.9048241359333064,8
53.63398504257202,32.68181568882589,32.83145704825466,2,0.45578653182778933,8
53.63405704498291,32.68181568882589,32.83145704825466,3,0.45578653182778933,8
54.77160310745239,32.73895584827479,32.83145704825466,2,0.28174564364876,8
204.9886600971222,32.75624764131964,32.831457048252624,1,0.22907727434225197,8
204.98870706558228,32.75624764131964,32.831457048252624,2,0.22907727434225197,8
826.2069051265717,32.793794662450544,32.831457048252624,2,0.11471432945155795,8
