x1,y1,theta1,x2,y2,theta,length
8.857926996199081,2.589556784144307,2.945243112740431,1.737944327711593,5.919071272555037,1.3836506706728482,8.25323962242433
1.7380117211116513,5.9194215878165135,1.380582709097077,8.375614316968989,6.466956662927528,0.16873788666741873,7.044081431668762
8.377875359080116,6.467342709207154,0.1718058482431918,14.550556759374027,8.388024534176374,-0.7056311624273938,6.64753270153223
14.551771762036351,8.38698485119781,5.57448618317642,13.473533124186009,2.5330029806069385,3.7797286613502186,6.206587885596404
13.472509617470065,2.5322441512310103,3.7766606997744483,8.861470753484252,2.588857010757452,2.9483110743162024,4.661162096762399
