x1,y1,theta1,x2,y2,theta,length
8.859803621419806,2.588939210594235,2.946647143345407,1.7365558794578702,5.918591589669006,1.3810300288764044,8.258640633172707
1.7365558794578702,5.918591589669006,1.3810300288764044,8.377433344873884,6.467008317307241,0.16941673108685348,7.047708830498193
8.377433344873884,6.467008317307241,0.16941673108685348,14.551801103556958,8.389010169037858,5.57558651221139,6.650719316238509
14.551801103556958,8.389010169037858,5.57558651221139,13.472873847375743,2.5318492473295953,3.7792633498855692,6.210547055854896
13.472873847375743,2.5318492473295953,3.7792633498855692,8.859803621419806,2.588939210594235,2.946647143345407,4.66384121248832
