x1,y1,theta1,x2,y2,theta,length
7.163154238862168,9.019049811218979,5.942641572268974,9.460275381865763,7.40932746978905,6.172738690451822,2.8182815102639807
9.461586130971645,7.409185924361374,6.1758066520275925,15.55148201337739,9.692047782691489,5.368932757599741,6.6848162572224945
15.551690709251483,9.69177577620981,5.365864796023972,13.807067121995072,6.972001224559399,4.083456857351577,3.3927542717552353
13.806170380350972,6.970760657486676,4.086524818927348,12.397568939991487,4.633941616936831,4.608078286808467,2.7359401714918383
12.397426371564611,4.632572515761796,4.611146248384237,13.30356647591799,2.007472829627022,4.893398713355194,2.7846550176506093
13.303836230137334,2.0059862418336762,4.890330751779424,13.130465450083866,0.6290479338965292,3.8196121618352468,1.4344017494733858
13.129722552857567,0.6284538242686327,3.816544200259475,11.157375394187891,0.9450546763056045,2.4451653758897116,2.0602336569698974
11.15632811390995,0.9459334188781067,2.442097414313941,9.82414327194551,3.4125047463524893,2.91763145855849,2.8669036805494397
9.823822228538088,3.4139386635470075,2.9206994201342606,9.74952389515446,3.4248433265978946,3.0710295373470533,0.07516505860639633
9.749105357746382,3.4249154329994576,3.074097498922825,8.403199225425269,1.8696082944636938,3.61405873625857,2.1442046402759773
8.402037694654233,1.8690198847471804,3.6109907746827994,7.474240146034232,1.859684768419084,3.3011266555298993,0.9388561615855912
7.472773025855714,1.8594458437893462,3.3041946171056713,6.139769464397764,1.410612434059616,2.8900198043765473,1.4263001205035022
6.138600155595497,1.4109150238990005,2.8869518428007765,4.897562311665261,2.8580172639623305,2.2241225828525644,1.9271764552188082
4.896629906300471,2.8592353425507597,2.2241301452834508,0.5859694747601605,8.959066739787293,1.09833024412612,7.575415989778351
0.5862698991961399,8.959652258530456,1.0952622825503475,7.161774333243972,9.019533944932379,-0.3374757733348399,6.684602652325058
