x1,y1,theta1,x2,y2,theta,length
9.460295820253036,7.408931912879964,-0.10771949344137509,15.552015110065092,9.69257999803311,5.366860868245672,6.687628859097826
15.552015110065092,9.69257999803311,5.366860868245672,13.806998672055203,6.9719896713241765,-2.1967622355016787,3.394022803518978
13.806998672055203,6.9719896713241765,-2.1967622355016787,12.397118720434012,4.632878392928934,4.608778682213982,2.7385973218447743
12.397118720434012,4.632878392928934,4.608778682213982,13.303871016579622,2.0065344431646848,-1.3908761648211445,2.7861633168552333
13.303871016579622,2.0065344431646848,-1.3908761648211445,13.129912323112377,0.6278362788467707,3.816439185981722,1.4367735385728406
13.129912323112377,0.6278362788467707,3.816439185981722,11.156791941087052,0.9450908540450871,2.4432046531415184,2.0612206976613567
11.156791941087052,0.9450908540450871,2.4432046531415184,9.748718871870354,3.425625604008886,3.070991748599618,2.946193037262003
9.748718871870354,3.425625604008886,3.070991748599618,8.40326216057405,1.8691871537147648,-2.6716948513281475,2.145976875772125
8.40326216057405,1.8691871537147648,-2.6716948513281475,7.473702049010223,1.8597884576469648,-2.9800672755488864,0.9406748074873174
7.473702049010223,1.8597884576469648,-2.9800672755488864,6.138999536864598,1.410323868561122,2.8886241336915144,1.4282744264750704
6.138999536864598,1.410323868561122,2.8886241336915144,0.5854854041347319,8.95963966682686,1.096713922008303,9.506226126287427
0.5854854041347319,8.95963966682686,1.096713922008303,7.161712599897662,9.019799864135033,-0.33769673771512837,6.685735654222834
7.161712599897662,9.019799864135033,-0.33769673771512837,9.460295820253036,7.408931912879964,-0.10771949344137509,2.8203951784038317
