x1,y1,theta1,x2,y2,theta,length
6.9179078922355695,1.8208956448338969,2.588532667252326,4.660931837594955,3.0353048919688614,3.3900975412272674,2.5999895614600192
4.660582173593643,3.035216112923568,3.3916315220151523,3.7471784276197138,1.81621775722968,3.818078181047361,1.5574991849897586
3.746649080407906,1.8157940158109673,3.816544200259475,0.5367700488047116,1.0836128874795634,2.3193789512830882,3.397826521547358
0.5364550055096855,1.0839522441965874,2.317844970495204,2.574268468228186,6.74002969587973,0.510815602365918,6.146110903574486
2.5749688553633328,6.7404219813084,0.5092816215780329,9.042939274830342,5.791492085880649,0.4095728703654684,6.576847191607097
9.04353466154014,5.791750795605757,0.4111068511533519,9.982260978803385,7.057180348978798,0.7409127205487649,1.59020074945333
9.982876652424396,7.057741858124525,0.739378739760879,12.641877110482849,8.163271767201206,-0.6166602767300249,2.9739792620011793
12.642129463628917,8.163092748421322,5.6649910496616736,12.77861370819596,7.264177364854068,4.404058842019675,0.9738666575075894
12.778335209129963,7.263306604978089,4.4025248612317895,12.47375237392706,6.652554200729421,4.266000571109969,0.6828136116358186
12.473431296900813,6.65188252058938,4.267534551897853,10.87272046947476,3.074765292607267,4.143282108079118,3.9192109436697673
10.872460969905903,3.0743606591870045,4.1417481272912315,8.749321386381759,0.8294160006449389,3.290388790014701,3.1161342481085876
8.748516856853394,0.8292958004371889,3.288854809226815,6.9185713605706685,1.8204861097315148,2.5886186790152452,2.1057341412593154
