x1,y1,theta1,x2,y2,theta,length
6.917928801503784,1.820733266527295,2.5884443823848686,4.660584038189907,3.0354086977510826,3.390476120784636,2.6005007834240557
4.660584038189907,3.0354086977510826,3.390476120784636,3.7465926151632374,1.8155781085999754,3.8168679669519574,1.558731124666744
3.7465926151632374,1.8155781085999754,3.8168679669519574,0.5361054800735924,1.0836220064845066,2.3189384664001134,3.3984770695736173
0.5361054800735924,1.0836220064845066,2.3189384664001134,2.5746893223269933,6.740641873645368,0.51044028369345,6.147621484837906
2.5746893223269933,6.740641873645368,0.51044028369345,9.043435682168218,5.791473300535279,0.41009712893907907,6.57782746901887
9.043435682168218,5.791473300535279,0.41009712893907907,9.982316469641265,7.057378195795734,0.7397141273429598,1.5907870721206665
9.982316469641265,7.057378195795734,0.7397141273429598,12.642222745408613,8.163399393503042,5.66587804795473,2.9751919815767875
12.642222745408613,8.163399393503042,5.66587804795473,12.778684865693998,7.264153809498445,4.402536393230583,0.9744488470677566
12.778684865693998,7.264153809498445,4.402536393230583,12.473538011280139,6.6521283684682935,4.266552428402575,0.6842040330410627
12.473538011280139,6.6521283684682935,4.266552428402575,10.872681128679911,3.074636438206747,4.142166844565478,3.919619110629629
10.872681128679911,3.074636438206747,4.142166844565478,8.748825560780913,0.8289948663300478,3.2898348128933383,3.1171980981572167
8.748825560780913,0.8289948663300478,3.2898348128933383,6.917928801503784,1.820733266527295,2.5884443823848686,2.1069469823199403
