x1,y1,theta1,x2,y2,theta,length
15.652693314856284,9.593538054186796,2.509592568980909,12.805737989796032,8.061932949702044,3.8640976046839306,3.3591115548675075
12.805167888396308,8.061429364764315,3.865631585471816,9.523582128691853,4.351348851670385,3.690757775652853,4.9555368393124635
9.522957572485131,4.350967198451692,3.689223794864967,4.745984757248905,2.8562549616598463,4.476155939050301,5.100739918875975
4.745901623374041,2.855909740499021,4.477689919838186,6.096405849136983,1.419579708243098,6.115981401300051,2.076758264526286
6.097050205477994,1.4194714742087688,6.117515382087937,7.430864091089602,1.8545769141702269,6.359884346573869,1.4157207100556966
7.431592795346858,1.8546328425472163,0.07516505860639641,10.948589331967254,1.0491483336387728,-0.2300971181828468,3.6103754263981753
10.949336226097946,1.0489739190556802,6.054622169784625,13.190488646213316,0.6696996623092739,6.8093407174243605,2.303621206182305
13.190972113831815,0.6699807104275712,0.5276893910326605,15.6529010725201,9.593385581953946,2.508058588193024,9.432238104762865
