x1,y1,theta1,x2,y2,theta,length
15.652916172258218,9.593822318928087,2.5085912589441337,12.805552559862296,8.061834512171735,3.865217120905248,3.3600009635349837
12.805552559862296,8.061834512171735,3.865217120905248,9.523269022940196,4.3510233781520355,3.6901334716347107,4.956562111739823
9.523269022940196,4.3510233781520355,3.6901334716347107,4.745540564659407,2.8558609764729757,4.476304104524559,5.1016427165876355
4.745540564659407,2.8558609764729757,4.476304104524559,6.096575614512933,1.4193476641675353,6.116989898289726,2.0777249799581727
6.096575614512933,1.4193476641675353,6.116989898289726,7.4315308399237106,1.854744506617704,0.07655649214696822,1.4169301789621143
7.4315308399237106,1.854744506617704,0.07655649214696822,10.949026383311711,1.0490455571053732,6.053723991052485,3.6109429753149245
10.949026383311711,1.0490455571053732,6.053723991052485,13.191009119749264,0.6696988418537062,0.5265823296776366,2.3045043004127512
13.191009119749264,0.6696988418537062,0.5265823296776366,15.652916172258218,9.593822318928087,2.5085912589441337,9.433246884602472
