TIME,LB,UB,OPEN,GAP,TREE
0.03456902503967285,0.0,33.08316509252569,1,100.0,1
0.034605979919433594,29.115070198173097,33.08316509252569,1,11.9943024896644,1
0.1557300090789795,29.115070198173097,33.08316509252569,2,11.9943024896644,4
0.36127209663391113,31.36233459909151,33.08316509252569,2,5.201529202606303,8
0.5520110130310059,31.937415599783186,33.08316509252563,2,3.4632402599269487,11
0.6741399765014648,31.937415599783186,33.08316509252563,3,3.4632402599269487,13
1.1044120788574219,32.018912907157954,33.08316509252563,3,3.2168995390592823,19
1.220249891281128,32.018912907157954,33.08316509252563,3,3.2168995390592823,19
1.4979779720306396,32.36404129814639,33.08316509252563,3,2.1736849916506698,19
2.28725004196167,32.698658757409156,33.08316509252563,3,1.1622416840743783,19
4.1827991008758545,32.88611486591361,33.08316509252563,3,0.5956208423859044,19
10.465158939361572,32.98292276945163,33.08316509252529,2,0.30300100608060215,19
10.465210914611816,32.98292276945163,33.08316509252529,3,0.30300100608060215,19
29.387994050979614,33.032623904401625,33.083165092525206,2,0.1527701112702811,19
29.388050079345703,33.032623904401625,33.083165092525206,3,0.1527701112702811,19
29.48396897315979,33.03623952762568,33.083165092525206,2,0.14184121975114986,19
96.28090000152588,33.057811771903,33.083165092525164,1,0.07663511200110192,19
96.28095889091492,33.057811771903,33.083165092525164,2,0.07663511200110192,19
440.0921709537506,33.07047012643001,33.083165092525164,2,0.03837288862673593,19
2262.583422899246,33.076811088596216,33.083165092525164,2,0.019206154886260967,19
