x1,y1,theta1,x2,y2,theta,length
13.296855025483175,1.4093515563398837,3.9300587785630126,4.232194424649895,1.6090530136509789,2.2886993355253735,9.111415068707872
4.232024693949666,1.6092476394150546,2.287165354737491,4.332889120599184,3.3102341199320464,1.782485675523116,1.725898607876228
4.332812405106044,3.310589006057888,1.784019656311001,2.0007315330561393,7.367564636335889,1.3146215352179946,4.700529231621721
2.000799591059207,7.367823711164352,1.3130875544301088,5.050732942211002,9.161934365280816,0.10431069357622291,3.5613782118311166
5.0510823933497315,9.16197085055751,0.10277671278833797,9.667529087273888,7.7139032936530665,-0.2592427531526782,4.841060352557567
9.66789938893339,7.713805421805475,6.025476534814798,13.161804786271022,6.91980662201083,5.4088162580847685,3.59462458364767
13.161997920038544,6.919575270524716,5.4072822772968845,13.297041190742064,1.4095390827137406,3.931592759350897,5.545080377744335
