x1,y1,theta1,x2,y2,theta,length
13.297078149439159,1.4093791768662003,3.9306468318537533,4.232009258925011,1.6090497698749753,2.2878929473105707,9.111934079895848
4.232009258925011,1.6090497698749753,2.2878929473105707,4.33293030235412,3.3103352827257466,1.7836182234270526,1.7262765425621698
4.33293030235412,3.3103352827257466,1.7836182234270526,2.0006353950189473,7.367738452886982,1.3138935614413139,4.701066124028323
2.0006353950189473,7.367738452886982,1.3138935614413139,5.051009877210856,9.162040439628901,0.10398673739847315,3.5619237774507937
5.051009877210856,9.162040439628901,0.10398673739847315,9.667691900880405,7.713850440090426,6.0247920689470105,4.841347282597459
9.667691900880405,7.713850440090426,6.0247920689470105,13.16198838511447,6.919771611317471,5.408024630297829,3.5950663084573895
13.16198838511447,6.919771611317471,5.408024630297829,13.297078149439159,1.4093791768662003,3.9306468318537533,5.545550977533184
