TIME,LB,UB,OPEN,GAP,TREE
0.031922101974487305,0.0,33.89923516114041,1,100.0,1
0.031966209411621094,32.17464343603669,33.89923516114041,1,5.087406004607049,1
0.0661931037902832,32.17464343603669,33.8992351611404,1,5.087406004607029,2
0.14934515953063965,32.17464343603669,33.8992351611404,2,5.087406004607029,4
0.36896300315856934,33.07668869625688,33.8992351611404,2,2.4264454964058593,8
0.483295202255249,33.07668869625688,33.8992351611404,2,2.4264454964058593,8
0.7813901901245117,33.326006709835944,33.8992351611404,2,1.6909775355686079,8
1.5683550834655762,33.60436877236991,33.8992351611404,2,0.8698319810722663,8
3.7751071453094482,33.74663897111671,33.8992351611404,2,0.4501464097886748,8
10.095864057540894,33.82179815000253,33.8992351611404,2,0.22843291528489257,8
31.38433313369751,33.86030758343315,33.8992351611404,2,0.11483320352867206,8
106.6479241847992,33.87969755156685,33.8992351611404,2,0.05763436691324079,8
402.8553521633148,33.889455115304514,33.8992351611404,2,0.02885034364167635,8
1783.9507791996002,33.89434061585748,33.899235161140396,1,0.01443851243147407,8
1783.9508550167084,33.89434061585748,33.899235161140396,2,0.01443851243147407,8
