x1,y1,theta1,x2,y2,theta,length
9.258800033613054,6.710070791444015,5.649651241782816,13.23047071960184,0.3705331066701678,4.152485992806429,7.5391071061585375
13.230385091104607,0.37039661175178507,4.150952012018545,6.1340918477454665,1.1455070311288222,2.641514916739076,7.196778779025278
6.133778696750914,1.1456784015646342,2.639980935951188,4.456501461113601,3.126621820826351,2.2350100079493767,2.5977450373700077
4.456265508375397,3.1269238741345453,2.233476027161493,0.34612696724035064,9.04520743835015,0.9648739155800694,7.276471927837226
0.34619861420858733,9.045310692433079,0.9633399347921827,9.25851078997259,6.7102831563983125,-0.6320000846088796,9.286684148547629
