x1,y1,theta1,x2,y2,theta,length
9.25858433372655,6.710312951546081,5.649867258111401,13.230525765002554,0.37029360029762615,4.152091232308987,7.539719170113795
13.230525765002554,0.37029360029762615,4.152091232308987,6.133883475992296,1.1455412754045773,2.640830982970601,7.197319165677386
6.133883475992296,1.1455412754045773,2.640830982970601,4.456425212672753,3.126709337150976,2.2339403143433074,2.5980482982385924
4.456425212672753,3.126709337150976,2.2339403143433074,0.34602582564525197,9.045379320746592,0.9641898789401078,7.277052809968019
0.34602582564525197,9.045379320746592,0.9641898789401078,9.25858433372655,6.710312951546081,5.649867258111401,9.287095717142607
