x1,y1,theta1,x2,y2,theta,length
10.673133138525763,1.5419979069948617,2.969786805346601,9.436924311573767,3.513766060840502,2.5985634546782763,2.3974326459285598
9.436370011121817,3.5141005107815158,2.6000974354661617,3.7825024298385235,3.3217087528766225,2.801048918679181,5.6783895223402165
3.781910070266745,3.3219190723811227,2.7995149378912956,3.0325055124939277,3.9522645513096712,2.3638643941317725,0.983660567445477
3.0321837200482915,3.952581911716221,2.362330413343887,0.7180202564022163,6.837363274353528,1.202640937702343,3.797631340506225
0.7181808626466794,6.837779245763895,1.201106956914457,7.884840370187657,7.679182279844416,-0.2454369260617022,7.324105291450921
7.885209682163964,7.67908918522569,6.036214400329997,11.141567265297331,5.605136277832662,5.84906874420795,3.863756560578585
11.14199776093188,5.604937069431348,5.850602724995834,11.947228403622443,5.384007230895021,6.307728999785756,0.8376052475950211
11.947833298385094,5.3840221309492575,0.0260776733940559,14.685714178175715,5.919136026406075,-1.0001554737014384,2.9454871609966395
14.685850078567242,5.918924317077336,5.281495852690262,10.673476210066683,1.541938770975947,2.971320786134487,6.191142617432748
