x1,y1,theta1,x2,y2,theta,length
10.673172876241155,1.5417327349103147,2.9707771669232765,9.43647038036919,3.5142977945902167,2.5986658420634474,2.398587142593847
9.43647038036919,3.5142977945902167,2.5986658420634474,3.7821202319816702,3.321704618536014,2.8003819299261337,5.679033023536055
3.7821202319816702,3.321704618536014,2.8003819299261337,3.032357671801747,3.9523977981177736,2.3630050508129723,0.9841934222095863
3.032357671801747,3.9523977981177736,2.3630050508129723,0.717768070090167,6.837991046982483,1.2022807048126618,3.7986173034073
0.717768070090167,6.837991046982483,1.2022807048126618,7.8848476573671995,7.679247205431798,6.036221906295315,7.32488396001611
7.8848476573671995,7.679247205431798,6.036221906295315,11.14179819007787,5.604992181642951,5.84973031544458,3.8644219469280863
11.14179819007787,5.604992181642951,5.84973031544458,11.947157347495446,5.383906767620953,0.0246824017979063,0.8377808519492326
11.947157347495446,5.383906767620953,0.0246824017979063,14.685985158633425,5.919707928723975,5.283157042847876,2.946594678046437
14.685985158633425,5.919707928723975,5.283157042847876,10.673172876241155,1.5417327349103147,2.9707771669232765,6.192917335341952
