x1,y1,theta1,x2,y2,theta,length
2.468311750014324,3.691096052638951,1.5953400194010667,2.8854523133541625,4.734588734622997,0.9157865303677275,1.1312826855737765
2.885905284642321,4.735178524465481,0.9142525495798421,3.9812171924828044,5.777580903625168,1.3882526130365047,1.5371495420611283
3.98132132240369,5.778147778113814,1.389786593824391,2.8587219813517892,8.481501862193758,0.9510680884890981,3.047810331419912
2.858900241252532,8.481750999148764,0.9495341077012118,10.71115286699696,7.102275669979171,-0.4203107358806659,8.089543279744419
10.711837544069656,7.101969375924653,5.861340590511035,12.700496811842259,5.594883636242697,5.181787101477696,2.5041672551415664
12.700803706443956,5.5942738704693005,5.180253120689811,12.664770602967133,5.038738579263912,4.104932588381976,0.5823158192086915
12.664408505859063,5.038221221029487,4.10339860759409,11.55545445246295,4.5306873883848775,3.462194638257892,1.2345050019966985
11.554726890759628,4.530446262530538,3.4606606574700063,3.2635564690592864,2.2365970101624493,2.727417840860669,8.62945854155862
3.263018907717887,2.2368338247309643,2.725883860072784,2.4683290732489227,3.690399918938593,1.5968740001889525,1.6893384545632655
