x1,y1,theta1,x2,y2,theta,length
2.468164293824543,3.690567256551128,1.5957532951889746,2.885353317997049,4.734613501682367,0.9157281754729282,1.1318300096806035
2.885353317997049,4.734613501682367,0.9157281754729282,3.9815072030772978,5.7777600404451475,1.3891384089947383,1.538403844420575
3.9815072030772978,5.7777600404451475,1.3891384089947383,2.8584200060248808,8.481683640653511,0.9499389390980377,3.048968828289131
2.8584200060248808,8.481683640653511,0.9499389390980377,10.711707664950515,7.102115036938643,5.862501787040267,8.090700670777672
10.711707664950515,7.102115036938643,5.862501787040267,12.70084831998061,5.594574310522984,5.18120753055233,2.5048686114195635
12.70084831998061,5.594574310522984,5.18120753055233,12.664881141430016,5.03851795566054,4.103770331145748,0.582991501270104
12.664881141430016,5.03851795566054,4.103770331145748,11.554995331736066,4.5305206207644035,3.4616368407853457,1.2355731598273831
11.554995331736066,4.5305206207644035,3.4616368407853457,3.2631786695487284,2.236494149979811,2.726672156763956,8.630216075106238
3.2631786695487284,2.236494149979811,2.726672156763956,2.468164293824543,3.690567256551128,1.5957532951889746,1.6900803260166186
