x1,y1,theta1,x2,y2,theta,length
2.5602582281346664,9.34596640724883,4.071185011048492,2.5919650882850562,8.979623476142987,-1.0881259687282154,0.3947312018661986
2.592143146123811,8.979283823469327,-1.0877723818723306,6.893539532203897,0.9442996308896539,6.004000803784397,9.134879860788049
6.893793956206589,0.9442268848665973,6.005534784572284,10.932477991251911,3.227597395525394,6.944331026758297,4.660266656041855
10.932777894632357,3.227831085772037,0.662679700366597,13.294610011281302,5.618754881313028,0.63353406539677,3.3610261119118254
13.294915165568993,5.618979013135886,0.6320000846088842,15.218034646956172,6.797187560630953,1.708854597704603,2.321739575618362
15.218017214492214,6.797312549072559,1.71038857849249,2.5603572776698025,9.34609876703404,4.069651030260607,13.039978555715528
