x1,y1,theta1,x2,y2,theta,length
2.5601289430751644,9.346082255207476,4.0701484048968615,6.893641830367848,0.9441261120566292,-0.27847268286868104,9.530560845747049
6.893641830367848,0.9441261120566292,-0.27847268286868104,10.932634985886216,3.227688031018084,0.6619551148847529,4.660695515882084
10.932634985886216,3.227688031018084,0.6619551148847529,13.29488482653096,5.618994364522206,0.6334628687131364,3.3615935473614806
13.29488482653096,5.618994364522206,0.6334628687131364,15.218195813853578,6.797342228528804,1.7093504203287002,2.322061296304442
15.218195813853578,6.797342228528804,1.7093504203287002,2.5601289430751644,9.346082255207476,4.0701484048968615,13.040613358506702
