TIME,LB,UB,OPEN,GAP,TREE
0.016577959060668945,0.0,29.55477058208117,1,100.0,1
0.01661396026611328,24.064576046076485,29.55477058208117,1,18.576339548151818,1
0.1012120246887207,24.064576046076485,29.55477058208117,3,18.576339548151818,4
0.18953490257263184,24.93351863940925,27.895700434729335,3,10.618775471334839,6
0.25830602645874023,24.93351863940925,27.895700434729335,3,10.618775471334839,8
0.3863248825073242,24.93351863940925,26.61998044361625,3,6.335323227524873,11
0.47975707054138184,24.93351863940925,26.61998044361625,5,6.335323227524873,13
0.5506730079650879,24.93351863940925,26.619892531606844,4,6.335013900583167,13
0.5506999492645264,24.93351863940925,26.619892531606844,5,6.335013900583167,13
0.6360499858856201,24.93351863940925,26.619892531606844,5,6.335013900583167,13
0.8402140140533447,25.304571291403548,26.619882953851413,4,4.941087324569033,13
0.8402378559112549,25.304571291403548,26.619882953851413,5,4.941087324569033,13
1.0842759609222412,25.39485605779233,26.619882953851413,5,4.601924426875971,13
1.1696429252624512,25.858676942124923,26.619882953851413,4,2.8595392889071922,13
1.7964990139007568,25.92925071777686,26.619882953851413,4,2.5944225121945204,13
2.5094308853149414,25.996659091531413,26.619882953851413,4,2.34119685424774,13
4.334452867507935,26.26153601097088,26.619882953851413,4,1.3461627291967015,13
6.49220085144043,26.346598718649958,26.619882953851413,4,1.026616967757613,13
6.630656957626343,26.422745307790432,26.619882953851413,3,0.7405654127132747,13
12.673932075500488,26.437524455575275,26.619882953851413,3,0.685046206222156,13
19.959351062774658,26.52621908269535,26.619882953851413,3,0.3518568106345206,13
42.9635488986969,26.527824422169008,26.619882854784017,2,0.34582583671461986,13
42.96363306045532,26.527824422169008,26.619882854784017,3,0.34582583671461986,13
127.45974588394165,26.573732236550555,26.619882835719384,2,0.17336890418955123,13
127.45982789993286,26.573732236550555,26.619882835719384,3,0.17336890418955123,13
498.07256388664246,26.59674728768674,26.619882828075514,2,0.08691075215543312,13
498.072646856308,26.59674728768674,26.619882828075514,3,0.08691075215543312,13
2505.7955610752106,26.608298805655885,26.619882818726587,2,0.043516393928502366,13
2505.795646905899,26.608298805655885,26.619882818726587,3,0.043516393928502366,13
