x1,y1,theta1,x2,y2,theta,length
13.061929789660791,0.7564467627171511,3.765922834259249,7.245398428829565,1.3093704261376522,2.1245633912216126,5.936132035206406
7.245159988798445,1.309756683213413,2.1230294104337273,7.910361961658624,3.4055184709050135,0.8130098175793896,2.262113941951999
7.910852863898225,3.406037079612963,0.8114758367915043,8.378595649833272,3.740365071328582,0.9725438195194975,0.5822456447235356
8.378966232849693,3.7409109487602255,0.9740778003073822,8.68209987467901,6.34312302659458,0.9618059540042962,2.6419904309701323
8.682474607165803,6.34365976517093,0.9602719732164113,14.867426624281748,8.830855721868675,-0.6979612584879678,6.78405886758358
14.86768702356116,8.830637103109312,5.583690067903735,13.062402882122472,0.7567885942534075,3.767456815047135,8.407546614439376
