x1,y1,theta1,x2,y2,theta,length
13.062097712809566,0.7562614340162781,3.76721826462476,7.245018782742774,1.3093972222755532,2.123787023041903,5.937007714994945
7.245018782742774,1.3093972222755532,2.123787023041903,7.91046461833274,3.4058303329121506,0.8121228134121807,2.263012838544931
7.91046461833274,3.4058303329121506,0.8121228134121807,8.379226738201071,3.7409467393185714,0.9738315945943997,0.5836154066389803
8.379226738201071,3.7409467393185714,0.9738315945943997,8.682216548786961,6.343638969579501,0.961364001297012,2.6425104757982845
8.682216548786961,6.343638969579501,0.961364001297012,14.867878893842777,8.830924632986042,5.584721131920335,6.784965268388313
14.867878893842777,8.830924632986042,5.584721131920335,13.062097712809566,0.7562614340162781,3.76721826462476,8.408771114361134
