x1,y1,theta1,x2,y2,theta,length
2.868312314298897,2.529642272100059,2.12916533358527,3.1600149714991677,4.82205680858121,1.2609322076419973,2.3787357209510676
3.1606757441402,4.824115178018233,1.257864246066226,3.435443454582443,5.716178770481042,1.5401167110371836,0.9376153157244628
3.4355311899274827,5.719192574114013,1.5431846726129552,3.330269147285511,6.240999740367923,1.8686066822687937,0.5354380126360687
3.3296283923840524,6.243076362304921,1.871456561220482,2.6964344667869824,8.499742713837332,1.5125050568552425,2.3506146383446183
2.6957932685762556,8.501789188689523,1.5095546342294757,2.9074633685575577,9.058233078503404,0.9050486648525284,0.6045059693769472
2.9082103016617187,9.059178113448153,0.9019807032767571,6.87488960976425,9.20790800138305,-0.06442719309119638,4.092557126415158
6.878506592048406,9.207683307953923,6.221826075664161,8.138795805261031,9.136346405991826,6.111379458936394,1.2625810319377078
8.141120539401141,9.135937943977911,6.1083114973606225,14.278948599658278,6.66218545233637,4.853515212870168,6.82048237638648
14.279167937004877,6.66064199945591,4.850447251294398,11.714492744513027,4.297426676711924,3.742913122440965,3.665287219018683
11.71219021404836,4.295837344803244,3.7459810840167354,10.743057419040559,3.595261042358076,3.6907577756528536,1.1959183706330465
10.74133317661191,3.5942071196923315,3.687689814077081,9.582670494120098,2.9950880576699683,3.739845160865193,1.3047857472099893
9.580789890154115,2.993799238585512,3.742913122440964,7.653823357835088,1.4081469814703318,3.417709195409208,2.5091382363648123
7.651700207122663,1.4075510399519888,3.414641233833437,4.239651239195529,1.9438522361583797,2.955729424844812,3.46832837883189
4.236070427583493,1.9445284921413268,2.9544469974677448,2.868890333503679,2.528718378655347,2.132233295161041,1.541559177834415
