x1,y1,theta1,x2,y2,theta,length
2.868179606914035,2.528745177052233,2.130421654653277,3.1601801013821893,4.822730452118547,1.2588469110013252,2.3807350720378597
3.1601801013821893,4.822730452118547,1.2588469110013252,3.435963977882432,5.716513888112609,1.542766292128929,0.9397239076067385
3.435963977882432,5.716513888112609,1.542766292128929,2.9082104413183765,9.060601377962326,0.8998344761273519,3.5020798542585627
2.9082104413183765,9.060601377962326,0.8998344761273519,6.875503387557076,9.207851077841083,-0.061881096950014446,4.0923372112377345
6.875503387557076,9.207851077841083,-0.061881096950014446,8.139729684280343,9.136329699597882,-0.17367184002754285,1.266536343400198
8.139729684280343,9.136329699597882,-0.17367184002754285,14.280436921234621,6.663512349392474,4.85347596234505,6.82299344571517
14.280436921234621,6.663512349392474,4.85347596234505,11.71413634947465,4.297220399671717,-2.5376545154110777,3.670071839763921
11.71413634947465,4.297220399671717,-2.5376545154110777,10.741831411083108,3.5944177747571047,-2.593242205271877,1.1997960023967416
10.741831411083108,3.5944177747571047,-2.593242205271877,9.582276509964101,2.9950004808751816,3.74240015249345,1.3057455929829798
9.582276509964101,2.9950004808751816,3.74240015249345,7.653391086372054,1.4074602591792198,3.415550698855126,2.5120549374263836
7.653391086372054,1.4074602591792198,3.415550698855126,4.2379015436582534,1.9439070905534486,2.9557548198433636,3.471830891951324
4.2379015436582534,1.9439070905534486,2.9557548198433636,2.868179606914035,2.528745177052233,2.130421654653277,1.5447576644132144
