x1,y1,theta1,x2,y2,theta,length
13.766133719749183,5.160849011679441,3.322602386560299,11.108422860455846,5.091287937144533,3.54042765844006,2.6609974474799407
11.107766977132282,5.091011074409189,3.543495620015831,9.946180334545765,3.9044662534344545,4.519107401111096,1.6712279491453081
9.94605857282901,3.903843718846878,4.52217536268687,10.225272789643654,3.1398926315354885,5.046796792143759,0.8208120131571522
10.22552311195504,3.139169656340783,5.043728830567989,10.49401369105194,1.369891680499248,3.601786889955486,1.8765008750158012
10.493880250363757,1.3698258951674205,3.5987189283797143,8.697852916713286,3.368727491748783,2.509592568980908,2.7783525970184595
8.697258781237649,3.3691612705654412,2.5126605305566807,8.12825822468706,3.574356831907847,3.0618256526197403,0.6065939193938006
8.127520154357045,3.5744158301415294,3.064893614195511,7.928630640477812,3.545962356420342,3.331806271287613,0.2014739116308529
7.927877729541498,3.545816187599487,3.3348742328633842,3.763952313496307,2.6895561054356287,3.6876898140770815,4.252754796557848
3.7633362262954595,2.689181210869328,3.6907577756528527,2.1066842434845117,0.8974523384659332,2.856272227043063,2.4998024553193794
2.106404217947843,0.8975347933578341,2.8532042654672924,1.3885723878718088,6.114124045224419,2.052466294190984,5.328754345621826
1.38824064070077,6.114754180781016,2.0555342557667595,0.34220657068728233,7.112546388065708,1.7088545977046055,1.4612027355104815
0.3421289528144819,7.11311314332904,1.705786636128833,1.2626175589759714,8.529891203877465,0.44178646691106505,1.7112847838800538
1.2632135959642938,8.53017269143868,0.43871850533529333,6.089400247744132,8.103536554763194,-0.03374757733348144,4.851149499318133
6.090165272291599,8.103512979985581,6.252505691421874,7.874182885267944,8.172248180698347,6.58384554160517,1.7861216509843716
7.8748885896989895,8.172468782537948,0.3037281960013569,9.743526172916718,9.311147064592538,-0.039883500485026424,2.1977411880640645
9.744152000980915,9.311120131173533,6.240233845118788,14.472391387281837,5.550452755894179,4.5589909015961245,6.098064462110784
14.47233413076306,5.55008782910187,4.555922940020354,13.766877806894916,5.160986357092587,3.3256703481360708,0.8437676759716558
