TIME,LB,UB,OPEN,GAP,TREE
0.03239583969116211,0.0,33.8668858366671,1,100.0,1
0.03242897987365723,32.130205325338295,33.8668858366671,1,5.127960449934645,1
0.06892585754394531,32.130205325338295,33.86688583666708,1,5.1279604499345846,2
0.16992998123168945,32.130205325338295,33.86688583666708,2,5.1279604499345846,4
0.3801560401916504,32.99472303967522,33.86688583666708,2,2.5752671834018566,8
0.47587084770202637,32.99472303967522,33.86688583666708,2,2.5752671834018566,8
0.7469990253448486,33.278408984227056,33.86688583666708,2,1.7376172562134153,8
1.5215330123901367,33.563958961399976,33.86688583666704,1,0.8944633313142969,8
1.5215609073638916,33.563958961399976,33.86688583666704,2,0.8944633313142969,8
3.593768835067749,33.710392402393445,33.86688583666704,2,0.46208392182360014,8
10.921974897384644,33.787479522301894,33.86688583666697,1,0.2344659463171002,8
10.922024011611938,33.787479522301894,33.86688583666697,2,0.2344659463171002,8
30.70918893814087,33.8269991129702,33.86688583666697,2,0.117774996759764,8
99.17235589027405,33.84685088400083,33.86688583666697,2,0.05915794195770298,8
382.53341603279114,33.85685239881693,33.86688583666696,1,0.029626101137304527,8
382.53349590301514,33.85685239881693,33.86688583666696,2,0.029626101137304527,8
1641.6243228912354,33.86186521150499,33.86688583666696,2,0.014824584658246653,8
