x1,y1,theta1,x2,y2,theta,length
9.244268189693996,6.690225017576389,5.649651241782816,13.245844584059594,0.3612928323451991,4.150952012018548,7.546819545932589
13.245765920929173,0.3611679096306364,4.14941803123066,6.154444557245195,1.1883150961451736,2.650718801466391,7.198247058683592
6.154067989533415,1.1885169097189863,2.649184820678502,4.4387753361294315,3.1159136542794963,2.2457478734645817,2.581977000371733
4.438555858455578,3.1161883151077236,2.244213892676693,0.35238459224842633,9.039897328962649,0.9618059540042943,7.267281700146993
0.3524589707678775,9.040003917246056,0.9602719732164113,9.243949848581995,6.690458201874607,-0.6320000846088873,9.270049206049576
