x1,y1,theta1,x2,y2,theta,length
9.244270065068633,6.690314809184925,5.650949317280948,13.24591506816882,0.3611009264363848,4.150404964328359,7.5471930961653255
13.24591506816882,0.3611009264363848,4.150404964328359,6.154308712295454,1.1882974564336413,2.6496082070162763,7.198697908880804
6.154308712295454,1.1882974564336413,2.6496082070162763,4.438659667605579,3.1160452566859607,2.244977370572129,2.5824828665194572
4.438659667605579,3.1160452566859607,2.244977370572129,0.3523383781654869,9.040157760406986,0.9615120637330405,7.267746006227141
0.3523383781654869,9.040157760406986,0.9615120637330405,9.244270065068633,6.690314809184925,5.650949317280948,9.270765958874234
