TIME,LB,UB,OPEN,GAP,TREE
0.03092479705810547,0.0,33.90747265420524,1,100.0,1
0.030965805053710938,32.83214843829518,33.90747265420524,1,3.1713487669117155,1
0.16399478912353516,32.83214843829518,33.90747265420497,3,3.1713487669109446,4
0.1640629768371582,32.83214843829518,33.90747265420497,4,3.1713487669109446,4
0.43265485763549805,32.974379266235644,33.90747265420497,4,2.7518812666611803,8
0.5799689292907715,32.974379266235644,33.90747265420497,4,2.7518812666611803,8
0.7082979679107666,33.2464758505853,33.90747265420497,4,1.949413364896432,8
1.1424288749694824,33.326133763978525,33.90747265420497,4,1.7144860549031633,8
1.482968807220459,33.560679616166155,33.90747265420497,4,1.0227628628517416,8
1.6093618869781494,33.59240835144303,33.90747265420497,3,0.9291884003713103,8
2.913383960723877,33.59744946710137,33.90747265420497,4,0.9143211299328617,13
3.180206775665283,33.59744946710137,33.90747265420497,4,0.9143211299328617,13
3.5325918197631836,33.59744946710137,33.90747265420497,4,0.9143211299328617,13
4.738457918167114,33.59744946710137,33.90747265420497,4,0.9143211299328617,13
5.0432069301605225,33.65702819903943,33.90747265420497,4,0.7386113902372611,13
9.677832841873169,33.72055893623075,33.90747265420497,4,0.5512463871324285,13
10.130316972732544,33.77819744136176,33.90747265420497,4,0.38125876900819233,13
11.064592838287354,33.79659391610444,33.90747265420497,3,0.32700384139889876,13
23.212098836898804,33.81204558000217,33.90747265420497,3,0.2814337570245558,13
61.40530300140381,33.85932462578394,33.90747265420497,3,0.14199828135837503,13
235.5112748146057,33.883306412069594,33.90747265420497,3,0.07127113949727687,13
1040.2361469268799,33.89536499182977,33.90747265420497,3,0.03570794703184351,13
1042.071469783783,33.89904512287253,33.90747265420497,2,0.02485449569889686,13
