x1,y1,theta1,x2,y2,theta,length
1.388429135252447,3.8832111311189363,0.05210558248679398,15.570746466213972,4.408503686924672,-1.3744467859455316,14.299661916165645
15.570767722426506,4.408396269851813,4.905670559658281,4.810629578734832,0.39414812451340725,3.359417925469552,11.591662473555338
4.809886133406902,0.3939839514829836,3.3563499638937833,2.083838860034811,0.2221455250655475,2.3500585670408025,2.7580403897126384
2.083499793156361,0.22248985720059955,2.346990605465031,2.119706148595794,1.5798244956050778,1.8898643306751106,1.3842488679195142
2.1194864962204036,1.580485361503696,1.8929322922508809,0.37482788823145224,3.6853350918865098,1.1903690913992575,2.7890267627083722
0.3749485500142384,3.6856348222617332,1.1873011298234863,1.3876631864322553,3.883171178549713,0.05212173257088404,1.0787729925357061
