x1,y1,theta1,x2,y2,theta,length
15.571154282513193,4.40839641754387,4.9077231302574145,4.810006693500893,0.39396350322812435,-2.924232059164022,11.59311619214845
4.810006693500893,0.39396350322812435,-2.924232059164022,2.083490205762499,0.22207557128950056,2.3483373246038917,2.758675835165219
2.083490205762499,0.22207557128950056,2.3483373246038917,2.1197666361013208,1.5801510103689882,1.891627947329074,1.3851576889274757
2.1197666361013208,1.5801510103689882,1.891627947329074,0.3745090330050743,3.6854734155695024,1.1882259246694513,2.790120809947674
0.3745090330050743,3.6854734155695024,1.1882259246694513,15.571154282513193,4.40839641754387,4.9077231302574145,15.380402128016152
