x1,y1,theta1,x2,y2,theta,length
13.487789598481937,8.123874488425804,2.2886993355253766,11.067733727015865,9.006445012644221,2.87774795807346,2.5814200408220502
11.066995233161695,9.006644263775097,2.8808159196492342,7.2907479164424425,9.731740669987591,3.025010113710484,3.8452631710244995
7.28998807873198,9.731827421673565,3.0280780752862553,3.0474786683765376,9.793464065219082,4.025165587411922,4.273061356362584
3.0471844460864213,9.79310547301546,4.028233548987695,3.3969566254110486,7.761767083863737,4.427068553837958,2.0937552476445838
3.396768785804981,7.761128677254838,4.424000592262188,1.7881552562307237,6.148925196725248,4.285942321352483,2.284889561889962
1.7878613160314958,6.14827670095234,4.289010282928253,1.7309776748782022,4.495163808493345,5.200194870932322,1.662452901344457
1.7312873708575776,4.494580013108527,5.203262832508095,3.1536272063388227,3.5817666787813907,5.804583301359265,1.695825023389602
3.154306847099115,3.5814157683415346,5.807651262935037,6.473697725845389,2.250089268197048,6.682020312029853,3.5964058394160587
6.474188029979961,2.2502970527937176,0.40190296642603796,7.435853637599016,4.527806704513375,1.0001554737014375,2.4920637062739783
7.43625980802107,4.528438328006153,0.9970875121256668,9.379981482206095,6.515139884197768,0.8314175870340175,2.77973824456708
9.380496568016438,6.5157073790454545,0.8344855486097889,9.938016117398584,6.965640309197204,-0.23316507975861966,0.7560359383935218
9.938348635941514,6.965560499297864,6.0469522658451975,10.274516626360867,6.149741232065726,5.157243408871526,0.9242141914182443
10.27484028519008,6.14906644734009,5.160311370447297,14.799606679412719,0.7117618526313368,6.712699927787568,7.161935895205796
14.799769427385923,0.711836898609825,0.4325825821837508,13.48822624456395,8.123371420550363,2.2856313739496015,7.621307666686111
