x1,y1,theta1,x2,y2,theta,length
13.487918661094163,8.12401489305376,2.285747912877788,11.067103889291918,9.006643745221943,2.8781721278710735,2.5822522636306067
11.067103889291918,9.006643745221943,2.8781721278710735,7.29071541594134,9.731773169505992,3.027929673090126,3.8454117823615253
7.29071541594134,9.731773169505992,3.027929673090126,3.046907961510727,9.793249144906843,4.025514756585813,4.274387049323791
3.046907961510727,9.793249144906843,4.025514756585813,3.3969877079275546,7.761198464212343,4.426350384164454,2.0948111390150554
3.3969877079275546,7.761198464212343,4.426350384164454,1.7878150208735635,6.14851911110378,4.286858944460377,2.2857164045316267
1.7878150208735635,6.14851911110378,4.286858944460377,1.731114460641506,4.494491900562994,5.200420168364518,1.6634043372523357
1.731114460641506,4.494491900562994,5.200420168364518,3.153833419358642,3.5816286144287126,5.8066607860282025,1.696273420474858
3.153833419358642,3.5816286144287126,5.8066607860282025,6.473949414362155,2.2498965203556156,0.40080782331195086,3.597382998063557
6.473949414362155,2.2498965203556156,0.40080782331195086,7.436084515848946,4.528309335956034,0.9993101311183572,2.493163145816661
7.436084515848946,4.528309335956034,0.9993101311183572,9.380019232637196,6.515159539223048,0.8343250149243985,2.7800056158668753
9.380019232637196,6.515159539223048,0.8343250149243985,9.93814156717677,6.965962836876988,6.047989118677482,0.757371298156815
9.93814156717677,6.965962836876988,6.047989118677482,10.274542422733433,6.149494218020765,5.159338689467843,0.9250554733725497
10.274542422733433,6.149494218020765,5.159338689467843,14.799626779352227,0.7113609732531582,0.4320055988344092,7.163265793303742
14.799626779352227,0.7113609732531582,0.4320055988344092,13.487918661094163,8.12401489305376,2.285747912877788,7.622552080854254
