x1,y1,theta1,x2,y2,theta,length
2.840489123383322,4.683330906522055,3.9239228554114702,2.467073175232623,3.7178794127727905,4.78908801977897,1.0485770804418646
2.467178665005078,3.7165052994523045,4.7921559813547425,3.357229426627253,2.182550996560251,5.6481172609949315,1.7865069990717228
3.35836481339493,2.1817149573365437,5.651185222570702,6.600174856214543,1.4966273532626757,6.734175658817965,3.343710038739472
6.601244347583101,1.4971484006294198,0.4540583132141498,7.714989699010258,3.278084873101992,0.3436116964863838,2.1503671961714246
7.7160029213995935,3.2784468862479947,0.3405437349106123,8.46721918330434,3.080110904440226,-0.45026614991891256,0.8026037680811278
8.468600142616731,3.0794430373136152,-0.45065865218636986,13.28160320897723,0.8459967009277157,6.427379501240836,5.322504407576194
13.282857397270021,0.8461826630931739,0.14726215563702155,15.23858675733162,2.8701756895157438,1.788621598674658,2.917019991194753
15.238420048331857,2.8709295329406004,1.791689560250429,13.802208745567205,3.6016461552128876,2.620039185708675,1.6802248837244056
13.80091125557285,3.602396472063181,2.6169712241329037,12.962378008190488,4.265137587229288,2.9114955354069467,1.0778451076138804
12.961073880006891,4.26544213457689,2.9145634969827183,12.092141630231657,4.382126839301552,2.285631373949605,0.9280798790712804
12.091816701839077,4.382561697850222,2.2825634123738343,12.001193348352963,4.536448109089009,1.9234613325195156,0.17955103992715937
12.0019287479584,4.537790490385279,1.9205439464328227,12.247038986270644,5.401353870167809,1.000155473701438,0.9256900324820567
12.247863017848994,5.402630338503512,0.9970875121256668,14.779666091752135,8.925982757568917,2.1843886419491527,4.499501910377078
14.779451243854197,8.926287823216626,2.187456603524924,2.84148787904699,4.684319581708383,3.920854893835696,12.846944056600211
