x1,y1,theta1,x2,y2,theta,length
9.370724103306909,7.2671569385863855,0.10045745598910405,15.729443001107558,9.839864686353655,5.334066566699765,6.95389789691557
15.729443001107558,9.839864686353655,5.334066566699765,13.825362995343182,7.473096348725242,3.886417031265382,3.1275843287358067
13.825362995343182,7.473096348725242,3.886417031265382,13.525577965988951,7.2054654277207915,4.264533209254607,0.40503247636746936
13.525577965988951,7.2054654277207915,4.264533209254607,13.568254638627652,2.104719274536083,4.674132656184128,5.104911564140772
13.568254638627652,2.104719274536083,4.674132656184128,13.334465286301208,0.37301501765337675,3.813493610434441,1.7670565802415132
13.334465286301208,0.37301501765337675,3.813493610434441,10.919749165051016,0.6649236282154576,2.453754267996673,2.4601592933733603
10.919749165051016,0.6649236282154576,2.453754267996673,9.720219548332507,3.708545287978009,2.8543064236367677,3.3095525780500283
9.720219548332507,3.708545287978009,2.8543064236367677,8.568548076004042,2.9047448262524065,4.2827071250652295,1.441094441737556
8.568548076004042,2.9047448262524065,4.2827071250652295,8.474569051181055,1.6638812588542211,3.7143498911725468,1.2845637582071132
8.474569051181055,1.6638812588542211,3.7143498911725468,7.410099784742174,2.030326283128776,3.1935958370282296,1.165593994144213
7.410099784742174,2.030326283128776,3.1935958370282296,6.06321968929572,1.2685877214818284,2.99840061288549,1.5654743048332243
6.06321968929572,1.2685877214818284,2.99840061288549,4.417377235619879,3.0966698237936607,2.23575826540828,2.4741781021602263
4.417377235619879,3.0966698237936607,2.23575826540828,0.34142438981252754,9.05590560364519,0.989266001961944,7.285618474193781
0.34142438981252754,9.05590560364519,0.989266001961944,9.370724103306909,7.2671569385863855,0.10045745598910405,9.272013589344988
