TIME,LB,UB,OPEN,GAP,TREE
0.021613121032714844,0.0,29.812595169276378,1,100.0,1
0.02164316177368164,26.98947971353775,29.812595169276378,1,9.469539433615,1
0.1462850570678711,26.98947971353775,29.812595169276378,3,9.469539433615,4
0.19086408615112305,26.98947971353775,29.812595169132475,2,9.469539433178017,5
0.36999011039733887,26.98947971353775,29.812595169132475,4,9.469539433178017,8
0.463482141494751,26.98947971353775,29.812595169132475,4,9.469539433178017,8
1.154388189315796,27.76311661014982,29.812595169132475,5,6.87453925884539,13
1.2753431797027588,27.76311661014982,29.812595169132475,5,6.87453925884539,13
1.6723341941833496,27.76311661014982,29.812595169132475,5,6.87453925884539,13
1.789708137512207,27.848433935545803,29.812595169132475,5,6.588360464574168,13
2.10942006111145,27.905907030322357,29.812595169132475,4,6.395579210709824,13
2.447301149368286,28.228169377140333,29.812595169132475,4,5.314618814643262,13
2.5711240768432617,28.58895114830868,29.812595169132475,3,4.104453214763193,13
3.5067310333251953,28.614708542411798,29.812595169132475,3,4.0180555229252635,13
6.492570161819458,29.195310896344196,29.812595169132475,3,2.0705486029857805,13
7.410205125808716,29.282434146833964,29.812595169132475,2,1.7783122176744683,13
15.792540073394775,29.49822982169161,29.812595169132475,2,1.0544715938260725,13
41.45905900001526,29.653900604134016,29.812595169132475,2,0.5323071141514351,13
120.99053502082825,29.733093701730077,29.812595169132475,2,0.26667073748988085,13
423.34650015830994,29.772754388595395,29.812595169132475,2,0.13363741167468285,13
1849.341688156128,29.79265134554251,29.812595169132475,2,0.06689730792244195,13
