x1,y1,theta1,x2,y2,theta,length
7.7517480532371925,8.23298465453806,2.768835322133582,1.515234292096391,9.35547939220186,4.2092432819582,6.678026478790152
1.5150565866842924,9.355155844854258,4.2107772627460855,2.7871999169436084,7.2331959661519,5.542272586630822,2.732026965053457
2.78778268086273,7.232662135950963,5.540738605842936,9.163990120038696,1.2893633469842287,6.2785833648159315,8.78818574583287
9.164845632411591,1.2893596948245747,6.280117345603815,12.613323312172865,4.35421846975216,7.419865071002846,4.69219326708628
12.613865066262907,4.355390718824679,1.1382137446111458,12.602851853725262,5.747814712831497,2.098485717827557,1.4310916005633236
12.602195025393332,5.748936802893287,2.1000196986154425,7.752771727770297,8.23258380524667,2.767301341345697,5.481094169823892
