x1,y1,theta1,x2,y2,theta,length
7.752423428499974,8.232760410778027,2.768291231705239,1.5144362413731072,9.355941576190512,4.210178155541923,6.6803904156106615
1.5144362413731072,9.355941576190512,4.210178155541923,2.787586559568101,7.232864025837117,-0.7414582276959177,2.733999003515015
2.787586559568101,7.232864025837117,-0.7414582276959177,9.164696914302366,1.288938156507969,-0.004193698742907774,8.789386591711606
9.164696914302366,1.288938156507969,-0.004193698742907774,12.613749689992657,4.3545572614582095,1.1376239039785263,4.693521731086348
12.613749689992657,4.3545572614582095,1.1376239039785263,12.602534989745125,5.749234855612675,2.1000702654561514,1.4336394979768903
12.602534989745125,5.749234855612675,2.1000702654561514,7.752423428499974,8.232760410778027,2.768291231705239,5.481657929231954
