x1,y1,theta1,x2,y2,theta,length
6.800202391216678,1.660410436995874,0.0337475773334841,7.897003753457444,3.1013519759005517,0.5000777368507197,1.895007101593345
7.8986148800789895,3.1022264117290868,0.4970097752749478,8.68082552697316,3.09088565498655,-0.29145634969827167,0.7975756027769496
8.68194256096237,3.0905497613182638,5.988660995905542,13.274766548506976,0.9288232768443494,6.418175616513521,5.092736632774876
13.276233008511813,0.929026171592854,0.13805827090970768,15.15494751214604,2.848055509439696,1.791689560250429,2.7909601022487522
15.154753475834466,2.8489125397286537,1.7947575218262002,14.191416977993146,3.541935455394955,2.0984857178275567,1.2488983352353562
14.190615707347463,3.543355510265043,2.095417756251786,14.123390627479543,3.7895428803264006,1.5793070720258786,0.25805534211295367
14.1239223680438,3.791677534943362,1.576932249946439,14.922949900015611,8.75780345303156,2.6108353009813614,5.17608286529496
14.922543055000085,8.758040724104687,2.6139032625571326,11.648022117207963,6.275741834800307,3.433049003288063,4.256092304102481
11.646363871488914,6.275244514297324,3.429981041712294,3.631236028910226,7.268136918627941,4.101864626806201,8.188485117286621
3.6307809839578855,7.267484715941518,4.104932588381976,6.799328221396622,1.6603811303242262,6.313864922937299,6.651840632005215
