x1,y1,theta1,x2,y2,theta,length
6.799062895821639,1.659540382191802,0.033405802410233644,7.898315815796549,3.102811782811653,0.4967434863701172,1.8985754102251295
7.898315815796549,3.102811782811653,0.4967434863701172,8.681536967695253,3.090773155181431,5.990533058421733,0.7986492636414946
8.681536967695253,3.090773155181431,5.990533058421733,13.2755047527755,0.9284198182422054,0.13663467312207508,5.094193163677256
13.2755047527755,0.9284198182422054,0.13663467312207508,15.155992723652354,2.846999358661736,1.7961239374304567,2.793237068366647
15.155992723652354,2.846999358661736,1.7961239374304567,14.192025757187668,3.539342458597614,2.0924062583881864,1.2498028655148898
14.192025757187668,3.539342458597614,2.0924062583881864,14.125626517794089,3.79805477999096,1.5516570719227363,0.27037459323272506
14.125626517794089,3.79805477999096,1.5516570719227363,14.923707218023848,8.758256586108104,2.613623270899778,5.170764515228111
14.923707218023848,8.758256586108104,2.613623270899778,11.646563856773339,6.274862589539517,3.432761871631073,4.258874054769633
11.646563856773339,6.274862589539517,3.432761871631073,3.6302023833664094,7.268113343408985,4.103044842599834,8.19023805948759
3.6302023833664094,7.268113343408985,4.103044842599834,6.799062895821639,1.659540382191802,0.033405802410233644,6.654537646296947
