x1,y1,theta1,x2,y2,theta,length
6.84300382270335,1.7488363604701336,2.902291650679633,0.48774277351397344,0.9032315333275125,2.138369218312583,6.689691155034515
0.48747336011079,0.9036562004527517,2.1353012567368124,2.2001338790381166,3.949549803589636,0.570640853093459,3.748487924973132
2.201876696397239,3.950663776977968,0.5675728915176872,8.940788456283148,5.872217010305052,0.5062136600022632,7.0138914789492945
8.942415395871434,5.873125542027173,0.5092816215780329,12.410516665108588,7.909408133262324,-0.6688156235181397,4.358242842603717
12.410795513531358,7.909186602864475,5.611301722085676,8.774509610093277,0.6477756477383854,3.2949907323783574,8.654537443832082
8.773542711272674,0.6476281066632503,3.291922770802586,6.84455094971763,1.7484542629464555,2.899223689103862,2.3001204194175164
