x1,y1,theta1,x2,y2,theta,length
6.844826210759882,1.7488358381117175,2.89933028756822,0.48705775107677235,0.9028206230883171,2.1364113315100197,6.693953007906051
0.48705775107677235,0.9028206230883171,2.1364113315100197,2.200532910539968,3.950185382594364,0.5686034405352601,3.7510056779808676
2.200532910539968,3.950185382594364,0.5686034405352601,8.940715595232778,5.871914629021035,0.5095755678865241,7.015306945017864
8.940715595232778,5.871914629021035,0.5095755678865241,12.411089760555248,7.910474577988791,5.612336110130822,4.363180856632118
12.411089760555248,7.910474577988791,5.612336110130822,8.77450730474776,0.6471573243931591,3.2926856400078046,8.658082683945885
8.77450730474776,0.6471573243931591,3.2926856400078046,6.844826210759882,1.7488358381117175,2.89933028756822,2.301504506114123
