TIME,LB,UB,OPEN,GAP,TREE
0.026948928833007812,0.0,32.47060631497623,1,100.0,1
0.027004003524780273,28.75544970810817,32.47060631497623,1,11.441599121463094,1
0.11351299285888672,28.75544970810817,32.470606314976216,1,11.441599121463055,3
0.15941095352172852,28.75544970810817,32.470606314976216,2,11.441599121463055,4
0.37962913513183594,29.02525065297766,32.47060631497613,2,10.610690877088423,7
0.43955302238464355,29.02525065297766,32.47060631497613,4,10.610690877088423,8
0.9519839286804199,29.02525065297766,32.47060631497613,5,10.610690877088423,13
1.1087429523468018,29.02525065297766,32.47060631497613,5,10.610690877088423,13
1.5146100521087646,29.95301043020338,32.47060631497613,5,7.753461270021253,13
2.795300006866455,31.127788712488154,32.47060631497613,5,4.135486690523054,13
5.584073066711426,31.78527173776897,32.47060631497613,5,2.110630674891557,13
5.745618104934692,31.83645748080583,32.47060631497613,4,1.9529935105579401,13
6.031146049499512,32.025689605016325,32.47060631497613,3,1.3702137423735161,13
6.127037048339844,32.062596956314245,32.47060631497613,2,1.2565498614471613,13
15.506446123123169,32.12337168903538,32.47060631497613,2,1.0693814047463543,13
44.34068512916565,32.29535026540292,32.47060631497556,1,0.5397375333019787,13
44.34076404571533,32.29535026540292,32.47060631497556,2,0.5397375333019787,13
140.8309829235077,32.382672149209284,32.47060631497556,2,0.2708115916077681,13
524.4898099899292,32.426582607049866,32.47060631497556,2,0.13558018442480418,13
2235.3391880989075,32.448572907046085,32.47060631497556,2,0.06785647214513327,13
