x1,y1,theta1,x2,y2,theta,length
12.686700139352537,1.1387429629368941,3.838019931289874,6.505578639997689,1.9416749854516309,2.692136282739299,6.336229797594962
6.504076608684711,1.9424008422302625,2.6906023019514143,4.739668911536475,3.4428663350976922,2.346990605465031,2.3191789601618
4.7389497680071795,3.443600570403721,2.345456624677145,1.4251878837547214,8.42686833811284,1.0369710126106937,6.236340250770945
1.4255748263804846,8.427522487745856,1.0354370318228079,9.513140612896978,7.504569125095673,-0.17794177139473533,8.400929648716128
9.5140497091147,7.504405631576737,6.106777516572738,12.783632868542476,6.736442649517086,5.421088104387856,3.4064498937950405
12.78425146823085,6.73571971714253,5.41955412359997,12.687582390934717,1.1394818384896828,3.8395539120777595,5.760454940137484
