x1,y1,theta1,x2,y2,theta,length
12.687607492325519,1.138598000971531,3.838764027999619,6.504719913613855,1.9418352034519117,2.691377078031453,6.33831812713774
6.504719913613855,1.9418352034519117,2.691377078031453,4.739488268629572,3.4429945569669527,2.3457831711635473,2.3202871870927924
4.739488268629572,3.4429945569669527,2.3457831711635473,1.424698398018966,8.428159855826634,1.0365273029049566,6.238751897681096
1.424698398018966,8.428159855826634,1.0365273029049566,9.513139862354944,7.504561307489035,6.105242470090471,8.402641747606257
9.513139862354944,7.504561307489035,6.105242470090471,12.78423350334207,6.736360163761006,5.420293363551842,3.408167353692017
12.78423350334207,6.736360163761006,5.420293363551842,12.687607492325519,1.138598000971531,3.838764027999619,5.762440001765656
