x1,y1,theta1,x2,y2,theta,length
10.68463861897604,1.6395714497681562,2.978990690073915,9.42114248844798,3.5367046854617854,2.5464081078901653,2.340129711596285
9.420031012410787,3.537456531622785,2.549476069465936,3.0335609288187557,4.197314217451294,2.7151459945575818,6.433506092844144
3.032245896305484,4.19791579207723,2.7120780329818133,1.2707233115472043,5.863278239317824,2.3930100291016005,2.427205296524532
1.2695988191419911,5.86432108726073,2.3960779906773713,0.5653271545707518,6.909093940847415,1.227184630308513,1.3506038270810743
0.5655203220418881,6.909628144792399,1.2241166687327416,7.840899132654107,7.445215702260894,-0.2147573103039897,7.4215203049719864
7.84235197256449,7.444897993544977,6.065360035299825,11.225768823235741,5.772858079278898,5.83526291711698,3.775214349629987
11.227152919053854,5.772197284275485,5.83833087869275,11.978937515760919,5.46884301228021,6.2371658835430175,0.8144908611022749
11.980357899911132,5.468782067384455,6.240233845118788,14.867124638960993,6.042670999709547,5.2738259487508365,3.1044364792687675
14.867302332236704,6.042388482541316,5.270757987175063,10.685530981147448,1.6394275343108213,2.9820586516496848,6.322329200381631
