x1,y1,theta1,x2,y2,theta,length
10.684643211158194,1.6389438952315474,2.98121975524947,9.420276374604022,3.537738171771191,2.546691425034317,2.34247934087519
9.420276374604022,3.537738171771191,2.546691425034317,3.033217754296192,4.197190776580295,2.7126871858689166,6.434299937598263
3.033217754296192,4.197190776580295,2.7126871858689166,1.270284264603913,5.863707196690548,2.394850688898146,2.429039293005342
1.270284264603913,5.863707196690548,2.394850688898146,0.5646142131255935,6.909214025398248,1.2248236347127561,1.3528793011493874
0.5646142131255935,6.909214025398248,1.2248236347127561,7.842124971937165,7.445139245083753,6.067834760607394,7.423893894737664
7.842124971937165,7.445139245083753,6.067834760607394,11.226280932003103,5.772599498403889,5.837184205819935,3.7761363947056883
11.226280932003103,5.772599498403889,5.837184205819935,11.979154019967186,5.468546538449427,6.239663195078444,0.8158620792273028
11.979154019967186,5.468546538449427,6.239663195078444,14.86817607491318,6.0424032170047735,5.273531120634172,3.106686622113403
14.86817607491318,6.0424032170047735,5.273531120634172,10.684643211158194,1.6389438952315474,2.98121975524947,6.325186554009049
