TIME,LB,UB,OPEN,GAP,TREE
0.023166179656982422,0.0,29.777997491976606,1,100.0,1
0.023202180862426758,27.80896332452459,29.777997491976606,1,6.612379385089789,1
0.14514613151550293,27.80896332452459,29.777997491976606,2,6.612379385089789,4
0.34244418144226074,28.464974524564088,29.777997491976606,2,4.40937295318901,8
0.652778148651123,28.71524721808387,29.777997491976606,2,3.5689111538782394,13
0.9534561634063721,28.71524721808387,29.77799749197211,2,3.568911153863674,17
1.1027190685272217,28.71524721808387,29.77799749197211,3,3.568911153863674,19
1.7527451515197754,28.71524721808387,29.77799749197211,4,3.568911153863674,26
1.9401471614837646,28.71524721808387,29.77799749197211,4,3.568911153863674,26
2.6119401454925537,28.71524721808387,29.77799749197211,5,3.568911153863674,33
2.773463010787964,28.71524721808387,29.77799749197211,5,3.568911153863674,33
2.9881069660186768,28.71524721808387,29.77799749197211,5,3.568911153863674,33
3.1579360961914062,28.71524721808387,29.77799749197211,5,3.568911153863674,33
3.612290143966675,28.95051987625194,29.77799749197211,5,2.7788222359252024,33
4.021180152893066,28.99192450519387,29.77799749197211,5,2.6397778661582443,33
5.54212212562561,29.33628466531167,29.77799749197211,5,1.4833530252647802,33
6.125377178192139,29.37327108187306,29.77799749197211,5,1.3591458264047438,33
7.591093063354492,29.374024661857444,29.77799749197211,5,1.35661516602509,33
8.266232013702393,29.414675710814993,29.77799749197211,4,1.2201014566377857,33
12.625416040420532,29.552096756482705,29.77799749197211,4,0.7586162754910054,33
16.175522089004517,29.59018171106749,29.77799749197211,4,0.6307199836229802,33
29.880468130111694,29.66294934221135,29.77799749197211,4,0.38635287611860414,33
43.136542081832886,29.703694891413853,29.77799749197211,4,0.24952181750396862,33
88.20307302474976,29.71996537694948,29.77799749197211,4,0.19488253042627127,33
221.99491000175476,29.748868917596564,29.77799749197211,4,0.09781911756624104,33
258.8156909942627,29.762333051648625,29.77799749197211,3,0.05260407563573263,33
778.5493950843811,29.76341439217095,29.777997491972094,2,0.04897273500367124,33
778.5494940280914,29.76341439217095,29.777997491972094,3,0.04897273500367124,33
2984.171683073044,29.770700567674268,29.777997491972094,3,0.024504415717656016,33
