x1,y1,theta1,x2,y2,theta,length
12.721738126297865,8.350528998737166,5.49011723984271,12.269836984619463,6.774374482608215,4.354971456807336,1.6918806968270117
12.269703007358688,6.7740151821861145,4.356505437595221,10.919720446943789,3.022741655535248,4.216913185897627,3.9869330544789956
10.919539828620907,3.0224083717677637,4.215379205109742,8.827905840078586,0.391562068692661,3.236699462438703,3.383023488389817
8.827647874069704,0.39153794241316,3.2351654816508173,8.534421074926374,0.547309152093608,2.4420974143139382,0.3448860742104636
8.534127639911482,0.5475556525340006,2.4436313951018267,6.922657908850497,1.7778937154171817,2.8777479580734626,2.029964639263744
6.922316644852841,1.7779855201672776,2.8792819388613484,3.488123788065851,1.376092689992777,2.647650839890617,3.469794689140544
3.487850983242922,1.3762396202571305,2.6461168591027313,2.0522215788011637,4.45122828479181,1.187301129823489,3.426624098781507
2.0523184611736425,4.451468085551246,1.1857671490356005,12.721627593031993,8.350640966866496,-0.7915340865489883,11.441240502299355
