x1,y1,theta1,x2,y2,theta,length
12.721864993301518,8.350649256048468,5.491213081625783,12.269735416945279,6.774108554730557,4.355366321238698,1.692484726950975
12.269735416945279,6.774108554730557,4.355366321238698,10.919693640863507,3.022631488165172,4.215826615548362,3.987147753891496
10.919693640863507,3.022631488165172,4.215826615548362,8.827956547804865,0.39142502600889684,3.2352635135707377,3.383490263261026
8.827956547804865,0.39142502600889684,3.2352635135707377,8.534348298473258,0.5473794890636663,2.4432271204128733,0.34530002338923554
8.534348298473258,0.5473794890636663,2.4432271204128733,6.922566161574978,1.777995421165465,2.878761888076066,2.03040176079728
6.922566161574978,1.777995421165465,2.878761888076066,3.487797427295112,1.3761402872173591,2.6475036945424284,3.470377389961023
3.487797427295112,1.3761402872173591,2.6475036945424284,2.0521624382859027,4.4514596265570345,1.1867862265043174,3.427033069328798
2.0521624382859027,4.4514596265570345,1.1867862265043174,12.721864993301518,8.350649256048468,5.491213081625783,11.441762504392262
