x1,y1,theta1,x2,y2,theta,length
12.953009434110443,5.911955479238591,1.3775147475213059,13.083751759587546,7.774085479613113,2.2825634123738343,1.9833113695683156
13.083003814290688,7.77495125557601,2.2856313739496055,9.955696968173337,7.654347855777331,3.1047771146805383,3.276990053818773
9.95349027727457,7.6544286374759585,3.1017091531047667,8.774152240624764,7.955071319479894,3.04034992158934,1.219781491068415
8.770851973362314,7.955404990131712,3.043417883165112,3.437478955314813,7.0875002515695,4.172427743048944,5.523694415081064
3.4369523386575946,7.086621024747999,4.175495704624716,4.888612358333481,2.7596302107135,5.424156065963626,4.686942370919577
4.891148661720611,2.7566966626891563,5.427224027539397,7.739435101664265,1.3594005210420221,6.583845541605172,3.262281310720444
7.740560209513588,1.3597490243488657,0.3037281960013569,9.257713254772638,3.1360958271546497,0.32520392703175527,2.4289674138285924
9.258990832206829,3.1365233294568293,0.32213596545598466,12.387920253807234,2.3299002003642775,0.5215534678811182,3.3907860575482744
12.389247071924673,2.3306681996928496,0.5246214294568893,12.95236929347186,5.9086300010763315,1.380582709097077,3.7601847591982605
