x1,y1,theta1,x2,y2,theta,length
12.95203548521641,5.908439413665089,1.3803816904879014,13.083853721247184,7.7755826762624505,2.2834662585132013,1.9888951718862664
13.083853721247184,7.7755826762624505,2.2834662585132013,9.953295617852172,7.654152068450889,3.1049759098849727,3.281470033424714
9.953295617852172,7.654152068450889,3.1049759098849727,8.770887323965995,7.955718303224728,3.0403806295514015,1.2230913146786186
8.770887323965995,7.955718303224728,3.0403806295514015,3.4363675461101906,7.0870167982273795,4.173129326175168,5.525249858782052
3.4363675461101906,7.0870167982273795,4.173129326175168,4.889738588973136,2.7573819778429343,5.425314455659143,4.691074748039089
4.889738588973136,2.7573819778429343,5.425314455659143,7.738832152545806,1.3585144828839364,0.3015830807909513,3.264193079091401
7.738832152545806,1.3585144828839364,0.3015830807909513,9.257884072910253,3.1369228188530265,0.32328529587277277,2.4329687675719622
9.257884072910253,3.1369228188530265,0.32328529587277277,12.388636524989685,2.328848880371857,0.5237834639323887,3.3945305304443023
12.388636524989685,2.328848880371857,0.5237834639323887,12.95203548521641,5.908439413665089,1.3803816904879014,3.76222674669649
