x1,y1,theta1,x2,y2,theta,length
7.7324921135408635,1.1162218264455326,0.28225246497095796,11.54007602644316,3.5804172808361736,1.31615551600588,4.572064366270481
11.540350946370397,3.581482554143226,1.3192234775816514,8.178782805487705,9.40839803622593,2.948311074316199,6.81481530269012
8.177801885568517,9.408587522611137,2.951379035891973,6.694248839823289,8.517304677125173,3.3624858870453265,1.7749041605002143
6.6929016652421165,8.517004804608815,3.3594179254695544,2.723337884958565,9.151439189326116,3.951534509593413,4.105872514611909
2.7228044980058557,9.150879190076214,3.954602471169183,3.155808574613488,6.7869005321764275,5.151107485719981,2.4801645511155748
3.1564528050649217,6.7855294531274515,5.154175447295755,7.055438331672993,1.1478567781703304,5.804583301359266,6.864677109700301
7.056636524555859,1.1472342324700437,5.807651262935037,7.731070221897663,1.1158110564746118,6.562369810574772,0.6851361896598254
