x1,y1,theta1,x2,y2,theta,length
7.731518786827901,1.1157314628308992,0.28138058378296926,11.54068484451024,3.580640061285776,1.3180539867800385,4.574069566786461
11.54068484451024,3.580640061285776,1.3180539867800385,8.178873453356031,9.408972487547796,2.9508037735778028,6.81676534599357
8.178873453356031,9.408972487547796,2.9508037735778028,6.693740497201997,8.516849182854624,3.360762381870613,1.776850521424257
6.693740497201997,8.516849182854624,3.360762381870613,2.7221575813302805,9.151158527761233,3.9518069301492926,4.107943263966895
2.7221575813302805,9.151158527761233,3.9518069301492926,3.1561372936044685,6.785919130227182,5.152100094799354,2.482344353308208
3.1561372936044685,6.785919130227182,5.152100094799354,7.055339841534675,1.147498700347325,5.804243960113888,6.865409797922178
7.055339841534675,1.147498700347325,5.804243960113888,7.731518786827901,1.1157314628308992,0.28138058378296926,0.6871168261797365
