x1,y1,theta1,x2,y2,theta,length
1.2847393526069657,4.34483954361564,-0.25644581411226886,4.622262122679709,3.4343552505433874,5.497787143782139,3.4653975803611132
4.659237702578163,3.328085292118603,4.71238898038469,3.478678785321745,1.5908527914010906,4.712388980384691,2.1198731406692812
3.5317877090049614,1.447069913757741,5.497787143782138,6.945487882810566,0.655194155866956,6.283185307179587,3.512090024390692
7.049482220015218,0.6807516864251887,0.7004395806502759,9.448889090005258,2.7035478936969515,0.7004395806502758,3.1382889962379865
9.55358549774831,2.7675622629650096,0.39712135826828643,10.203872804936342,3.019198154627822,-8.881784197001252e-16,0.6995938060422076
10.315135001208597,2.95609438368462,5.497787143782138,10.782895184483188,0.3877221246764736,5.497787143782139,2.630460657053525
10.911062180691953,0.2738513551999964,-0.02383102930144368,13.616061712603512,0.20944723265165904,6.283185307179589,2.705766694522363
13.69849887305679,0.27435701382804545,0.7853981633974483,15.35784358994816,8.301481006689984,2.356194490192341,8.243629642942862
15.279136613069912,8.355443856441784,3.141592653589793,10.414231537413333,5.205194342334545,-2.5598490902776967,5.803726148426023
10.17041905113795,5.144820050183673,3.141592653589793,7.114934365054479,5.495999811105916,2.356194490192346,3.0884455779431743
7.02958236949915,5.610538077440171,1.5707963267948966,7.4423641540136325,7.763255723668807,1.5707963267948946,2.192520385259115
7.3934821358045495,7.8672037370492705,2.356194490192345,6.223108605740722,8.480578669120785,3.1415926535897913,1.327277677650212
6.134421534780424,8.462880164333212,3.9269908169872414,3.9990675375550686,5.966749002497948,3.1415926535897913,3.311975678852284
3.9428111310898832,5.986331105686176,2.356194490192345,3.7671817464430153,9.591284794705501,2.3561944901923444,3.644230281545523
3.7248580243370126,9.615967214201202,3.141592653589793,0.34845525282861706,7.770169132114184,3.9269908169872405,3.8541669732796593
0.3147825490074127,7.691409687511511,4.71238898038469,1.1977236656971348,4.431819737715582,5.497787143782139,3.383727851807209
