TIME,LB,UB,OPEN,GAP,TREE
0.016952991485595703,0.0,31.990027817599263,1,100.0,1
0.01700115203857422,28.506290343869672,31.990027817599263,1,10.890073286566565,1
0.1161031723022461,28.506290343869672,31.990027817599263,2,10.890073286566565,4
0.31044816970825195,28.75765903471921,31.990027817599263,3,10.104301256974116,8
0.3992960453033447,28.75765903471921,31.990027817599263,3,10.104301256974116,8
0.6932210922241211,29.778659004976106,31.990027817599263,3,6.912681743298064,8
1.526447057723999,30.829538006727923,31.990027817599263,3,3.62766114955642,8
1.622676134109497,31.095046066856263,31.990027817599263,2,2.797689817108027,8
3.7029950618743896,31.390056269933893,31.990027817599263,2,1.8754955484449303,8
10.658355951309204,31.685939948730706,31.990027817504775,1,0.9505708169708856,8
10.658422946929932,31.685939948730706,31.990027817504775,2,0.9505708169708856,8
31.317574977874756,31.837302447952254,31.99002781749902,1,0.47741555717942186,8
31.317641019821167,31.837302447952254,31.99002781749902,2,0.47741555717942186,8
107.38266396522522,31.913349774590696,31.9900278174933,1,0.23969357994954033,8
107.38273215293884,31.913349774590696,31.9900278174933,2,0.23969357994954033,8
462.91429114341736,31.95159316454181,31.99002781749223,1,0.12014573156890222,8
462.9143590927124,31.95159316454181,31.99002781749223,2,0.12014573156890222,8
2701.7639169692993,31.970800350212496,31.990027817489334,1,0.06010456566820036,8
2701.76398396492,31.970800350212496,31.990027817489334,2,0.06010456566820036,8
