x1,y1,theta1,x2,y2,theta,length
1.2718927568975764,9.390803903989724,4.111068511533519,5.212929574000081,4.135242379479764,5.592893952631048,6.907996519956098
5.214104558970577,4.134272606156274,5.594427933418934,9.417855424217892,1.4718840435116984,6.023942554026913,4.981129693547673
9.419265743684592,1.4715099722798881,6.025476534814798,12.727143808896336,1.898491822616412,7.125340759728803,3.410227384785511
12.727863143483471,1.8992991843686995,0.8436894333371027,12.567965495189839,6.460974273616338,2.2365439887372656,4.678219094781264
12.567185823723339,6.461965148171558,2.2380779695251505,1.2720953947303286,9.39113252664244,4.104932588381975,12.002466168322027
