x1,y1,theta1,x2,y2,theta,length
8.583063522700556,0.5154222858221554,2.3726278770527194,6.91956611010603,2.083470193466016,2.8670100925582633,2.290821730953508
6.91924120705737,2.0835616047359236,2.868544073346149,0.2244439870593866,0.7622465280623487,2.2258061232220663,6.883950174484917
0.22434588376128153,0.7623744390608215,2.224272142434179,1.9665749710441227,4.3422236549435,0.6258641614573401,4.040885491950101
1.9668532026313796,4.342424479131227,0.6243301806694561,9.14107069689687,5.552810794610562,0.4310486013958664,7.280391868539556
9.141406591190487,5.552965294620168,0.4325825821837508,12.74934599248128,8.326367451812496,-0.6442719309119712,4.639427736891437
12.749414605238208,8.32631582504922,5.637379395479732,12.267633238368466,6.768647859362779,4.330427764201162,1.7113375755802431
12.267490398465585,6.768292246009622,4.33196174498905,10.919720433542809,3.022741660346519,4.216913185897628,3.980800931398276
10.91954013417041,3.022408140674367,4.215379205109742,8.832108375547904,0.3919242268150019,3.2198256737719637,3.3815917142555616
8.831854976206698,0.39190442493404243,3.2182916929840752,8.58333920435925,0.5151556997319432,2.3730682788590864,0.2886121183277115
