x1,y1,theta1,x2,y2,theta,length
0.2242511687319958,0.7622121668915021,2.225077182829537,1.9666804042811419,4.3424052605282775,0.6251779212545557,4.041417605018459
1.9666804042811419,4.3424052605282775,0.6251779212545557,9.141411739157244,5.552911758119442,0.4311469327884371,7.28094152086183
9.141411739157244,5.552911758119442,0.4311469327884371,12.74948503770866,8.326496609681984,5.6381084767211815,4.63981676349243
12.74948503770866,8.326496609681984,5.6381084767211815,12.267479744694583,6.768284517000895,-1.9528013388064296,1.7120671261923284
12.267479744694583,6.768284517000895,-1.9528013388064296,10.919578281093372,3.0224183406947605,-2.066389237676791,3.981142988804883
10.919578281093372,3.0224183406947605,-2.066389237676791,8.831954521841105,0.39176827327806596,3.2192124428770454,3.381895695531373
8.831954521841105,0.39176827327806596,3.2192124428770454,6.9193208478461505,2.0836336667889124,2.8673306845123743,2.5803606783774464
6.9193208478461505,2.0836336667889124,2.8673306845123743,0.2242511687319958,0.7622121668915021,2.225077182829537,6.884381174108552
