x1,y1,theta1,x2,y2,theta,length
2.2120021972212944,3.7343705109201375,1.7947575218262002,2.521716472174128,8.532166426559293,0.28532042654673173,4.88180226180041
2.521944157148016,8.532232920384251,0.28225246497095796,4.564110011537357,5.920578228886139,-0.37429131224409695,3.3930527239865613
4.564699630534003,5.92034821417897,5.911961956511261,10.861874320113483,7.314258454905139,6.068427996875595,6.46165858710012
10.862550756083737,7.314110058096557,6.065360035299825,12.921094333631817,5.712797670130817,5.160311370447298,2.6156804167801715
12.921391604687807,5.712179008679365,5.157243408871526,12.881610179657084,4.911334956309416,4.028233548987696,0.8175677934379291
12.881230053571178,4.910868936620531,4.025165587411923,11.718009815265404,4.567024348695326,3.868699547047585,1.2274984578494443
11.717512554201013,4.566578466791828,3.8717675086233587,11.541431607860531,4.238651710970604,3.8963112012295307,0.37749603137052395
11.54093855287711,4.238188646264374,3.8932432396537573,3.162247651691284,2.008035720696295,2.7274178408606735,8.687825723388144
3.1617004898465355,2.0082762464417185,2.7243498792848984,2.2121674574731687,3.7336469171010696,1.7978254834019713,1.9819888918865476
