x1,y1,theta1,x2,y2,theta,length
2.212043021710713,3.733759459205197,1.7953566199660742,2.521784488314378,8.53256589913703,0.2840216428371446,4.883042098263977
2.521784488314378,8.53256589913703,0.2840216428371446,4.564170459398931,5.92032251681892,5.911096552978551,3.394064202887743
4.564170459398931,5.92032251681892,5.911096552978551,10.862315694237633,7.31433006946239,6.067173251175425,6.4626941363916375
10.862315694237633,7.31433006946239,6.067173251175425,12.92151670972472,5.712312495570078,5.159885721952433,2.6166872286873177
12.92151670972472,5.712312495570078,5.159885721952433,12.88149512589693,4.910818115382124,4.0273891614532005,0.8183362540250305
12.88149512589693,4.910818115382124,4.0273891614532005,11.717439199003321,4.566765463381277,3.8722465219629183,1.2285926846625745
11.717439199003321,4.566765463381277,3.8722465219629183,11.541135098524398,4.238125741643928,3.895728799331894,0.3782445807242508
11.541135098524398,4.238125741643928,3.895728799331894,3.1622294825956243,2.007781818597687,2.727413917067115,8.688155993216986
3.1622294825956243,2.007781818597687,2.727413917067115,2.212043021710713,3.733759459205197,1.7953566199660742,1.9830168840638114
