x1,y1,theta1,x2,y2,theta,length
12.776445906304065,1.1672516035182388,3.756718949531935,7.659783374695422,1.5901435441162435,2.1460391222520103,5.314268615727352
7.659302988056429,1.5908863396616262,2.1445051414641263,9.023615018756093,5.969590498611345,0.8513593372765309,4.717028643804632
9.02456922962936,5.97067865494836,0.8498253564886452,14.562077659600261,8.434166377374668,-0.676485527457568,6.301402444335871
14.562521382250015,8.433809455816904,5.605165798934133,12.777436781166575,1.1679538858676313,3.75825293031982,7.777932506772684
