TIME,LB,UB,OPEN,GAP,TREE
0.03608393669128418,0.0,30.926595395526437,1,100.0,1
0.03616189956665039,27.626217824941495,30.926595395526437,1,10.6716485548304,1
0.16978788375854492,27.626217824941495,30.926595395526437,2,10.6716485548304,4
0.4078071117401123,28.10983194965357,30.926595395526437,3,9.10790020643628,8
0.7808279991149902,28.10983194965357,30.926595395526437,6,9.10790020643628,13
0.8878979682922363,28.10983194965357,30.926595395526437,6,9.10790020643628,13
0.9967598915100098,28.10983194965357,30.926595395526437,6,9.10790020643628,13
1.1183290481567383,28.399882952458935,30.926595395526437,6,8.170031038828782,13
1.4816389083862305,28.46335517438044,30.926595395041808,5,7.964795960231299,13
1.4817349910736084,28.46335517438044,30.926595395041808,6,7.964795960231299,13
1.8118679523468018,28.56873448567682,30.926595395041808,6,7.62405586275107,13
2.0821330547332764,28.850734091175703,30.926595395041808,5,6.71222058991631,13
3.246774911880493,29.655539860116043,30.926595395041808,5,4.109910963977438,13
4.315721035003662,29.7317263690004,30.926595395041808,5,3.8635647111449343,13
4.754601955413818,30.07465085267072,30.926595395041808,4,2.7547311027571797,13
7.838818073272705,30.26628533148206,30.926595395041808,4,2.1350881179297554,13
10.851299047470093,30.345763896716246,30.926595395041808,4,1.8780971229011574,13
11.28876805305481,30.57516088089754,30.926595395041808,3,1.1363504765242025,13
22.1358060836792,30.591348093427857,30.92659539500467,2,1.0840097246234996,13
22.135884046554565,30.591348093427857,30.92659539500467,3,1.0840097246234996,13
32.50894594192505,30.674566489245645,30.92659539500467,3,0.814926126009119,13
65.1273090839386,30.7574263588135,30.92659539360913,2,0.5470018042483519,13
65.12741303443909,30.7574263588135,30.92659539360913,3,0.5470018042483519,13
177.5555191040039,30.841841124421666,30.926595393505593,2,0.2740497879107793,13
177.55561089515686,30.841841124421666,30.926595393505593,3,0.2740497879107793,13
212.0020248889923,30.844939419722635,30.926595393505593,2,0.26403156488445906,13
701.3486549854279,30.884096231182447,30.926595393505593,2,0.1374194662632373,13
3462.2095789909363,30.90532291402871,30.92659539350556,1,0.06878377398541496,13
3462.2096478939056,30.90532291402871,30.92659539350556,2,0.06878377398541496,13
