x1,y1,theta1,x2,y2,theta,length
6.751154000403406,1.3015155281278998,0.12425244381873694,14.550523508675926,6.640065496127107,1.7763497523715732,9.737978013814608
14.550427805376758,6.640521138575718,1.7778837331594581,3.2436728574451736,8.203345241626998,4.088058799715235,11.900295590791954
3.2432530859883006,8.202762920529334,4.08959278050312,3.864443007859171,5.597096517010021,4.8611851168095965,2.8152667774967375
3.8645753116551256,5.596203979280687,4.859651136021711,3.8034230001104996,4.895476677992655,4.601942363656924,0.7063665113182842
3.8031999860492722,4.893462188465188,4.60347634444481,3.8413423334336456,2.3172022562740233,5.315243430023746,2.616926608771255
3.841987484901481,2.3162683727034947,5.316777410811632,6.750315158927121,1.3014120115385064,6.405903770210436,3.139122340844483
