x1,y1,theta1,x2,y2,theta,length
6.75122615491545,1.3013371307017976,0.12270107117392104,14.551258917622402,6.639859551479895,1.7777436552952548,9.739605011914565
14.551258917622402,6.639859551479895,1.7777436552952548,3.242686681376246,8.203097455963757,4.088396046723824,11.902420095617941
3.242686681376246,8.203097455963757,4.088396046723824,3.8646195078200503,5.596849455867288,4.8601241488663876,2.8167801322331965
3.8646195078200503,5.596849455867288,4.8601241488663876,3.803138685863967,4.8932796014539175,4.601801007067157,0.7092469405346588
3.803138685863967,4.8932796014539175,4.601801007067157,3.8409622935040497,2.316955923562735,5.316624084700699,2.617315044949105
3.8409622935040497,2.316955923562735,5.316624084700699,6.75122615491545,1.3013371307017976,0.12270107117392104,3.141228168256096
