TIME,LB,UB,OPEN,GAP,TREE
0.03870105743408203,0.0,32.55858562070933,1,100.0,1
0.038754940032958984,30.438496836515398,32.55858562070933,1,6.51161204879066,1
0.15791893005371094,30.438496836515398,32.55858351679856,1,6.511606007642529,3
0.23600196838378906,30.438496836515398,32.55858351679856,2,6.511606007642529,4
0.6117620468139648,31.03793841074041,32.53711354572085,2,4.607584913375347,8
0.6118450164794922,31.03793841074041,32.53711354572085,3,4.607584913375347,8
1.0312979221343994,31.03793841074041,32.53711354572085,4,4.607584913375347,13
1.7742269039154053,31.03793841074041,32.53711354572085,6,4.607584913375347,19
1.9589180946350098,31.03793841074041,32.40246474997822,5,4.21118069185996,19
1.9589970111846924,31.03793841074041,32.40246474997822,5,4.21118069185996,19
2.1873440742492676,31.03793841074041,32.40246474997822,5,4.21118069185996,19
2.3727920055389404,31.03793841074041,32.40246474997822,5,4.21118069185996,19
2.9288690090179443,31.03793841074041,32.40246474997822,5,4.21118069185996,19
3.1573679447174072,31.235761001817963,32.40246474997822,5,3.6006635827326785,19
3.850166082382202,31.334012637803536,32.40246474997822,5,3.2974408595735123,19
4.361438989639282,31.52692757925754,32.40246474997822,5,2.7020696649975426,19
5.588818073272705,31.686004477229403,32.40246474997822,5,2.2111289319412046,19
6.176593065261841,31.956315813592177,32.40246474997822,4,1.3768981459546068,19
8.164505958557129,32.029884263621625,32.40246474997822,3,1.1498523005316974,19
11.963979959487915,32.03150363891915,32.40246474997822,3,1.1448546088128175,19
13.836237907409668,32.20094916200828,32.40246474997822,2,0.6219143806647578,19
25.430835008621216,32.213774161867605,32.40246176973805,1,0.5823249147281513,19
25.4308819770813,32.213774161867605,32.40246176973805,2,0.5823249147281513,19
60.6811089515686,32.30736272087014,32.402461304139955,1,0.2934918504405903,19
60.68117594718933,32.30736272087014,32.402461304139955,2,0.2934918504405903,19
168.56097507476807,32.35482428057752,32.402461304139955,2,0.14701668220602376,19
542.7634160518646,32.37859368800874,32.402461304139955,2,0.07365988622649265,19
2221.7814819812775,32.39051482444181,32.4024613027758,1,0.036869045910922535,19
2221.7815449237823,32.39051482444181,32.4024613027758,2,0.036869045910922535,19
