x1,y1,theta1,x2,y2,theta,length
4.035875846744667,0.8168193506016007,3.1308547880745934,0.284717117358912,0.7774775516497672,2.146039122252011,3.8402200406065017
0.2845956852925406,0.7776653062036176,2.1445051414641263,1.9885404471596462,4.34713325750869,0.7056311624273954,4.050839130726535
1.9888241742946355,4.3473747272355485,0.7040971816395094,12.477946708029975,7.910964232898477,-0.5997864880632866,11.147307737685699
12.478501446025723,7.91058506493351,5.681864838328416,12.679741519184452,7.270990089477389,4.439340400141046,0.7137657565236606
12.679463130151774,7.270003054125488,4.4378064193531594,12.325738650727272,6.685696939087928,4.166291819897403,0.684966831105149
12.325469000047066,6.685252073425547,4.1678258006852875,8.710545618806936,0.41482428181714825,3.6201946594101138,7.25338527648736
8.710196800993822,0.41464369782127675,3.618660678622228,4.036834906952548,0.8168085219777448,3.129320807286708,4.706000833402427
