x1,y1,theta1,x2,y2,theta,length
4.036529073808879,0.8168562571414005,3.13036353909003,0.2845324697463809,0.7773799789441631,2.144968816468984,3.841348789536339
0.2845324697463809,0.7773799789441631,2.144968816468984,1.9886829772153898,4.347347050418367,0.705098209198127,4.051514902567859
1.9886829772153898,4.347347050418367,0.705098209198127,12.478623801179005,7.911061487469383,5.682856906640789,11.148264539424103
12.478623801179005,7.911061487469383,5.682856906640789,12.679787031994497,7.27056076589962,4.436879531568738,0.7149290966257684
12.679787031994497,7.27056076589962,4.436879531568738,12.32569609755364,6.685643220198133,4.167625062118396,0.6856583857110178
12.32569609755364,6.685643220198133,4.167625062118396,8.710466246787611,0.4146379336604706,3.6192963820443884,7.2541126358501895
8.710466246787611,0.4146379336604706,3.6192963820443884,4.036529073808879,0.8168562571414005,3.13036353909003,4.706632953060521
