x1,y1,theta1,x2,y2,theta,length
8.633138422348603,2.541310161523623,2.077009986797158,8.588323736457617,3.763514110087508,1.6566992509164926,1.2501613721650917
8.588065328246621,3.7664655405443597,1.6597672124922638,7.787072022489925,8.601775038863398,0.47860200582031975,5.270222990926181
7.787418632494251,8.601954417465398,0.4755340442445487,10.84815371265256,5.678680852757674,-1.147417629338459,4.595924945758149
10.849393504840874,5.675929867997985,5.132699716265355,11.253983059879028,1.8384834783239208,3.859495662320273,4.029540852972377
11.252925063447973,1.8375615423600737,3.856427700744502,8.634295978751911,2.5392322496846136,2.0800779483729297,2.949619905426037
