x1,y1,theta1,x2,y2,theta,length
8.633080690791635,2.539424735199805,2.078113903875537,8.58853209362804,3.7656895481917823,1.6575655704181684,1.2544832542370616
8.58853209362804,3.7656895481917823,1.6575655704181684,7.7868879763560095,8.603391530955037,0.47745238965739023,5.273771964783986
7.7868879763560095,8.603391530955037,0.47745238965739023,10.848316850722536,5.678988003519026,5.135579574813165,4.598924940492009
10.848316850722536,5.678988003519026,5.135579574813165,11.254098956312655,1.8367768025625688,3.858293963165151,4.035150691944172
11.254098956312655,1.8367768025625688,3.858293963165151,8.633080690791635,2.539424735199805,2.078113903875537,2.953653382188077
