x1,y1,theta1,x2,y2,theta,length
11.912548267217206,5.891519832889768,3.797391550937483,11.443864060639186,5.014708791155318,4.57854491375873,0.999274309692181
11.443864060639186,5.014708791155318,4.57854491375873,11.778576749229565,3.412318998856126,-1.396755248501585,1.6386680947040841
11.778576749229565,3.412318998856126,-1.396755248501585,11.84228727441114,1.32317171493782,3.420027208348337,2.1881281802938397
11.84228727441114,1.32317171493782,3.420027208348337,10.899561554830926,2.86427100861864,2.2981245637773853,1.9025914575330547
10.899561554830926,2.86427100861864,2.2981245637773853,9.602246571113328,3.602961609207404,3.211556034156375,1.5029463743926268
9.602246571113328,3.602961609207404,3.211556034156375,9.34767749775231,3.4499754754182983,3.9999807465125983,0.30366352109183187
9.34767749775231,3.4499754754182983,3.9999807465125983,7.762489004738366,0.8609251496059106,3.5877297383826403,3.0441016207919
7.762489004738366,0.8609251496059106,3.5877297383826403,6.882325440418614,0.9470769856369073,2.909903518751729,0.8918604974277032
6.882325440418614,0.9470769856369073,2.909903518751729,2.625684883397028,2.3999707802957864,2.208912334514607,4.507021159545797
2.625684883397028,2.3999707802957864,2.208912334514607,2.513169258470514,9.298293182296119,0.6597471933100472,6.941111654061084
2.513169258470514,9.298293182296119,0.6597471933100472,6.716840549575393,8.263695125110115,0.349510202685558,4.369189288926366
6.716840549575393,8.263695125110115,0.349510202685558,7.488547527053768,9.300453211076029,0.7006440548699524,1.30204003737863
7.488547527053768,9.300453211076029,0.7006440548699524,8.281674508330795,9.650027537278088,0.031943578825957546,0.8700870375931082
8.281674508330795,9.650027537278088,0.031943578825957546,15.216402607519601,6.849217640300008,4.6429427707991815,7.559897079437911
15.216402607519601,6.849217640300008,4.6429427707991815,11.912548267217206,5.891519832889768,3.797391550937483,3.5173958963542855
