x1,y1,theta1,x2,y2,theta,length
7.1172305232372,8.513774255719229,6.068427996875596,9.36059767883159,7.911272504509392,6.323068807664613,2.3280154499817134
9.363498112191797,7.911397663776946,0.04295146206079795,15.16749429779849,9.370336194874039,-0.8927768185494436,6.254452636127241
15.168072832526402,9.36961759831179,5.387340527054372,14.236666816840957,6.714469410611128,4.126408319412374,3.0358326644857856
14.234976581935694,6.711909072208757,4.129476280988146,12.884576193707783,4.507360027624001,4.528311285838413,2.5943380179679023
12.88406792158646,4.504578743188176,4.5313792474141845,12.897930447569589,1.0779909457783183,3.718369429834794,3.634681518510847
12.897027873856215,1.077404154956815,3.715301468259023,11.500097617397259,1.3093585951704227,2.4206216832835414,1.535874515351618
11.497808518581884,1.3113832179170029,2.4175537217077703,9.845137469353592,2.885444059763266,2.8102528034064953,2.297767382113563
9.842940255292161,2.887562874163173,2.813320764982267,9.655113284998219,2.931864596507669,3.0066023442558567,0.1932815792735898
9.652654439715802,2.932082325551342,3.0096703058316274,8.221532823574414,2.336501478907965,3.56497135104623,1.583390279296883
8.218753503939809,2.3352523469483044,3.561903389470459,6.2864676696101816,1.8892360998399726,2.8685440733461496,2.0089543206833387
6.284000773994329,1.889934053485835,2.865476111770378,1.0199118248350494,8.70859378822379,1.0737865515199494,8.907569279295712
1.0204272360401472,8.70954307167423,1.0707185899441773,7.11423944387952,8.514417684222902,-0.21168934872822054,6.336343637199254
