x1,y1,theta1,x2,y2,theta,length
8.060385738979056,9.000656481669088,6.050284669062737,10.478287530188,5.683313958823048,-1.2638088891911818,4.1739458602192645
10.478287530188,5.683313958823048,-1.2638088891911818,10.602193365806093,3.867301490423121,-1.3967024972093467,1.8230930104228458
10.602193365806093,3.867301490423121,-1.3967024972093467,10.761865597108697,1.9414408208177485,4.070678927663948,2.020512776567305
10.761865597108697,1.9414408208177485,4.070678927663948,7.969071350950696,1.5750923749575034,3.0369307394602543,2.921230465950631
7.969071350950696,1.5750923749575034,3.0369307394602543,3.0680800243150808,2.77037697097031,2.2500396629851807,5.094814656020015
3.0680800243150808,2.77037697097031,2.2500396629851807,3.258910157641471,8.496324388116964,0.7324898334638571,5.872543821510342
3.258910157641471,8.496324388116964,0.7324898334638571,6.6803401095153125,8.564688569568151,0.22404254505261723,3.4962329009670343
6.6803401095153125,8.564688569568151,0.22404254505261723,8.060385738979056,9.000656481669088,6.050284669062737,1.4877455255801086
