x1,y1,theta1,x2,y2,theta,length
11.693466860718672,6.154984139646227,0.2730485802436441,14.998205208197087,8.751086000197564,-0.38963112012295253,4.3121646075655775
14.998799168222732,8.750841477278207,5.890486225480862,15.363762285071838,3.321866081564416,3.957670432744954,5.594888723105426
15.363027277247175,3.321084396870352,3.954602471169183,8.999637207193766,3.004358524229889,3.56497135104623,6.4141474895953845
8.998351014869508,3.0037787726235226,3.568039312622002,7.051008979582101,1.4908099339485372,2.662990647769473,2.6075108935792706
7.050655367738783,1.4909944052447655,2.6599226861937018,7.070540722022917,3.5987896884863515,1.8745245227962528,2.2447263699345736
7.070141266012695,3.600057037168688,1.8775924843720246,3.581977558280755,7.385773225334465,1.1013982057018903,5.30869208680803
3.582163743865536,7.386137780052888,1.098330244126119,11.692153343531785,6.154616259524364,0.26998061866787126,8.36917704049714
