x1,y1,theta1,x2,y2,theta,length
11.6921805132996,6.154260743130855,0.2730179174811008,14.998977681805444,8.751520477663547,5.892475769559532,4.314776211348951
14.998977681805444,8.751520477663547,5.892475769559532,15.363335943550934,3.3206142728938186,3.957471650744048,5.597400076731109
15.363335943550934,3.3206142728938186,3.957471650744048,8.99840540197066,3.004132421136123,3.565484564808151,6.416132932145942
8.99840540197066,3.004132421136123,3.565484564808151,7.050685596053158,1.4901440867562799,2.6610152661836803,2.609349305387494
7.050685596053158,1.4901440867562799,2.6610152661836803,7.070712420800014,3.5995177032700605,1.876101644548429,2.2468074269033256
7.070712420800014,3.5995177032700605,1.876101644548429,3.5811713156472265,7.385817601728417,1.098800183158781,5.31115213222017
3.5811713156472265,7.385817601728417,1.098800183158781,11.6921805132996,6.154260743130855,0.2730179174811008,8.370522409018593
