x1,y1,theta1,x2,y2,theta,length
6.812739225621763,2.5292823649949034,2.6994223208323005,3.8797148417595944,4.3976374302839085,2.460988869388146,3.478122811141367
3.8797148417595944,4.3976374302839085,2.460988869388146,3.1396288566518264,5.140983161226321,2.3479179062711952,1.0491685581976946
3.1396288566518264,5.140983161226321,2.3479179062711952,2.1277530793933206,6.381662669178656,1.795834929267457,1.6217026997744954
2.1277530793933206,6.381662669178656,1.795834929267457,3.214397576845903,9.424064023185572,0.5997000527055045,3.3014538664454527
3.214397576845903,9.424064023185572,0.5997000527055045,7.246039919039403,9.441452231247194,6.148441488012388,4.070641156024646
7.246039919039403,9.441452231247194,6.148441488012388,10.389729250615297,8.551236525143358,5.466054444956052,3.297185606363479
10.389729250615297,8.551236525143358,5.466054444956052,10.788559857342737,6.970823521049795,4.62491810904175,1.6605494659077464
10.788559857342737,6.970823521049795,4.62491810904175,10.468527742292228,5.557032048672689,4.899314778189158,1.4663120441095892
10.468527742292228,5.557032048672689,4.899314778189158,11.904130254484054,3.688657742338174,5.511012632432377,2.3763226836920595
11.904130254484054,3.688657742338174,5.511012632432377,13.015461789152214,2.7778405232799277,5.599332621767503,1.4369970372881042
13.015461789152214,2.7778405232799277,5.599332621767503,13.784880634402871,1.0962325484652298,4.212140466485426,2.062823993612145
13.784880634402871,1.0962325484652298,4.212140466485426,6.812739225621763,2.5292823649949034,2.6994223208323005,7.476077746706829
