x1,y1,theta1,x2,y2,theta,length
10.072323374307741,1.3522366227358669,3.196815961953676,8.728349042675065,0.9867093921099255,3.0096703058316265,1.3960293091166402
8.72800177219428,0.9867558514802538,3.0081363250437416,6.875304615482274,2.100625441368847,2.676796474860446,2.1646893371804445
6.874963001359655,2.1007964454559582,2.678330455648329,3.1742197397420084,3.569901697831979,2.572485781284221,3.9819998967277392
3.173902737242884,3.5701046112205788,2.570951800496335,2.041079260955719,4.662667594575131,2.061670178918302,1.575444826638509
2.0409078699410825,4.662988946423072,2.060136198130416,1.7972221975796578,6.172200880619981,1.2486603613389118,1.5349415488284919
1.7973292608811815,6.172521088289444,1.2471263805510264,3.397178670544125,7.762181891876884,1.2793399770966247,2.2653331384120565
3.397273776410761,7.7624996352341995,1.2808739578845105,3.04701880603099,9.793143521648064,0.8851069146100168,2.09349643682172
3.047165754400354,9.793322769857006,0.8835729338221293,7.292657290147658,9.731546193892287,-0.10431069357622047,4.27604079048298
7.2930377620065805,9.731505819549334,6.177340632815477,10.974452705977317,9.053951878512095,5.60209783735836,3.7485033836735315
10.974713077497205,9.05374081566199,5.600563856570476,11.797276406394756,6.937707560786857,4.404058842019675,2.2888638105222263
11.797186537421535,6.937426092137339,4.4025248612317895,9.493373497257862,5.289400630012559,4.565126824747672,2.8673106974658196
9.493336879181406,5.289151467463386,4.566660805535554,11.257731393863224,3.123884107963511,5.789243493480409,2.819364444051496
11.258046447619112,3.1237149171126855,5.790777474268295,14.15378121732501,2.7080404124316195,5.589825991055277,2.934549190851804
14.154029020210524,2.7078339095506943,5.588292010267391,14.716577891693996,0.6496844421666144,3.991418010078439,2.1824053360076188
14.716446658592607,0.649535327280409,3.989884029290553,10.072696091943207,1.3522568633576357,3.19528198116579,4.738048293182928
