x1,y1,theta1,x2,y2,theta,length
10.07246924476544,1.3522885204216113,3.1958964117309696,8.728224427684115,0.9866474908629852,3.0086635625542986,1.3963487072397718
8.728224427684115,0.9866474908629852,3.0086635625542986,6.875121499651466,2.100735783869456,2.6774746971723817,2.165161557924094
6.875121499651466,2.100735783869456,2.6774746971723817,3.173938182669309,3.5700384039556674,2.572209122258572,3.9824837886302253
3.173938182669309,3.5700384039556674,2.572209122258572,2.0409569321147396,4.662769502252271,2.060764624021778,1.575692183827197
2.0409569321147396,4.662769502252271,2.060764624021778,1.7972041835081023,6.172433505900273,1.2480775987337653,1.535423730565395
1.7972041835081023,6.172433505900273,1.2480775987337653,3.397325194560615,7.762335994387534,1.2800124241190436,2.265747655763975
3.397325194560615,7.762335994387534,1.2800124241190436,3.0469497071457305,9.793300062005754,0.8841854855078881,2.093955998203606
3.0469497071457305,9.793300062005754,0.8841854855078881,7.292685458586931,9.731556186725904,6.177450497980599,4.276344962902988
7.292685458586931,9.731556186725904,6.177450497980599,10.97476520437841,9.053818339019491,5.601967924831636,3.74919412490046
10.97476520437841,9.053818339019491,5.601967924831636,11.797353052076927,6.937545966075006,4.403223396393782,2.289186829858753
11.797353052076927,6.937545966075006,4.403223396393782,9.493228888762753,5.289410416362946,4.566352258186739,2.8677770767057873
9.493228888762753,5.289410416362946,4.566352258186739,11.257776131367303,3.123781576041544,5.790374345773892,2.8197838272877727
11.257776131367303,3.123781576041544,5.790374345773892,14.15387184036075,2.70809973128963,5.588540161094211,2.9349660423081003
14.15387184036075,2.70809973128963,5.588540161094211,14.716625101567129,0.6494899290910262,3.9907129933404435,2.1830005470826377
14.716625101567129,0.6494899290910262,3.9907129933404435,10.07246924476544,1.3522885204216113,3.1958964117309696,4.738564740446413
