x1,y1,theta1,x2,y2,theta,length
2.743246762013144,4.736935023155895,3.844155854441417,2.2207422324781443,3.7052231895271843,4.816699673960914,1.1783643720670676
2.2208082319896634,3.7045991447652984,4.819767635536683,3.3740059468910966,2.3302599418781496,5.764699800874241,1.815702358258078
3.3756118180397827,2.3293474336642848,5.767767762450011,6.565270844665295,1.7313167357985397,6.636000888393283,3.2613565335217647
6.567055221835823,1.731976655042203,0.35588354278946877,7.8095441690144325,3.095171837784599,0.3804272353956383,1.864986562804815
7.811277025228026,3.0958647697757575,0.37735927381986767,8.652698408383126,3.0314989288453797,-0.31293208072867174,0.8540054820690538
8.653993874855885,3.03107526190469,5.967185264875143,13.29263095105442,0.7171784800236818,6.448855232271238,5.205324931386666
13.293522899341667,0.7173303681469728,0.1687378866674205,15.137606067195154,2.855406674172818,1.7732817907958016,2.912835933790223
15.137390591575606,2.856454856423504,1.7763497523715726,13.852417463147013,3.6567891964194414,2.592427531526734,1.5671309153359032
13.850933515659333,3.6577018975330517,2.5893595699509624,13.010568373570527,4.243296318318701,3.0127382674074004,1.035595699731736
13.00924452562189,4.24346808552959,3.01580622898317,11.92146916747737,4.227970441482808,2.276427489222293,1.1757543618245054
11.921387766656801,4.228084605910959,2.2733595276465195,11.815469302754995,4.440125801916015,1.7947575218261997,0.23930100291015988
11.816280302041353,4.441074016156702,1.791689560250429,12.252180946964383,5.343060457671842,0.9142525495798423,1.0352198945290625
12.253187831063524,5.344366550292164,0.9111845880040709,14.755295831541568,8.904859355714759,2.187456603524924,4.509516213258878
14.755057204729281,8.905196023951085,2.190524565100695,2.744118311999707,4.737672429109077,3.8410878928656444,12.884663159005601
