x1,y1,theta1,x2,y2,theta,length
2.7438716308076296,4.737728254803492,3.8436819403223033,2.220561160964331,3.7047506500364085,4.817693005869509,1.1799734598123752
2.220561160964331,3.7047506500364085,4.817693005869509,3.374499981024713,2.3296328629475647,5.766524712748778,1.8170221886885136
3.374499981024713,2.3296328629475647,5.766524712748778,6.566300424021159,1.7310695587076572,0.35444708196017616,3.2637139959552806
6.566300424021159,1.7310695587076572,0.35444708196017616,7.809375469844813,3.0956898747785644,0.3806873582882724,1.8665610201055343
7.809375469844813,3.0956898747785644,0.3806873582882724,8.652652731920888,3.0316340252561234,5.967017229314119,0.8560435435332121
8.652652731920888,3.0316340252561234,5.967017229314119,13.292663210041125,0.7168342338180591,0.16849291369677613,5.207248149426867
13.292663210041125,0.7168342338180591,0.16849291369677613,15.13816350240763,2.856425289928531,1.7742331875292243,2.9151354519258166
15.13816350240763,2.856425289928531,1.7742331875292243,13.852657268941087,3.656502178269242,2.588755037435837,1.5679760783092855
13.852657268941087,3.656502178269242,2.588755037435837,13.012594952721598,4.243464606505077,3.0194484646921422,1.0367489950307949
13.012594952721598,4.243464606505077,3.0194484646921422,11.920723903258217,4.2282443794086495,2.26115687386866,1.1847390926695678
11.920723903258217,4.2282443794086495,2.26115687386866,11.817353930960453,4.441785417286929,1.78210855371443,0.23952416007711486
11.817353930960453,4.441785417286929,1.78210855371443,12.254158082000759,5.345684529747938,0.9172923403616982,1.035753419999188
12.254158082000759,5.345684529747938,0.9172923403616982,14.755369610315796,8.906118552952934,2.187527709324272,4.508923933466263
14.755369610315796,8.906118552952934,2.187527709324272,2.7438716308076296,4.737728254803492,3.8436819403223033,12.886683860949452
