TIME,LB,UB,OPEN,GAP,TREE
0.03583097457885742,0.0,30.010884450041935,1,100.0,1
0.03588700294494629,27.230045813258258,30.010884450041935,1,9.266100242439846,1
0.18838095664978027,27.230045813258258,30.010884450041935,3,9.266100242439846,4
0.49129509925842285,27.230045813258258,30.010884450041935,4,9.266100242439846,8
0.6391770839691162,27.230045813258258,30.010884450041935,4,9.266100242439846,8
0.784883975982666,27.230045813258258,30.010884450041935,4,9.266100242439846,8
1.3496389389038086,27.727002152045483,30.010884450041935,4,7.610179905888316,8
1.7185919284820557,28.132286218867264,30.010884450041935,4,6.259722982512919,8
3.0835630893707275,28.790357096092716,30.010884450041935,4,4.066948963070342,8
3.185683012008667,28.943097186338196,30.010884450041935,3,3.557999983243569,8
4.195662975311279,29.09003378072311,30.010884450041935,3,3.0683889735130325,8
8.044958114624023,29.381826965262228,30.010884450041935,3,2.0960977868775488,8
20.47180199623108,29.68872382363662,30.010884450041935,3,1.0734792802977968,8
23.042818069458008,29.767327049301766,30.010884450041935,2,0.8115635550348759,8
66.95987200737,29.847898413235562,30.010884450041935,2,0.5430897482468078,8
231.09414911270142,29.929065922535024,30.010884450041935,2,0.2726295109466422,8
936.4540240764618,29.97008116127767,30.010884450041935,2,0.13596163362725946,8
4299.2276821136475,29.99043362352947,30.01087700898634,1,0.0681199201567834,8
4299.227746009827,29.99043362352947,30.01087700898634,2,0.0681199201567834,8
4299.227771997452,29.99043362352947,30.01087700898634,2,0.0681199201567834,8
