x1,y1,theta1,x2,y2,theta,length
0.9207829853265527,1.059475656258963,2.0340585247363605,2.438230867937442,3.758443523272196,0.6688156235181395,3.288390096624812
2.440591810741248,3.7603050545127457,0.6657476619423682,12.154397580321003,7.857427784784788,-0.8375535101855601,10.859337126423398
12.154723129007728,7.857069545936802,5.442563835418254,12.394942985955202,7.361031512393466,4.884194828627882,0.5583690067903726
12.393046627625182,7.358706937535858,4.88112686705211,8.355295891726763,1.0116048518630647,3.663146121470911,7.607219917176882
8.352912435190692,1.0102355249781207,3.6600781598951397,0.9213226938234806,1.0583990356738866,2.037126486312132,7.677117476514006
