x1,y1,theta1,x2,y2,theta,length
0.9199484730355256,1.0579947144449655,2.0352448019716562,2.4398918141301635,3.760140559621546,0.6681336603571397,3.29316138571739
2.4398918141301635,3.760140559621546,0.6681336603571397,12.151739626632107,7.862629321236064,5.4379923753529535,10.86572143798137
12.151739626632107,7.862629321236064,5.4379923753529535,12.391778377634182,7.352610585752736,4.866577301298639,0.5714150740543147
12.391778377634182,7.352610585752736,4.866577301298639,8.352766646623952,1.0093685132936328,3.6635447929412286,7.6007633119546565
8.352766646623952,1.0093685132936328,3.6635447929412286,0.9199484730355256,1.0579947144449655,2.0352448019716562,7.67981579927861
