x1,y1,theta1,x2,y2,theta,length
10.758733665037429,6.08384985454519,4.81056375080937,10.044677688759862,4.079379242838199,4.71238898038469,2.157716653705436
10.045133594256331,4.076985954451487,5.105088062083414,11.184553101015672,1.7722501280228393,4.123340357836605,2.840632799763048
11.18417780769947,1.7714412772324968,3.9269908169872414,3.333210641809897,2.6754010137808697,2.356194490192346,8.070714799951539
3.3321579804244084,2.6781665325794197,2.1598449493429825,8.176741469981424,8.902085078965694,-0.04908738521234013,8.334157733246013
8.18070947599705,8.902082571776573,6.209554229361076,10.758126887948299,6.088933415328926,4.859651136021712,3.92154725072865
