x1,y1,theta1,x2,y2,theta,length
10.767187890383543,5.970809074143327,4.831522273351499,10.145010346982087,3.77696834356479,4.87670573589233,2.3154445603507225
10.145010346982087,3.77696834356479,4.87670573589233,11.032356009196828,1.5602774732125773,4.214607774859921,2.5592958679034323
11.032356009196828,1.5602774732125773,4.214607774859921,3.357714467644186,2.611355226127775,1.9393916587476763,8.21229124305278
3.357714467644186,2.611355226127775,1.9393916587476763,8.257207598531076,8.90003584400589,6.266701290930809,8.272053882928407
8.257207598531076,8.90003584400589,6.266701290930809,10.767187890383543,5.970809074143327,4.831522273351499,3.993882248048848
