TIME,LB,UB,OPEN,GAP,TREE
0.01963210105895996,0.0,37.318199785765366,1,100.0,1
0.019669055938720703,34.953241260713796,37.318199785765366,1,6.337279232728848,1
0.09334111213684082,34.953241260713796,37.31819978576533,1,6.337279232728759,3
0.1308119297027588,34.953241260713796,37.31819978576533,2,6.337279232728759,4
0.3188469409942627,36.139770427092564,37.31819978576533,2,3.1577872604730155,8
0.6347589492797852,36.32354834950567,37.31819978576533,2,2.6653253425130625,13
1.0799949169158936,36.32354834950567,37.31819978576533,2,2.6653253425130625,19
1.7908380031585693,36.32354834950567,37.31819978576533,2,2.6653253425130625,26
2.004317045211792,36.32354834950567,37.31819978576533,2,2.6653253425130625,26
2.5260541439056396,36.50352033035078,37.31819978576533,2,2.1830620450381435,26
3.981253147125244,36.89063182774596,37.31819978576533,2,1.14573575487009,26
8.13230299949646,37.09789789143845,37.31819978576532,1,0.5903336591571204,26
8.132349014282227,37.09789789143845,37.31819978576532,2,0.5903336591571204,26
19.647073984146118,37.20630161959125,37.31819978576532,2,0.2998487783881643,26
57.04601001739502,37.261828536968686,37.3181997857653,1,0.1510556487725274,26
57.04607105255127,37.261828536968686,37.3181997857653,2,0.1510556487725274,26
188.08528113365173,37.28992803422507,37.31819978576529,1,0.07575861564201418,26
188.0853419303894,37.28992803422507,37.31819978576529,2,0.07575861564201418,26
642.5221240520477,37.30404002271674,37.31819978576529,2,0.03794331754970534,26
2454.119063138962,37.31111463402303,37.31819978576527,1,0.018985781154824136,26
2454.119117975235,37.31111463402303,37.31819978576527,2,0.018985781154824136,26
