x1,y1,theta1,x2,y2,theta,length
13.269646336164563,0.4414698083168395,3.842621873653531,10.898770831884079,0.7956828683797826,2.8777479580734626,2.423464151880265
10.898413574237486,0.7957794716675116,2.876213977285577,7.765533823762008,1.8903799887162778,3.1799421732869337,3.320834814982508
7.765301469416358,1.8903708750034578,3.1814761540748195,6.081013769315191,1.2131198683941793,2.9130295161948343,1.8274629284002617
6.080663496134553,1.2132017324640996,2.9114955354069467,4.441116714962891,3.1141674568388305,2.2334760271614935,2.520987213758853
4.440899868740104,3.1144459756029677,2.2319420463736073,0.2543062398300088,9.11277940006497,0.9878836273983551,7.38240649843558
0.25434632858593653,9.112840166431935,0.9863496466104673,9.43659846488415,7.1586446481164865,-0.12271846303085376,9.455679029829454
9.436974918566591,7.158598728289569,6.162000824936621,13.16673539230868,7.029041554342155,5.500855105357907,3.749613198531144
13.166995479150534,7.028782333867007,5.499321124570024,13.269843786288467,0.4416366744437433,3.844155854441417,6.634207922511156
