x1,y1,theta1,x2,y2,theta,length
13.269877774165383,0.44145738098007914,3.8432410433354773,10.89847541265424,0.7957479454961286,2.877464955442753,2.4240535576257685
10.89847541265424,0.7957479454961286,2.877464955442753,7.765438778162755,1.8904228119694713,3.1808498298802754,3.3210247034546128
7.765438778162755,1.8904228119694713,3.1808498298802754,6.080864494367549,1.2130145221694857,2.912063863394145,1.8278490701558983
6.080864494367549,1.2130145221694857,2.912063863394145,4.441058507763644,3.114233751876869,2.2323247501641195,2.521376834164375
4.441058507763644,3.114233751876869,2.2323247501641195,0.2542806430693471,9.11291824633184,0.9875969596351437,7.382845342835866
0.2542806430693471,9.11291824633184,0.9875969596351437,9.43663667554164,7.158619819649196,6.161831925375743,9.456008278494997
9.43663667554164,7.158619819649196,6.161831925375743,13.16685869709533,7.029168847823179,5.499528907773688,3.750166210618409
13.16685869709533,7.029168847823179,5.499528907773688,13.269877774165383,0.44145738098007914,3.8432410433354773,6.634875788415341
