x1,y1,theta1,x2,y2,theta,length
13.304942290809871,1.4003055929803052,3.9331267401387837,4.174611060971889,1.549350751694963,2.2457478734645786,9.180092095671263
4.174509224619243,1.5494783745136165,2.244213892676693,4.441710030749538,3.33833518718264,1.7502720789775164,1.8353281288573542
4.441675063214387,3.3385276308967486,1.7518060597654022,2.022631985393017,7.337873364140019,1.2317865726721688,4.704913649136269
2.0227172756849674,7.33812963012031,1.2302525918842844,2.1710616664661124,7.489266116846814,0.4310486013958652,0.21852851518552185
2.1713040728842192,7.489377917143697,0.4325825821837508,5.064979391399449,9.065417512967063,0.11658253987930978,3.2974098905342117
5.06546930155005,9.065474406369365,0.11504855909142309,9.684929640652069,7.789788477511661,-0.2515728492132463,4.794754467221822
9.68541673256305,7.7896639964242,6.033146438754226,13.171557073623426,6.930763807480676,5.399612373357457,3.6015491956629715
13.171738240025439,6.9305425813391786,5.398078392569571,13.30511951400078,1.4004852830660908,3.9346607209266704,5.564322984051934
