x1,y1,theta1,x2,y2,theta,length
13.305119833688174,1.4002980235679592,3.933922944700692,4.174552071164063,1.5492656798130087,2.2443166248804456,9.18051911207159
4.174552071164063,1.5492656798130087,2.2443166248804456,4.441720904475951,3.3384990966284454,1.750592599481472,1.8357052471361637
4.441720904475951,3.3384990966284454,1.750592599481472,2.0224450435382906,7.337851966560688,1.23178667267217,4.705067551088733
2.0224450435382906,7.337851966560688,1.23178667267217,2.1727702544217937,7.490033363750878,0.423379497456437,0.22088436040156864
2.1727702544217937,7.490033363750878,0.423379497456437,5.065163234462157,9.065540496415512,0.1156722190328276,3.2960536761176797
5.065163234462157,9.065540496415512,0.1156722190328276,9.68497365077841,7.789771388046816,6.033002375049409,4.795125720628093
9.68497365077841,7.789771388046816,6.033002375049409,13.17169574992528,6.93076859174706,5.398595561552203,3.6021920534826024
13.17169574992528,6.93076859174706,5.398595561552203,13.305119833688174,1.4002980235679592,3.933922944700692,5.5648210835206235
