x1,y1,theta1,x2,y2,theta,length
6.805517869182698,9.028818782665848,6.2816513263917,7.905169511455355,8.969965316597094,5.907360014147603,1.108519633409529
7.90648746334336,8.96944354579058,5.905826033359718,10.765226884064635,5.983783705506611,4.818233654748799,4.195358077511489
10.765351456928528,5.982612723100312,4.816699673960913,10.11198032229374,3.916764435510198,5.017651157173932,2.249451617090522
10.112292953199084,3.915922029162034,5.019185137961818,11.192165650743377,2.9008827415469747,5.29990362214489,1.5259933678598108
11.193307416629144,2.9000250274205177,5.298369641357004,11.135159940516475,1.7148767781269878,4.028233548987695,1.2702686338637417
11.134801113367487,1.7143157245468144,4.026699568199809,8.038303583070965,1.6212289944941842,2.9743887477102575,3.2239910470980724
8.036792806212025,1.621484547370375,2.972854766922372,3.192275744111638,2.892955212273912,2.268757585282863,5.0506903578488185
3.1914975227363414,2.8938854679716943,2.2672236044949776,3.073016048002468,8.793947861074003,0.7946020481247624,6.033879601772238
3.0737539342635425,8.79469788821691,0.7930680673368764,6.803984153883826,9.02882347607202,-0.003067961575771161,3.811474633245201
