x1,y1,theta1,x2,y2,theta,length
6.805329391996966,9.02880585454227,6.280304661233987,7.905960295355883,8.969967279679683,5.906618769997561,1.1095553601658974
7.905960295355883,8.969967279679683,5.906618769997561,10.765621021656903,5.984724011732551,4.8175183691504895,4.195957054140312
10.765621021656903,5.984724011732551,4.8175183691504895,10.111623363123451,3.915908973510271,5.019752091374471,2.253244457556889
10.111623363123451,3.915908973510271,5.019752091374471,11.192762072473055,2.900891254006443,5.3001782557682535,1.5269038880191055
11.192762072473055,2.900891254006443,5.3001782557682535,11.135785012989224,1.7144974939904882,4.028557213786696,1.2717296722285534
11.135785012989224,1.7144974939904882,4.028557213786696,8.037332535210691,1.6213565471636375,2.973834406900692,3.226789715514052
8.037332535210691,1.6213565471636375,2.973834406900692,3.1917572162576713,2.892843841653911,2.2676312359435498,5.051964188998745
3.1917572162576713,2.892843841653911,2.2676312359435498,3.072831603521027,8.794555758615633,0.7936129186178663,6.035940410748589
3.072831603521027,8.794555758615633,0.7936129186178663,6.805329391996966,9.02880585454227,6.280304661233987,3.8139101126926067
