x1,y1,theta1,x2,y2,theta,length
8.598412962397916,3.9355121356505625,6.059224112148282,11.551543394756795,1.2615059056153248,6.390563962331582,4.142838057071206
11.552863560917475,1.261652040108519,0.11044661672776616,14.06286002608807,6.021554632945346,1.8039614065535148,5.5934263803643915
14.062558748539056,6.022806478668442,1.8070293681292853,10.600669311619482,8.795805152049564,3.052621767892425,4.515585050588499
10.598174408943695,8.79602575241591,3.055689729468197,5.0975268898274235,6.257849408852213,3.0434178831651124,6.112615441802127
5.096081171893751,6.257993879626291,3.040349921589341,2.249174057112731,7.630180224444684,3.5864470820766297,3.330943140061115
2.247797337866713,7.629517994594012,3.5895150436524004,1.7082659620327294,3.3712793379870747,4.5835345942022965,4.480317468835818
1.707957525993627,3.368941661231734,4.580466632626525,1.786850648372536,1.399091039702526,5.5959619142068195,2.1172399728125124
1.7876286895655398,1.3984529830050612,5.599029875782591,8.597122540241283,3.9358032139621217,6.062292073724054,7.5136299898167405
