x1,y1,theta1,x2,y2,theta,length
8.598012044079741,3.936164154504035,6.060984549473905,11.551936101638734,1.260451934237776,0.10938035235821456,4.146038471042111
11.551936101638734,1.260451934237776,0.10938035235821456,14.063358787077656,6.021667045515296,1.8067095324114228,5.596326518305484
14.063358787077656,6.021667045515296,1.8067095324114228,10.598942403686937,8.796769691471294,3.053587232766147,4.519095861947225
10.598942403686937,8.796769691471294,3.053587232766147,5.096892321716101,6.257429289732656,3.0416430788231645,6.115030864101784
5.096892321716101,6.257429289732656,3.0416430788231645,2.246254446564469,7.630586909818431,3.589611034334455,3.3364811151903
2.246254446564469,7.630586909818431,3.589611034334455,1.7083322226390276,3.3704992056686125,4.581468557528411,4.482149861112923
1.7083322226390276,3.3704992056686125,4.581468557528411,1.7870663416284946,1.397432935024872,5.596620288748882,2.1207830352862884
1.7870663416284946,1.397432935024872,5.596620288748882,8.598012044079741,3.936164154504035,6.060984549473905,7.517290356555443
