x1,y1,theta1,x2,y2,theta,length
8.368450043656384,6.607870568492537,0.11247681147788109,12.69217916698117,8.512245855444302,-0.15810077587162416,4.743478536821917
12.69217916698117,8.512245855444302,-0.15810077587162416,14.755145038004128,6.283833621118529,4.3783022435667895,3.1654977624207095
14.755145038004128,6.283833621118529,4.3783022435667895,11.465759912854987,5.691234760058972,3.423845544392399,3.4475867363761115
11.465759912854987,5.691234760058972,3.423845544392399,6.224049253984084,2.988594879709205,-2.6979399091729577,5.89805578220958
6.224049253984084,2.988594879709205,-2.6979399091729577,5.700780767514939,2.758237324147973,3.6537988050328725,0.571815238186482
5.700780767514939,2.758237324147973,3.6537988050328725,3.3539574589568972,1.1430801689865655,3.398618651277865,2.8525904649860214
3.3539574589568972,1.1430801689865655,3.398618651277865,0.6413606713984433,1.5558348678339344,2.192338562511527,2.7932538932420914
0.6413606713984433,1.5558348678339344,2.192338562511527,0.8447079443612094,2.9976176894606072,0.9252378146111879,1.5057293788122972
0.8447079443612094,2.9976176894606072,0.9252378146111879,2.390105461853972,3.988697630053957,1.055910437790011,1.8518398422997837
2.390105461853972,3.988697630053957,1.055910437790011,2.304716531919881,5.938396250029517,2.2209222267924535,1.984173048165243
2.304716531919881,5.938396250029517,2.2209222267924535,1.3696801575727988,6.547855852624174,1.8875802001813715,1.1620662717076309
1.3696801575727988,6.547855852624174,1.8875802001813715,2.344735145214733,8.078223375625665,0.3259304159843681,1.8976606071694078
2.344735145214733,8.078223375625665,0.3259304159843681,6.00485696778846,7.094426835020181,-0.25023743730722764,3.807738884886789
6.00485696778846,7.094426835020181,-0.25023743730722764,8.368450043656384,6.607870568492537,0.11247681147788109,2.4158963153322475
