x1,y1,theta1,x2,y2,theta,length
9.381239671125469,7.160670302493226,0.1043106935762236,15.747778428895698,9.84755768376181,-0.9295923574587016,7.00393577618326
15.747873254266715,9.847429987304098,5.350524988145116,13.60399174972431,7.117837354999615,4.080388895775802,3.5609761949610617
13.603540624967053,7.117221020663366,4.083456857351576,12.147973475275855,4.653174686300776,4.583534594202297,2.8646945379419635
12.147884938282658,4.65247812699049,4.586602555778068,13.257211388841805,0.40597523063706475,3.9760782021995826,4.432109270932591
13.256943732828864,0.40568060806983197,3.973010240623811,10.995752143153231,0.7541081675310646,2.448233337465485,2.3336958422849343
10.995236374470158,0.7545385791190675,2.445165375889712,9.714867869151883,3.683808826425247,2.8593401886188374,3.230279015850296
9.714420526381913,3.6839376886437183,2.8624081501946064,7.662605397463241,2.284345331662412,3.7797286613502186,2.5126058185215925
7.661989338722596,2.2838884449908043,-2.5034461396443795,6.0474331158608114,1.1742421378779226,3.009670305831628,1.9763095576864982
6.0468877317964465,1.1743148986498972,3.0066023442558563,4.614090874111217,2.8791291729998663,2.218136219282636,2.244196530278425
4.613628730341324,2.879741095002742,2.215068257706865,0.3493579133761249,9.049654954923207,0.9878836273983538,7.566851069482398
0.34950694257603027,9.049880034702435,0.9848156658225816,9.380517250306648,7.16059611817412,0.10124273200045553,9.294892365775882
