x1,y1,theta1,x2,y2,theta,length
6.868466126910788,0.9547132748605411,2.96671884377083,3.1705243253398714,1.9075862089557138,2.44209741431394,3.82252366955124
3.1701692334977736,1.9078854252880004,2.4390294527381693,2.3289899950582806,3.7602549865558133,1.7978254834019718,2.0384056674579707
2.3287401154783405,3.7613407486050927,1.7947575218262002,2.317622162199016,8.893112407317728,0.32213596545598344,5.21045288414364
2.3177582704432815,8.893157713140479,0.3190680038802134,4.594045348280259,6.0002559596750205,-0.3712233506683231,3.7640573430601076
4.594838874072821,5.999949825037973,5.915029918087032,10.923931143039917,7.420952130333543,6.344544538695012,6.495351776658875
10.924347157460002,7.4209776295508885,0.05829126993965436,15.20827456614387,6.7877025381734395,-1.398990478551707,4.409901938006669
15.208311224466799,6.787488261939625,4.88112686705211,13.321863129767076,5.665742582473742,3.985282086926897,2.2713254441411754
13.321424766976454,5.665249507256553,3.9883500485026673,12.987735209806148,4.859721697241232,3.8288160465625616,0.8796860725675177
12.98745712917084,4.859493615507507,3.825748084986789,11.6945439822437,4.603516840859262,3.9055150859568393,1.3325724874611988
11.694175565329997,4.603162029379081,3.9085830475326135,11.557093317511463,4.087277717470859,4.516039439535329,0.5420387961555833
11.556997314945201,4.086801766619842,4.512971477959557,11.348107579176876,3.088396161676503,4.927146290688679,1.0233669918537416
11.348265695693986,3.0876711713380156,4.9302142522644505,13.168006702184355,0.4550986353357932,4.206175320382428,3.260729755516118
13.167881569043779,0.45487337125055405,4.2031073588066565,6.8692336626140476,0.9545780672640293,2.969786805346603,6.378137962666441
