x1,y1,theta1,x2,y2,theta,length
6.869114355573997,0.9545712413770209,2.9671793167229046,3.170177880656728,1.9077301292055349,2.44130848519518,3.82357830973805
3.170177880656728,1.9077301292055349,2.44130848519518,2.3287091850816983,3.761000046064205,1.7969189531449727,2.0394078104842395
2.3287091850816983,3.761000046064205,1.7969189531449727,2.3176986832998607,8.89339562134214,0.3211453143210779,5.211260035925815
2.3176986832998607,8.89339562134214,0.3211453143210779,4.593935907365525,5.999989667681045,5.914783981647738,3.7649372556454193
4.593935907365525,5.999989667681045,5.914783981647738,10.924335806861151,7.421011795267553,0.061270776832912335,6.49664095835475
10.924335806861151,7.421011795267553,0.061270776832912335,15.208638987378187,6.78785419900368,4.881907698596425,4.4106892571993495
15.208638987378187,6.78785419900368,4.881907698596425,13.321398909288298,5.665429456252424,3.985905617198956,2.272486873484586
13.321398909288298,5.665429456252424,3.985905617198956,12.987552833193604,4.859427704972079,3.8283512209028054,0.8802505841035837
12.987552833193604,4.859427704972079,3.8283512209028054,11.694344283813157,4.603586375120125,3.9078215629622592,1.333058272791717
11.694344283813157,4.603586375120125,3.9078215629622592,11.557084294020418,4.087196129492512,4.513489023933308,0.5426048591041159
11.557084294020418,4.087196129492512,4.513489023933308,11.348093693954398,3.0876325224138728,4.927291518110009,1.0245210665708575
11.348093693954398,3.0876325224138728,4.927291518110009,13.168131023564436,0.45470251460384853,4.205376489443508,3.2613856300714232
13.168131023564436,0.45470251460384853,4.205376489443508,6.869114355573997,0.9545712413770209,2.9671793167229046,6.378866957664288
