x1,y1,theta1,x2,y2,theta,length
2.1655971617832637,3.8321176950192846,5.3812046039028285,6.731052940605768,1.2812287205051451,6.639068849969053,5.258754709747274
6.73196459155492,1.2815713192642,0.3620194659410113,7.664514286810583,3.5282442006198282,0.49087385212340484,2.4719261692541985
7.665502802552651,3.52877279302256,0.48473792897186263,8.599244627645554,3.300887695501601,-0.8774370106705867,0.987305726971247
8.60004423506138,3.299925525758605,5.399612373357456,8.747095988539847,1.986440271658879,4.890330751779423,1.3302414821615296
8.747370461789222,1.984939571811977,4.896466674930966,9.230086616292422,0.7461359321945097,6.000932842208627,1.3646353895372496
9.230872823378505,0.745912974494481,6.00706876536017,10.560186723299907,1.7310521427300185,6.442719309119695,1.695484146190176
10.56145742604276,1.7312527836794216,0.15339807878856412,13.30919397648537,0.5971897905617705,0.17794177139473477,2.987831226890914
13.31043675945831,0.5974198609796858,0.18407769454627693,15.48840182591328,2.9026879818022264,1.8714565612204825,3.2293371012810836
15.48819012980802,2.90337111843941,1.8775924843720246,13.67097846497065,3.3887159632123574,2.6507188014663887,1.9260462347004474
13.669692814214926,3.389409485628751,2.6445828783148455,13.272441965517812,3.7832429768423332,2.4482333374654845,0.560495764845608
13.271268983723266,3.784216497573967,2.454369260617026,11.790251488153054,4.8258337242372535,1.8714565612204805,1.8230721200798377
11.789901137581168,4.826964108115951,1.8653206380689396,12.022370778639537,5.516455750083099,0.9019807032767577,0.7400540841937332
12.02328805563677,5.517608116002465,0.8958447801252145,13.311840981873718,6.444464668625797,0.7792622402459068,1.5883174256175303
13.312916952311229,6.445528736402738,0.7853981633974483,14.990457421744665,9.061231904753653,2.221204180858408,3.182617387185438
14.990189829516462,9.06158152279397,2.2273401040099507,8.395503279292175,6.848009492436826,2.632311032011758,7.057575036534115
8.3946408671699,6.848490870412361,2.6261751088602177,7.875016200725261,8.693447543583476,2.5464081078901675,1.95548911119334
7.874118973350531,8.694050027610631,2.552544031041707,3.1965925237345547,7.855992533216931,2.9022916506796337,4.774135423617238
3.195246563200738,7.856327221042911,2.8961557275280905,0.5783144357809915,9.737513111068573,3.724505352986335,3.2986404769501423
0.5779387588775303,9.737263152261603,3.730641276137879,2.1647146449647674,3.8332363871202717,5.3750686807512835,6.192420356003238
