x1,y1,theta1,x2,y2,theta,length
2.164615490557638,3.8329062794629043,5.3801952248154565,6.731606232460452,1.280804897235958,0.3594251311173808,5.261030208514978
6.731606232460452,1.280804897235958,0.3594251311173808,7.665259572804303,3.5292337736381083,0.49005951199709613,2.474235356570185
7.665259572804303,3.5292337736381083,0.49005951199709613,8.600250193741847,3.300368794780513,5.404344957955151,0.989185762483584
8.600250193741847,3.300368794780513,5.404344957955151,8.747208974854876,1.9853831234520762,4.8922110813213155,1.331948924183668
8.747208974854876,1.9853831234520762,4.8922110813213155,9.229765098800215,0.7455546585741001,6.006238333602267,1.366196427389002
9.229765098800215,0.7455546585741001,6.006238333602267,10.560742038997418,1.7315615891957927,0.15640464735448728,1.6975235744221795
10.560742038997418,1.7315615891957927,0.15640464735448728,13.309438732593895,0.5967947985245812,0.18286244993978715,2.9893304383591026
13.309438732593895,0.5967947985245812,0.18286244993978715,15.488755837116514,2.9038297587366473,1.8720115884300577,3.231670075579103
15.488755837116514,2.9038297587366473,1.8720115884300577,13.670279350989883,3.388828476569806,2.6474054395831024,1.928006812262875
13.670279350989883,3.388828476569806,2.6474054395831024,13.271410949529688,3.784207700403947,2.448712801729067,0.5627653785327136
13.271410949529688,3.784207700403947,2.448712801729067,11.78945179564605,4.8267728942582,1.8705579753713837,1.8244393069821552
11.78945179564605,4.8267728942582,1.8705579753713837,12.02247661722655,5.516931059940516,0.8977180993500364,0.7412204563798137
12.02247661722655,5.516931059940516,0.8977180993500364,13.31291638267945,6.4453542255396234,0.7797964526607462,1.5907827020352046
13.31291638267945,6.4453542255396234,0.7797964526607462,14.99087256848161,9.06189639554522,2.2240515057859054,3.1840656509649023
14.99087256848161,9.06189639554522,2.2240515057859054,8.39422461954116,6.848053915236876,2.6318202906374935,7.0601336737608795
8.39422461954116,6.848053915236876,2.6318202906374935,7.874910867185311,8.69417245596816,2.5496708982591354,1.9573112479440287
7.874910867185311,8.69417245596816,2.5496708982591354,3.196187733923611,7.8557569887911,2.8977937938669567,4.775697776206771
3.196187733923611,7.8557569887911,2.8977937938669567,0.5779043443098257,9.738119152616314,3.7284527526151385,3.3011649344965224
0.5779043443098257,9.738119152616314,3.7284527526151385,2.164615490557638,3.8329062794629043,5.3801952248154565,6.194014642019669
