x1,y1,theta1,x2,y2,theta,length
2.3059363759412204,0.9642316792414902,2.72741784086067,1.1422686210146686,3.8156655840277147,1.610679827279923,3.1723129302539945
1.142156490732026,3.8186422152404984,1.6076118657041518,1.6073893770618897,5.356411583515494,0.7700583555185915,1.637244474474097
1.609211717517399,5.358175831836758,0.7669903939428206,2.3870937381617257,5.667650556083323,0.1717107021465848,0.853861117410831
2.390116716111177,5.66817399140497,0.17119374901033518,8.302491642909937,6.690837643525918,0.20248546400090373,6.000173269115049
8.305494734756062,6.6914573249202745,0.20555342557667594,13.074125817678752,6.925182844722566,-1.2210487071569711,5.154613858083093
13.074244840126267,6.924856141557886,5.0590686384468455,2.307731938128536,0.9634422455873589,2.7304858024364407,12.863919510425665
