x1,y1,theta1,x2,y2,theta,length
2.3075015644675263,0.9622576247384328,2.727706000268857,1.1418591998429992,3.816814179906093,1.6088193489851697,3.1760169337065483
1.1418591998429992,3.816814179906093,1.6088193489851697,1.6080091171712785,5.3582107856837,0.7689528490440425,1.6412087003577165
1.6080091171712785,5.3582107856837,0.7689528490440425,8.304676387594123,6.691239211854243,0.20333170053773805,6.860842349913569
8.304676387594123,6.691239211854243,0.20333170053773805,13.075979135510654,6.924542772180757,5.061664899572532,5.157532322983132
13.075979135510654,6.924542772180757,5.061664899572532,2.3075015644675263,0.9622576247384328,2.727706000268857,12.869363815031312
