x1,y1,theta1,x2,y2,theta,length
7.9057042883998125,1.1397153383527412,6.215690152512618,10.4855485889329,3.456358870209018,7.225049510941371,3.5667337574901685
10.486962245195382,3.4581167578127148,0.9449321653375549,10.64658085286165,3.8009961276728115,1.325359400733194,0.38050333326668373
10.64756079518229,3.804920253260096,1.328427362308965,10.5616941332959,4.842816194604651,1.8806604459477958,1.0497924638461082
10.561074924499028,4.844731915252224,1.8837284075235672,7.996562592064221,9.1756757735212,2.7734372644972387,5.087991685727692
7.994888534355116,9.176315443978854,2.7765052260730108,6.735511092210783,9.018158603177657,3.2121557698325325,1.3002832843965786
6.732597772238333,9.017957440624466,3.2090878082567613,2.8117641312650212,9.189270070721774,4.114136473109291,4.130946138414002
2.8114114140798097,9.188752011919174,4.117204434685061,7.105979344239783,1.6394299686785407,5.298369641357004,8.920988918306085
7.10763052583717,1.6369320074980418,5.295301679781233,7.904764319630855,1.1397859485412911,6.212622190936846,0.9771828611950528
