x1,y1,theta1,x2,y2,theta,length
7.150190126347165,1.6492280052424297,2.901396139019955,3.657575741289627,2.582674507390375,2.50959256898091,3.6243542661114274
3.6552970434974736,2.584355090371208,2.506524607405138,2.9644414973507054,3.773264658770196,1.6689710972195777,1.3994148494094452
2.964171790668312,3.7760238145351486,1.6659031356438065,3.47296095684023,5.666046098203814,1.5892040962495242,1.9727413787313122
3.472901152731437,5.668910166488569,1.5922720578252956,3.0219939653965553,8.395426580444099,0.8590292412159592,2.9112608674746348
3.0229036289460636,8.396476461283488,0.8559612796401878,8.425054274211803,7.61823154542748,-0.15646604036433598,5.6390320442340265
8.428073708935768,7.617763968759188,6.129787228391022,14.50173174694922,6.5608220454170425,4.988505522204106,6.416906190487542
14.502010190518185,6.559839493459214,4.985437560628334,12.361409163830835,4.166795963189811,4.086524818927349,3.4217692901057792
12.359707848451007,4.16444345137876,4.08959278050312,12.080136883847068,3.1467516373264317,4.825903558688227,1.072119608417881
12.080455751580374,3.1439567411721834,4.828971520263998,12.553675570381797,0.9516796435626562,4.071185011048492,2.3924151298936955
12.55295333863065,0.9507165194374668,4.068117049472721,7.153170008824508,1.6484981550736406,2.9013945779298798,5.658014589247854
