x1,y1,theta1,x2,y2,theta,length
8.17089351762652,3.281261361394623,3.652408255955712,2.094754047444299,0.5336557480104098,2.771903283709352,6.710762034316419
2.094243528028465,0.5338537267592266,2.770369302921468,0.6236473268061417,3.821730022101599,1.66130119328015,3.645192247067852
0.6235832437012396,3.8224364393981434,1.6597672124922638,1.1183606238051407,5.8428114002556155,0.7225049510941375,2.102637001927136
1.1186467049882158,5.843063383596156,0.7209709703062513,2.683324299018457,6.061594325242327,0.04295146206079836,1.5986546741429235
2.6841963842508374,6.061631569555879,0.04141748127291231,8.435254735652192,6.12687324977437,0.16873788666741943,5.751758816986135
8.43588348224653,6.126980395570222,0.17027186745530615,12.59673185750552,7.52292138161251,0.12732040539450612,4.3897298254591215
12.597487985893816,7.523017871403993,0.1257864246066226,13.471022902084474,7.1273808048962985,-1.319223477581651,1.0499358558610776
13.471091238456216,7.127114517862459,4.96242784881005,8.17129427514415,3.2814866295626044,3.6539422367435987,6.688044192477413
