x1,y1,theta1,x2,y2,theta,length
8.170983551488867,3.2812952575575016,3.6536234875982325,2.094196187684813,0.5335587526584457,2.7715408982156764,6.711461190535878
2.094196187684813,0.5335587526584457,2.7715408982156764,0.6234838376520759,3.8223543420659176,1.661117168728928,3.646277472307669
0.6234838376520759,3.8223543420659176,1.661117168728928,1.1184552049645942,5.843086451686504,0.7219378869942948,2.1031115089342847
1.1184552049645942,5.843086451686504,0.7219378869942948,2.683968965898265,6.061635813015826,0.04255198288246909,1.5995875177685996
2.683968965898265,6.061635813015826,0.04255198288246909,8.435864963431825,6.126925739229268,0.16881359358746428,5.752597673330009
8.435864963431825,6.126925739229268,0.16881359358746428,12.597257799134637,7.523066375884405,0.12686683014751093,4.390323167722369
12.597257799134637,7.523066375884405,0.12686683014751093,13.471490346725878,7.1272011411716845,4.963467119743246,1.0508275264311677
13.471490346725878,7.1272011411716845,4.963467119743246,8.170983551488867,3.2812952575575016,3.6536234875982325,6.689144803265525
