TIME,LB,UB,OPEN,GAP,TREE
0.018743038177490234,0.0,27.719454540971373,1,100.0,1
0.018784046173095703,25.10865249862243,27.719454540971373,1,9.41866312156319,1
0.07892704010009766,25.10865249862243,27.719454540971277,1,9.418663121562876,3
0.11093902587890625,25.10865249862243,27.719454540971277,2,9.418663121562876,4
0.26169490814208984,25.98920482798904,27.719454540971277,2,6.242004908230811,8
0.5347778797149658,26.719658115051338,27.719454540971277,2,3.6068401867077533,13
0.6204319000244141,26.719658115051338,27.719454540971277,2,3.6068401867077533,13
0.8337359428405762,27.08413655555779,27.719454540967874,1,2.291957024158311,13
0.8337850570678711,27.08413655555779,27.719454540967874,2,2.291957024158311,13
1.480449914932251,27.39150147030851,27.719454540966968,1,1.1831151661868853,13
1.4804959297180176,27.39150147030851,27.719454540966968,2,1.1831151661868853,13
3.272757053375244,27.549087400452592,27.719454540966293,1,0.6146121680061093,13
3.2728018760681152,27.549087400452592,27.719454540966293,2,0.6146121680061093,13
8.201340913772583,27.633269030311673,27.719454540966147,1,0.31092065872761515,13
8.20138692855835,27.633269030311673,27.719454540966147,2,0.31092065872761515,13
25.538272857666016,27.676005844507586,27.719454540966012,1,0.15674441354614213,13
25.538328886032104,27.676005844507586,27.719454540966012,2,0.15674441354614213,13
97.01919198036194,27.69766520707117,27.719454540966012,2,0.07860664740945286,13
395.7777009010315,27.70853624218358,27.719454540965984,1,0.039388577312253925,13
395.7777650356293,27.70853624218358,27.719454540965984,2,0.039388577312253925,13
1851.390202999115,27.71399145383246,27.719454540965984,2,0.019708494355292563,13
