x1,y1,theta1,x2,y2,theta,length
7.832544840438356,0.8825989107923811,3.291922770802586,2.630011150813091,2.3941647493120968,2.181320680373383,5.433790841723858
2.629840985722589,2.394408313269628,2.179786699585496,2.9095069886835923,6.4309819110463184,0.9679418771558366,4.065249853056947
2.9096948458836622,6.431254637393916,0.966407896367954,6.65910934118889,8.233675175249958,0.6089903727905982,4.166207814819226
6.659419364097502,8.233891390540826,0.6105243535784852,8.239718375939296,9.652065589681147,-0.13499030933393308,2.1516407542055216
8.23994998367198,9.652033814980122,6.146661017057764,11.781693251547766,3.5144733546596396,4.476155939050302,7.1341667786286465
11.781627821967252,3.514202076403827,4.474621958262415,7.832889877133514,0.8826513614463652,3.2934567515904734,4.765665808994449
