x1,y1,theta1,x2,y2,theta,length
7.8327892204115726,0.8825557503652589,3.2924471960253374,2.629819854321378,2.3942270097143115,2.1806018237758296,5.434290965301936
2.629819854321378,2.3942270097143115,2.1806018237758296,2.9095785315957388,6.431256059045089,0.9675783697695635,4.065769188565741
2.9095785315957388,6.431256059045089,0.9675783697695635,6.659421286704939,8.233853378759614,0.6090821426767008,4.166710774415477
6.659421286704939,8.233853378759614,0.6090821426767008,8.239739341521327,9.652216022341243,6.146961738409055,2.1519120680225527
8.239739341521327,9.652216022341243,6.146961738409055,11.781769448358414,3.5142286912919856,4.475710707937537,7.134739365821051
11.781769448358414,3.5142286912919856,4.475710707937537,7.8327892204115726,0.8825557503652589,3.2924471960253374,4.766032178839225
