x1,y1,theta1,x2,y2,theta,length
10.575878107552398,1.7910104371085136,3.423845118560751,9.185676902695393,0.6841223474765732,3.008136325043744,1.8036695000025826
9.185500258385314,0.6841463245187522,3.0066023442558563,8.367469544033437,1.7935394129910602,2.402213913828915,1.4022421818113402
8.36725203470603,1.7937372981696436,2.4037478946167994,4.801574698510114,3.622355151658739,2.4298255680108545,4.008585721072356
4.801188626846912,3.622688824858948,2.4282915872229696,2.032711111005409,7.5278422304606325,2.1859640558530327,4.787514779609238
2.0324540912662474,7.528205965272663,2.1859294591251826,0.5721360526058165,9.862366367460018,1.0078253776408688,2.812558136125253
0.572185145216748,9.862443927581271,1.0062913968529807,7.956621573439277,8.726737407430841,-0.3175340230923256,7.5335705640242105
7.956887137039536,8.72665003996563,5.964117303299372,13.193522214502721,6.078078279247572,5.2845638142660345,5.8746831492245
13.193772623267465,6.0776894683990745,5.283029833478148,13.304502179765487,1.428993698791398,3.8579616815323874,4.68421817618672
13.304313690004506,1.4288296882433449,3.856427700744502,10.576136265289191,1.791084922737344,3.422311137772862,2.7816998093360255
