x1,y1,theta1,x2,y2,theta,length
10.575900070844494,1.7910852333866463,3.4226043851461783,9.185672117507593,0.6840161152037981,3.0068228044141945,1.8039594439085151
9.185672117507593,0.6840161152037981,3.0068228044141945,8.367446901948442,1.7936145721106593,2.4033816462372797,1.4025497824387938
8.367446901948442,1.7936145721106593,2.4033816462372797,4.801382657222995,3.6224377058530424,2.4288958905117735,4.009033713340863
4.801382657222995,3.6224377058530424,2.4288958905117735,2.0328218158561664,7.527344932901281,2.185998543684115,4.7873662463959095
2.0328218158561664,7.527344932901281,2.185998543684115,0.5720222812826736,9.862394450994064,1.0065291960455824,2.81376237071633
0.5720222812826736,9.862394450994064,1.0065291960455824,7.956839678501788,8.726687046764678,5.965335743951333,7.533983595382886
7.956839678501788,8.726687046764678,5.965335743951333,13.19389802752624,6.077747990375622,5.284509454978849,5.875230938298334
13.19389802752624,6.077747990375622,5.284509454978849,13.304437323289736,1.4287325311413188,3.8575628611083332,4.684619493814598
13.304437323289736,1.4287325311413188,3.8575628611083332,10.575900070844494,1.7910852333866463,3.4226043851461783,2.782183855316303
