TIME,LB,UB,OPEN,GAP,TREE
0.043717145919799805,0.0,32.190540577645066,1,100.0,1
0.0437619686126709,29.40434199535052,32.190540577645066,1,8.655333313133113,1
0.17038607597351074,29.40434199535052,32.190540577645066,3,8.655333313133113,4
0.4197351932525635,29.40434199535052,32.190540577645066,5,8.655333313133113,8
0.5225071907043457,29.40434199535052,32.190540577645066,5,8.655333313133113,8
0.6020340919494629,29.594436274654164,32.190540577645066,5,8.064804928419822,8
0.9100921154022217,29.89752350080211,32.190540577645066,5,7.123263653532301,8
1.1354930400848389,30.938793189539975,32.190540577645066,5,3.8885565934682544,8
1.9240620136260986,30.984419205490227,32.190540577645066,5,3.746819253456212,8
2.0751140117645264,30.986455532216958,32.190540577645066,4,3.7404933990586455,8
4.921481132507324,31.56119441724141,32.190540577645066,5,1.9550655226980254,13
5.721253156661987,31.56119441724141,32.190540577645066,5,1.9550655226980254,13
6.4662251472473145,31.56119441724141,32.190540577645066,5,1.9550655226980254,13
7.240442991256714,31.56119441724141,32.190540577645066,5,1.9550655226980254,13
8.204217195510864,31.56119441724141,32.190540577645066,5,1.9550655226980254,13
9.370491981506348,31.56119441724141,32.190540577645066,5,1.9550655226980254,13
12.43074917793274,31.56119441724141,32.190540577645066,5,1.9550655226980254,13
13.297317028045654,31.56119441724141,32.190540577645066,5,1.9550655226980254,13
16.238492012023926,31.580532306934465,32.190540577645066,5,1.8949923168864875,13
16.31877303123474,31.72318025177199,32.190540577645066,4,1.4518560965007175,13
25.365878105163574,31.821543417951375,32.190540577645066,4,1.1462906589084867,13
32.753780126571655,31.94374754762982,32.190540577645066,4,0.7666632047385824,13
33.718456983566284,31.97624303678289,32.190540577645066,3,0.665715881177208,13
63.35536503791809,32.00505798406236,32.190540577645066,3,0.5762021707442675,13
166.0306100845337,32.09754684680599,32.19054057764503,2,0.28888527241329065,13
166.0307161808014,32.09754684680599,32.19054057764503,3,0.28888527241329065,13
188.43581199645996,32.12943190842227,32.19054057764503,2,0.1898342436199999,13
599.545755147934,32.143964462571006,32.19054057764476,1,0.14468882546849943,13
599.5458641052246,32.143964462571006,32.19054057764476,2,0.14468882546849943,13
2759.3956031799316,32.16722268450579,32.19054057764444,1,0.07243709711059344,13
2759.3956739902496,32.16722268450579,32.19054057764444,2,0.07243709711059344,13
