x1,y1,theta1,x2,y2,theta,length
8.773397493916509,2.413164944046301,2.995864478740657,1.8963070043000245,5.8927824661341095,1.3867186322486202,8.074049423575502
1.8963575019708125,5.893052759045121,1.385184651460734,8.341686482407676,6.698277432262685,0.16413594430376355,6.848478959206433
8.343178046727711,6.698525510337058,0.16566992509164924,9.27692097539797,7.007943047870729,0.35741752357735435,0.9843736297836914
9.278357200827632,7.008480626646953,0.35895150436524004,14.609163816449511,8.527904513508538,-0.7531845668518482,5.7415480834736385
14.60963528055039,8.527462171069262,5.528466759539851,13.180204297108862,2.8846125019609494,3.8058063347442754,6.068202469677651
13.179199216166475,2.883827517156455,3.8042723539563896,8.774878880179356,2.412947792798655,2.9973984595285432,4.462223632374675
