x1,y1,theta1,x2,y2,theta,length
8.774597826148513,2.4128207645490165,2.9961426947524052,1.8956086344662069,5.893151496092446,1.386048813491906,8.076633885982748
1.8956086344662069,5.893151496092446,1.386048813491906,8.342552051553094,6.698290703051799,0.16480356106118219,6.850812216885859
8.342552051553094,6.698290703051799,0.16480356106118219,9.277582809545791,7.0081713777581,0.35825167011670095,0.9857546906539645
9.277582809545791,7.0081713777581,0.35825167011670095,14.610138476304728,8.527943298242453,5.529594780002502,5.743535741557035
14.610138476304728,8.527943298242453,5.529594780002502,13.180272759725161,2.884125611112762,3.8046476109156755,6.0701049878365225
13.180272759725161,2.884125611112762,3.8046476109156755,8.774597826148513,2.4128207645490165,2.9961426947524052,4.463699054728311
