x1,y1,theta1,x2,y2,theta,length
12.98276162797386,9.24207489426325,2.5305476144413097,10.190601245341702,8.711659260452366,-3.0150369684034053,2.888003239594876
10.190601245341702,8.711659260452366,-3.0150369684034053,4.8195436046356726,8.693495371681339,-3.116663075638078,5.371246238898853
4.8195436046356726,8.693495371681339,-3.116663075638078,2.0273032554964696,8.419490142932363,3.9616645474553356,2.839398642843254
2.0273032554964696,8.419490142932363,3.9616645474553356,1.9905412330097363,3.301797684066139,4.555653083276387,5.153438383349624
1.9905412330097363,3.301797684066139,4.555653083276387,1.5942102183348459,1.155986431665165,5.588955619729273,2.2949986726202547
1.5942102183348459,1.155986431665165,5.588955619729273,6.21735632828444,3.4215266169137344,0.6446115149446913,5.276492102285995
6.21735632828444,3.4215266169137344,0.6446115149446913,7.546600198182598,4.611792143148628,0.23927008803718217,1.7953129538963983
7.546600198182598,4.611792143148628,0.23927008803718217,11.5946719745895,3.596561398500561,0.43612473408649505,4.212618179803123
11.5946719745895,3.596561398500561,0.43612473408649505,13.32854014113613,7.350268734013984,1.4170132082664506,4.1660595741801325
13.32854014113613,7.350268734013984,1.4170132082664506,12.98276162797386,9.24207489426325,2.5305476144413097,1.9692706704410579
