TIME,LB,UB,OPEN,GAP,TREE
0.02174687385559082,0.0,27.003041339986005,1,100.0,1
0.02177286148071289,24.56643722142028,27.003041339986005,1,9.023443277693357,1
0.13008689880371094,24.56643722142028,27.003041339986005,3,9.023443277693357,4
0.3813040256500244,24.56643722142028,27.003041339986005,5,9.023443277693357,8
0.7671008110046387,24.56643722142028,27.003041339986005,6,9.023443277693357,13
0.8819479942321777,24.56643722142028,27.003041339986005,6,9.023443277693357,13
1.3794548511505127,24.83818422388969,27.003041339986005,6,8.017086256467717,13
1.5768959522247314,25.388545630001584,27.003041339986005,6,5.978940259568769,13
1.763800859451294,25.554188782283326,27.003041339986005,5,5.365516200418593,13
3.114288806915283,25.836329364119624,27.003041339986005,5,4.320668776441556,13
3.2471818923950195,26.11420648149181,27.003041339986005,4,3.291610183101903,13
7.6276350021362305,26.400444234295016,27.003041243115497,3,2.231589410226581,13
7.627681016921997,26.400444234295016,27.003041243115497,4,2.231589410226581,13
7.741688966751099,26.622974820711065,27.003041243115497,3,1.4074948780124223,13
21.585166931152344,26.69823633807744,27.003041214494434,2,1.1287798066737185,13
21.585216999053955,26.69823633807744,27.003041214494434,3,1.1287798066737185,13
74.97667193412781,26.849112554186725,27.003041181305665,2,0.5700418189396604,13
74.97672581672668,26.849112554186725,27.003041181305665,3,0.5700418189396604,13
75.78044295310974,26.869775072554283,27.003041181305665,2,0.49352259197990916,13
284.2088899612427,26.925933835633977,27.003041181305665,2,0.28555059837137975,13
1350.8427958488464,26.963190505465676,27.003041180592508,1,0.14757847036678756,13
1350.8429009914398,26.963190505465676,27.003041180592508,2,0.14757847036678756,13
