x1,y1,theta1,x2,y2,theta,length
12.525874538013115,8.164438461247366,5.491651220630596,10.894483504489152,3.8550114595705827,4.190639453049922,4.886316361921919
10.892982771845427,3.8524010631860075,-2.092574123862081,8.718330020399405,0.7014005668236528,3.374757733348411,3.903148783204892
8.717156087439038,0.7011215603870251,3.3716897717726395,6.822071632432956,1.5385621485211616,2.8071848418307237,2.1323121801678253
6.8206432292919565,1.5390544978450036,2.810252803406495,4.080150120663065,1.842296986806526,2.7488935718910685,2.7636733423789055
4.075859508129284,1.845286749757337,2.552544031041707,3.015653352251719,4.109756330167265,1.472621556370215,2.552102206118987
3.0166074390133892,4.112327814536518,1.3744467859455345,12.525545694550113,8.164800734659309,-0.7853981633974476,10.744924769574792
