x1,y1,theta1,x2,y2,theta,length
12.518777620592727,8.173044437715488,5.459933377774873,10.866609629350721,3.8462756502348867,4.196442467381438,4.888986304189947
10.866609629350721,3.8462756502348867,4.196442467381438,8.717520786820357,0.7005494062527723,3.3769558469976624,3.885197019862976
8.717520786820357,0.7005494062527723,3.3769558469976624,6.818055397531738,1.540167002460444,2.801706239083484,2.1386606921465923
6.818055397531738,1.540167002460444,2.801706239083484,3.923772623198135,1.9714568632014642,2.544376690085038,2.9454307765980348
3.923772623198135,1.9714568632014642,2.544376690085038,3.022845242030269,4.134265702060161,1.2415580306591865,2.4397407732677685
3.022845242030269,4.134265702060161,1.2415580306591865,12.518777620592727,8.173044437715488,5.459933377774873,10.705025614527187
