x1,y1,theta1,x2,y2,theta,length
13.891912564986974,4.669668202200725,3.141592653589793,1.0810874350130237,8.333331797799275,3.9269908169872387,13.373448736288791
1.0234640164856261,8.271214997597657,4.71238898038469,3.8753126788110115,0.8047850024023436,5.497787143782137,7.997618931835919
4.003887425486702,0.7004606091854548,-0.15667240879676772,6.760112574513298,0.36931608611118144,7.068583470577034,2.8074592737436728
6.809127810114451,0.43855564048383244,1.5707963267948966,5.664872189885549,2.6824443595161673,1.5707963267948974,2.5280938943830287
5.71283020400748,2.746080394034809,0.7853981633974483,13.478169795992518,1.2759196059651903,0.7853981633974456,7.979570734560783
13.498888086324465,1.3175510055082071,1.5707963267948966,9.007111913675534,5.273225689788429,2.3561944901923453,6.010482256984879
8.99629356089741,5.408331185956852,1.5707963267948966,12.543706439102591,9.54366881404315,6.328271240363392e-15,5.488656319900064
12.632953151072558,9.524930926265897,5.497787143782138,13.956270153630806,4.734069073734104,3.9269908169872414,5.0231282492436655
