x1,y1,theta1,x2,y2,theta,length
2.928702792113035,4.63824729200813,4.755340442445488,2.41210448329599,3.2267666877744645,4.534447208989955,1.518766615548327
2.4110804735621683,3.2209675102229736,4.540583132141498,3.0329209971888695,1.2362677946076963,5.798447378207723,2.192447148093491
3.0359671225908973,1.2346574091914477,5.804583301359266,5.807145509468044,2.216549293855459,6.737243620393736,3.051723842323512
5.812658531900481,2.2192344288923382,0.44792239006260726,7.608103921037026,2.8017331583256206,-0.22089323345553286,1.9199083906912608
7.6128794188072595,2.8006290103797933,6.0561561505725106,9.093839154476699,1.4643944050319586,5.798447378207724,2.029143726114887
9.098868287026283,1.4617867499011648,5.804583301359266,12.33295980742978,1.1450012893105765,6.454991155422778,3.2622089759483077
12.338800717423883,1.1460334301414143,0.17794177139473438,14.445738234113106,2.12484573888054,0.6994952392758519,2.329096306902309
14.451016759368311,2.127920956960647,0.7010108313344885,14.68503850136641,2.4153123281180315,1.073786551519949,0.37277572018546046
14.687397640235764,2.420162941428144,1.0799224746714913,13.973106333398004,8.169846887629673,2.773437264497239,6.043060671281571
13.970814795426438,8.170729106016136,2.779573187648782,10.30023434237725,6.076406343927003,2.8347964960126655,4.516711789455373
10.29756641099445,6.077248535192913,2.8286605728611223,8.88702050671575,8.950433908825048,2.63231103201176,3.386128589018287
8.883679982416595,8.952270625464978,2.6384469551633027,6.780711541861432,8.47167866340436,3.6631461214709113,2.242283129400754
6.775434635630545,8.468641734361606,3.6692820446224537,6.149251736036321,8.009586483774035,3.6999616603801666,0.776743974263254
6.144059192067397,8.006365917595561,3.693825737228624,5.392812096574797,7.741362439000021,3.147728576741336,0.8063594147932067
5.3873278552376265,7.741370544689675,3.141592653589793,1.3334755073618427,8.855273192266242,3.9638063558964967,4.466654911776427
1.3323460774692097,8.854041992080395,3.9699422790480394,2.9284527508267724,4.643608191603042,4.76147636559703,4.775396416501927
