x1,y1,theta1,x2,y2,theta,length
13.567054937902498,8.062888660801367,2.6906023019514143,10.059020916106038,6.2914409373857065,3.1047771146805396,3.968492341013993
10.05836494113119,6.29146712435291,3.1017091531047667,9.78657013232203,6.463861933273402,2.0616701789183027,0.33343448521750113
9.786255268585423,6.4644566243263295,2.0586022173425307,9.75514675667822,7.143127940787882,1.8346410223112284,0.6842586854172661
9.754952724016167,7.1438390728456085,1.8377089838869982,8.706348143506256,8.872954199770119,2.3592624517681173,2.023722922385093
8.705819339232239,8.873477984942268,2.362330413343887,7.248665498271492,9.74017951378749,2.8532042654672924,1.6966547325472645
7.247952668746021,9.740388708194496,2.856272227043064,3.0474787168565527,9.793465415795342,4.025165587411923,4.23137093154309
3.0471844460864213,9.79310547301546,4.028233548987695,3.3969566254110486,7.761767083863737,4.427068553837958,2.0937552476445838
3.396768600239536,7.761128870968128,4.424000592262188,1.7887835195297237,6.150324503815255,4.295146206079795,2.283636363772076
1.7884960322091754,6.149675963050678,4.298214167655566,1.7434200941093667,4.467984697453374,5.080544369477243,1.6872464714794164
1.743675262225803,4.467324741438208,5.083612331053015,3.997654392053371,2.1131545770279527,5.816855147662349,3.263365877698364
3.9983007100334027,2.112831664784856,5.819923109238122,6.477212877045235,1.788059712594917,5.899690110208174,2.5024008518816854
6.477899069099858,1.7877815932932761,5.896622148632404,7.777639403281119,1.0155078737361052,6.844622275545732,1.5716600527930769
7.777866609059178,1.0156514800469245,0.5645049299419159,7.373887297082619,4.4616697223702,0.6350680461846556,3.5828522951886703
7.37414427661004,4.461858973398044,0.6320000846088842,14.759699474523606,0.6886900690109015,0.6135923151542573,8.401332695599066
14.759971702060145,0.6888821796345538,0.6166602767300278,13.56745388465357,8.062695428646471,2.6875343403756404,7.558719935171681
