TIME,LB,UB,OPEN,GAP,TREE
0.033660888671875,0.0,28.975547859110804,1,100.0,1
0.03369402885437012,25.585516343514534,28.975547859110804,1,11.699628707901514,1
0.12138986587524414,25.585516343514534,28.975547859110442,1,11.699628707900409,3
0.1704709529876709,25.585516343514534,28.975547859110442,2,11.699628707900409,4
0.37016987800598145,27.11486781626535,28.975547859110442,4,6.421552585967969,8
0.7199859619140625,27.721682895333554,28.975547859110442,4,4.327320987591437,13
1.1812129020690918,27.727977850152037,28.975547859110442,5,4.305595928762211,19
1.3064889907836914,27.727977850152037,28.97554785909372,4,4.305595928706983,19
1.3065190315246582,27.727977850152037,28.97554785909372,5,4.305595928706983,19
1.6225879192352295,28.237057603310195,28.975547859060832,4,2.5486671014563984,19
1.6226158142089844,28.237057603310195,28.975547859060832,5,2.5486671014563984,19
1.7219688892364502,28.34440880195013,28.975547859060832,5,2.1781781665720605,19
2.556442975997925,28.582545676259713,28.975547859055542,4,1.356323561878768,19
2.556478977203369,28.582545676259713,28.975547859055542,5,1.356323561878768,19
2.821682929992676,28.75741716509311,28.975547859055542,4,0.7528095586784972,19
4.9847328662872314,28.773350590421902,28.97554785904952,3,0.6978203470429585,19
4.984784841537476,28.773350590421902,28.97554785904952,4,0.6978203470429585,19
5.063916921615601,28.78361356535627,28.97554785904952,3,0.6624009134422864,19
5.214051961898804,28.808793181744903,28.97554785904952,2,0.5755013783200541,19
12.248251914978027,28.873115749086097,28.97554785904914,1,0.3535122457781367,19
12.248292922973633,28.873115749086097,28.97554785904914,2,0.3535122457781367,19
33.11951780319214,28.92397901318918,28.97554785904899,1,0.1779736697668935,19
33.11957001686096,28.92397901318918,28.97554785904899,2,0.1779736697668935,19
107.23637986183167,28.94965041714509,28.975547859048792,1,0.08937688436360026,19
107.23642587661743,28.94965041714509,28.975547859048792,2,0.08937688436360026,19
443.6561288833618,28.962579361355708,28.975547859048792,2,0.04475669539077932,19
2892.3733608722687,28.96905565128796,28.975547859048792,2,0.022405815387558935,19
