x1,y1,theta1,x2,y2,theta,length
7.804397457177236,0.8765958060396017,0.2684466378799872,11.781717675606906,3.514575509290512,1.3314953238847371,4.791089649961973
11.781783700732204,3.5148461310631807,1.333029304672622,8.243372675405109,9.651590242480783,3.0188741905589405,7.133276852955392
8.243145336448185,9.651618013513232,3.020408171346827,6.7371987151300425,8.270247238674889,3.406971329894011,2.0777035103212724
6.736882036489254,8.270161172156579,3.4054373491061236,2.529288719607411,9.31170289490711,3.8840393549264425,4.380439885488142
2.5291414839237696,9.31156748589355,3.885573335714329,2.93381731507008,6.6708841891475785,5.1127579660228415,2.711598697882499
2.9339637008500863,6.670538497105884,5.114291946810727,6.944852374962263,0.9232088244426804,5.781573589540983,7.0129087526159415
6.945153253751293,0.9230441959612968,5.783107570328868,7.804044793623724,0.8764987879459489,6.5500979642716874,0.8652831808391872
