x1,y1,theta1,x2,y2,theta,length
7.804064547581012,0.8764446069039766,0.2683925154484138,11.78192313844224,3.5148622583523337,1.3315103452995174,4.791781177612437
11.78192313844224,3.5148622583523337,1.3315103452995174,8.243372312044082,9.651745133440816,3.020023022131419,7.133685912679462
8.243372312044082,9.651745133440816,3.020023022131419,6.736905824950904,8.270064971176,3.406869637189872,2.0783286092344913
6.736905824950904,8.270064971176,3.406869637189872,2.5291606835205873,9.311807283280503,3.885112254304322,4.380820733207642
2.5291606835205873,9.311807283280503,3.885112254304322,2.933909428001754,6.670566508087556,5.11296199967372,2.712215947286925
2.933909428001754,6.670566508087556,5.11296199967372,6.94493795787446,0.9230642953361194,5.782448613432654,7.013160262893111
6.94493795787446,0.9230642953361194,5.782448613432654,7.804064547581012,0.8764446069039766,0.2683925154484138,0.8655552161347206
