TIME,LB,UB,OPEN,GAP,TREE
0.04306602478027344,0.0,34.09897828653301,1,100.0,1
0.04312300682067871,32.1241154628118,34.09897828653301,1,5.7915601081254655,1
0.1605839729309082,32.1241154628118,34.098978286532976,1,5.791560108125368,3
0.23057794570922852,32.1241154628118,34.098978286532976,2,5.791560108125368,4
0.5405659675598145,32.80257165134676,34.098978286532954,2,3.80189290216416,8
0.5406429767608643,32.80257165134676,34.098978286532954,3,3.80189290216416,8
0.9750189781188965,33.00847705352815,34.098978286532954,3,3.1980466506689535,13
1.5652189254760742,33.031835727004655,34.098978286532954,5,3.1295440894478554,19
2.424855947494507,33.031835727004655,34.098978286532336,5,3.129544089446099,26
2.424950122833252,33.031835727004655,34.098978286532336,6,3.129544089446099,26
3.5774290561676025,33.031835727004655,34.098978286532336,6,3.129544089446099,34
3.8254740238189697,33.031835727004655,34.098978286532336,6,3.129544089446099,34
4.088221073150635,33.031835727004655,34.098978286532336,6,3.129544089446099,34
4.262069940567017,33.05580893278952,34.098978286532336,6,3.059239326695096,34
4.9557130336761475,33.314964276005426,34.098978286532336,6,2.2992302113537595,34
5.627955913543701,33.49356737193512,34.098978286532336,6,1.775451773099978,34
6.0501649379730225,33.552626516114174,34.098978286532336,6,1.6022526124600884,34
7.90687108039856,33.68481953409023,34.098978286532336,6,1.2145781875396566,34
8.075436115264893,33.82886600418787,34.098978286532336,5,0.7921418644122439,34
10.020301103591919,33.837019588613515,34.098978286532336,5,0.7682303432014678,34
11.32300591468811,33.872132996768826,34.098978286532336,5,0.6652553864146258,34
16.52518606185913,33.88512194698353,34.098978286532336,5,0.6271634820016563,34
16.623345136642456,33.957225950226736,34.098978286532336,4,0.4157084564659429,34
31.069819927215576,33.990647818357864,34.098978286532336,4,0.3176941762423952,34
36.692551136016846,34.02997708206862,34.098978286532336,3,0.20235563624195077,34
40.771244049072266,34.03946713720485,34.098978286532336,2,0.17452472865144072,34
85.95561599731445,34.04428474864814,34.098978286532336,2,0.1603964125394326,34
237.13544702529907,34.071570847490726,34.098978286532336,2,0.0803761297810942,34
790.7123520374298,34.08524772490635,34.098978286532336,2,0.040266783100087,34
3112.3511419296265,34.09210713827624,34.098978286532336,2,0.020150598643624194,34
