x1,y1,theta1,x2,y2,theta,length
4.0374115079572634,1.2619523544478566,3.109379057044195,0.23950894841063797,0.7656150223567852,2.201262430615894,3.881103741789955
0.23940225605165744,0.7657612014686831,2.199728449828009,1.969883184269482,4.377610166201813,0.7301748550335643,4.0581751143774545
1.9701229983180992,4.377824763403114,0.7286408742456796,9.651749315590946,7.341958875875055,0.3543495620015738,8.235632551173792
9.651948957516893,7.342032543934069,0.3528155812136975,12.825181507497145,8.382893439473348,-0.4786020058203198,3.3607969870140852
12.825331304868147,8.38281542749135,5.80304932057138,13.19138749732902,7.150507618556111,4.304350090807107,1.3202601484471141
13.191303552922092,7.15031340615703,4.302816110019223,12.287596815052135,6.600712698841744,3.908583047532615,1.0692386220114392
12.287212308207717,6.600341811111069,3.9101170283204993,8.888521450255109,0.6840385595387821,4.434738457777387,6.8245519840105455
8.88843967451019,0.6837507556244973,4.436272438565274,8.774995104959949,0.242485627356525,3.7950684692290757,0.47307385580300104
8.774898124051663,0.2424114174023226,3.79353448844119,4.037686319315907,1.2619434888857184,3.10784507625631,4.872708486491852
