x1,y1,theta1,x2,y2,theta,length
4.037671343357342,1.2619716973943027,3.1092766525219333,0.23919980571332322,0.7657314787612145,2.2011993357295982,3.881657831721441
0.23919980571332322,0.7657314787612145,2.2011993357295982,1.97004195548302,4.377834286448262,0.7298836683468997,4.05877446448103
1.97004195548302,4.377834286448262,0.7298836683468997,9.651844102339775,7.341995260086941,0.35354494361189887,8.235826595684962
9.651844102339775,7.341995260086941,0.35354494361189887,12.825197224065846,8.382987359695603,5.8031113030868395,3.361071456890657
12.825197224065846,8.382987359695603,5.8031113030868395,13.191376150937476,7.15026699663784,4.304258532317976,1.320700487054736
13.191376150937476,7.15026699663784,4.304258532317976,12.287210455716771,6.600447510659148,3.90881209666295,1.0698284641974398
12.287210455716771,6.600447510659148,3.90881209666295,8.888452370710446,0.6839316252389667,4.435643497024253,6.8247894329436045
8.888452370710446,0.6839316252389667,4.435643497024253,8.77494214760755,0.24235120613647157,3.7948002067330058,0.473420358901376
8.77494214760755,0.24235120613647157,3.7948002067330058,4.037671343357342,1.2619716973943027,3.1092766525219333,4.872909194657091
