x1,y1,theta1,x2,y2,theta,length
12.542355018169397,8.73222477139787,2.4697090684958827,5.7055969864939176,8.26943042086245,3.251573439782696,6.923508462532423
5.7033422023784235,8.269181617191956,-3.031773084040639,2.6529255228414104,7.727984629168031,3.9009131435931854,3.1360671570168313
2.651749324559119,7.726867582741234,3.902447124381071,1.8096659736841465,1.932954185330334,5.350524988145116,5.980954566897218
1.8092515420588968,1.931014588876112,5.352057612959195,2.00116234074237,1.7358376317495308,5.626641529964532,0.27458391700533724
2.001767703941465,1.735330114244104,5.628175510752418,7.758695865142544,3.7992888778375615,6.534758156392831,6.294964582021173
7.760524227554419,3.799755917903207,0.25003886842535955,11.137911771064097,4.165602651371437,0.5767767762450012,3.4171224255544606
11.139284325231824,4.16649747768455,0.5783107570328867,12.94067656923363,7.439354740017974,1.3867186322486198,3.761294253495132
12.940956060063918,7.440868652317551,1.3882526130365054,12.543288613551294,8.731480990406453,2.4681750877079978,1.4094998278526965
