x1,y1,theta1,x2,y2,theta,length
12.543211471035747,8.732301003963492,2.4689654176089526,2.65109336390176,7.7270939356237225,3.9008287124718017,10.064821563854245
2.65109336390176,7.7270939356237225,3.9008287124718017,2.003411099207911,1.7330553662651336,5.634042998756706,6.264726742042981
2.003411099207911,1.7330553662651336,5.634042998756706,7.758364209852314,3.799385652864819,0.24981409901483975,6.291064325228369
7.758364209852314,3.799385652864819,0.24981409901483975,11.138649846362359,4.165533974729305,0.5777418790210452,3.4201539965082395
11.138649846362359,4.165533974729305,0.5777418790210452,12.94124531851786,7.441136747019132,1.3879850999830325,3.7644135264944674
12.94124531851786,7.441136747019132,1.3879850999830325,12.543211471035747,8.732301003963492,2.4689654176089526,1.4103319071324032
