x1,y1,theta1,x2,y2,theta,length
2.4631703553192295,3.73148471733575,4.8979675430556195,2.6794269476806285,2.4114079834544393,5.3765620496559015,1.3690864625303716
2.6794269476806285,2.4114079834544393,5.3765620496559015,6.289539314671756,1.5012887743890584,0.2603935190288089,3.792706293523069
6.289539314671756,1.5012887743890584,0.2603935190288089,7.935083619958766,2.7952608704260955,0.4728921040004609,2.1090457772514513
7.935083619958766,2.7952608704260955,0.4728921040004609,7.9630001,2.809000000000005,0.44178656691106466,0.03110553708939623
7.9630001,2.809000000000005,0.44178656691106466,8.961399935093285,3.016857344832947,0.0414110830832871,1.0229064181639371
8.961399935093285,3.016857344832947,0.0414110830832871,12.910430237635094,2.6828213253355964,0.21486047042081924,3.9682981194625255
12.910430237635094,2.6828213253355964,0.21486047042081924,13.568603521430871,3.1692121167756477,1.0579975715817704,0.8431371011609512
13.568603521430871,3.1692121167756477,1.0579975715817704,13.184993306100926,4.89842871917577,1.858164164160677,1.8675235337768936
13.184993306100926,4.89842871917577,1.858164164160677,12.95245495827113,6.95878453962375,1.9847317271732834,2.080033799232634
12.95245495827113,6.95878453962375,1.9847317271732834,11.786425561164618,8.205046299771434,2.655047956907287,1.7191748863657934
11.786425561164618,8.205046299771434,2.655047956907287,10.257338361018215,8.265813699068131,3.6804836217703762,1.580536001834616
10.257338361018215,8.265813699068131,3.6804836217703762,9.96598702706875,8.00144011543247,4.076475620223005,0.39599199845262856
9.96598702706875,8.00144011543247,4.076475620223005,9.223308579696521,6.939519401692678,3.622621686826063,1.3231389802572762
9.223308579696521,6.939519401692678,3.622621686826063,7.5990917266604034,6.938295733683119,3.362476010536323,1.6555111280937975
7.5990917266604034,6.938295733683119,3.362476010536323,5.719993397744817,6.117238185740426,2.9054083774891626,2.1177698314038502
5.719993397744817,6.117238185740426,2.9054083774891626,4.897870286237627,6.90753504807485,2.2594073936180976,1.1824376941927088
4.897870286237627,6.90753504807485,2.2594073936180976,1.097569934289857,8.96796986546698,3.7933316632343383,4.612472401783947
1.097569934289857,8.96796986546698,3.7933316632343383,2.4631703553192295,3.73148471733575,4.8979675430556195,5.707134816375287
