x1,y1,theta1,x2,y2,theta,length
8.969122552906956,3.8364725428084823,-2.6467699900816934,2.1558693312985855,0.6035618958334749,2.7212819177091276,7.653743339668838
2.154830758795313,0.6040280877897299,2.718213956133356,1.0050219805209148,3.831804477349408,1.6352235198860943,3.5290521132669794
1.004854366235742,3.834412048670946,1.6321555583103224,1.3836194574442104,5.62871341887702,0.816077779155161,1.8696399948874949
1.3847063941991975,5.629862330155327,0.8130098175793898,7.976976703132989,6.89701234503904,0.15917322898519606,6.755381351339271
7.9809074684389065,6.897643081363274,0.15903710577070296,12.198910966311765,7.41397720768933,-0.41110685115335244,4.276934553849912
12.201009663194936,7.414377731693943,5.869086123695783,12.743249085443377,6.827108425973947,5.046796792143761,0.8222893315520219
12.74344803488757,6.82657456388033,5.043728830567989,8.971946625221111,3.8379973168473454,3.6369131372532157,5.158970840494673
