x1,y1,theta1,x2,y2,theta,length
2.154894248367637,0.6031864814411083,2.7200209058431777,1.0046686485545644,3.833874451109282,1.634594053518158,3.53269766316249
1.0046686485545644,3.833874451109282,1.634594053518158,1.3847345506508035,5.630771825891953,0.8137405214682482,1.8728700433616003
1.3847345506508035,5.630771825891953,0.8137405214682482,12.74322034390382,6.833500196643398,5.040585757914344,11.867316382295899
12.74322034390382,6.833500196643398,5.040585757914344,2.154894248367637,0.6031864814411083,2.7200209058431777,12.817921038952207
