x1,y1,theta1,x2,y2,theta,length
6.79579539528093,0.9521998785941255,0.11965050145508001,10.911644951391153,3.20950502566015,0.7700583555185887,4.697331464292539
10.91217595571222,3.2100202502585087,0.7731263170943632,11.492902948624893,4.175789549751346,1.067650628368408,1.1276541065596948
11.493270558413826,4.176462209239221,1.0707185899441773,11.709913306798349,4.560086999239763,0.6933593161243101,0.44294028804302266
11.710454592559765,4.560534644998491,0.6902913545485385,12.917619938901483,4.947007994519923,0.6780195082454548,1.2724200083798052
12.918167953674422,4.947452168059278,0.6810874698212246,13.321039962136876,5.640950845405118,0.7731263170943634,0.8053505466840007
13.321562633631956,5.641460487159721,0.7700583555185919,15.218570844005294,6.792363586424318,1.7272623671592284,2.2902412337540103
15.218534752964931,6.7925890338548,1.7303303287350031,2.662290648513876,8.637129866322384,4.1386801657154635,12.827228174366793
2.6621183162506967,8.636862028466124,4.1417481272912315,4.23350654421299,5.759222063929077,4.42400059226219,3.3539949191878984
4.233363798949406,5.7587425533350824,4.420932630686417,2.710577418632646,4.923222286344441,4.227651051412826,1.7686563927020176
2.7102972618054633,4.922688377215485,4.230719012988597,3.2454946226386805,1.9486024312076837,5.45483568172134,3.0409705506306417
3.2459342049785707,1.9481236793789074,5.4579036432971115,6.795089745177735,0.9521164594210721,6.399767847058897,3.695658261607353
