x1,y1,theta1,x2,y2,theta,length
13.709774632812877,1.8384895866744402,4.2030856849079825,13.668159834014972,1.7704884370608525,4.123340357836604,0.07974532707137905
13.557271303060563,1.6915180131271799,3.9269908169872414,10.213968762221723,1.1450708647339063,3.1415926535897922,3.433759482857861
10.054828179857305,1.1631854035620721,2.945243112740431,7.518010687625102,2.0399186351670155,2.5525440310417076,2.687384589380112
7.356267538010086,2.1863027443803915,2.356194490192345,7.793788651997942,4.493575534774721,4.440892098500626e-16,3.014127367139043
7.704281225147799,4.5544164647185985,6.086835766330224,8.340660515434216,4.12920141733497,5.301437602932776,0.7853981633974483
8.169979461432927,4.136700417378935,5.105088062083414,4.654427484673083,2.978888951550328,2.945243112740431,4.565234891082764
4.440203982390182,3.0660140785887595,2.748893571891069,1.3166947722953033,5.725227344702344,1.9634954084936207,4.1252091929536645
1.2558301968752215,5.871233218416654,1.7671458676442586,1.6067320174168689,7.593061195864055,0.7853981633974484,1.8050084232001877
1.6739801573409379,7.638873427750376,0.5890486225480862,3.2378541789115802,7.598110090680107,-5.551115123125783e-17,1.6232128216102264
3.4022683759035743,7.624719055901404,0.19634954084936207,4.959329322754568,8.56916361240727,0.3926990816987239,1.8307271188771836
5.09349273898125,8.594658372529699,0.19634954084936207,13.042848919975894,6.699687787490029,-0.785398163397449,8.213002028031724
13.197475326221939,6.52949739883974,5.301437602932776,13.74832294480156,2.0947338646342804,4.319689898685965,4.508183069604952
