TIME,LB,UB,OPEN,GAP,TREE
0.019073963165283203,0.0,26.76325363858019,1,100.0,1
0.019112110137939453,24.029640457618505,26.76325363858019,1,10.214054008071283,1
0.1168830394744873,24.029640457618505,26.76325363858019,2,10.214054008071283,4
0.2825751304626465,24.643609499362057,26.76325363858019,2,7.919979266506627,8
0.5739610195159912,25.13854715196601,26.76325363858019,3,6.070661320012703,13
0.6614420413970947,25.13854715196601,26.76325363858019,3,6.070661320012703,13
0.8964669704437256,25.70059075903638,26.763253638522272,2,3.9706042241303754,13
0.8965129852294922,25.70059075903638,26.763253638522272,3,3.9706042241303754,13
1.5813210010528564,26.21934014194329,26.763253638522272,3,2.0323145456279152,13
1.693371057510376,26.419570755339414,26.763253638522272,2,1.2841595712718963,13
3.6307220458984375,26.478917539122598,26.763253638502565,1,1.062412303154767,13
3.630764961242676,26.478917539122598,26.763253638502565,2,1.062412303154767,13
9.225088119506836,26.6187704243331,26.76325363849849,1,0.5398566860254755,13
9.225134134292603,26.6187704243331,26.76325363849849,2,0.5398566860254755,13
27.92233896255493,26.690417311405636,26.763253638497446,1,0.27215049438921435,13
27.922386169433594,26.690417311405636,26.763253638497446,2,0.27215049438921435,13
119.21265316009521,26.726665409695627,26.76325363849723,1,0.13671069032119437,13
119.21271014213562,26.726665409695627,26.76325363849723,2,0.13671069032119437,13
483.0846960544586,26.74492151646671,26.763253638497186,1,0.06849735939469617,13
483.08476400375366,26.74492151646671,26.763253638497186,2,0.06849735939469617,13
2320.526818037033,26.754080567590936,26.763253638497137,1,0.03427487191992875,13
2320.5268881320953,26.754080567590936,26.763253638497137,2,0.03427487191992875,13
