x1,y1,theta1,x2,y2,theta,length
7.814096657339863,1.0405188974875585,3.2781169437116153,2.774654239598661,2.4919055709418956,2.1751847572218375,5.277068644599085
2.7743718937395405,2.4923150179323463,2.173650776433953,3.090025151675302,6.315852344280001,0.9848156658225826,3.8736364216161663
3.0903730280087602,6.3163755889090085,0.9832816850346959,6.623277439698588,8.293433405248269,0.5936505649117427,4.057676706309495
6.623681394715653,8.29370675420569,0.5951845456996288,8.183316441725447,9.363573088525202,-0.16566992509164935,1.9342884457933351
8.183852272731347,9.363483071366018,6.1159814013000515,11.740927854693187,3.526185700684893,4.470020015898757,6.9259631489053035
11.740851610933932,3.5258781877727303,4.468486035110872,7.8146680349456235,1.0405982232028075,3.279650924499503,4.6900307968045265
