x1,y1,theta1,x2,y2,theta,length
7.814156296894761,1.0404030704624954,3.2794836351332686,2.7743285183949205,2.4920080078810467,2.1744663383942338,5.277637212316831
2.7743285183949205,2.4920080078810467,2.1744663383942338,3.090050513425841,6.316192102467097,0.9840116917594931,3.8744300213752876
3.090050513425841,6.316192102467097,0.9840116917594931,6.623351770771982,8.293454397264052,0.5949516048343816,4.058168939192606
6.623351770771982,8.293454397264052,0.5949516048343816,8.183672774386993,9.363833745393055,6.116815520698427,1.9352662324952785
8.183672774386993,9.363833745393055,6.116815520698427,11.74104031717808,3.5259801841497724,4.469300915933424,6.926840837011193
11.74104031717808,3.5259801841497724,4.469300915933424,7.814156296894761,1.0404030704624954,3.2794836351332686,4.6909103961059415
