x1,y1,theta1,x2,y2,theta,length
2.5488862922309243,9.332125086658388,0.8568521646056363,8.233447515158167,9.653160172623569,-0.16167340862604668,5.715192971206335
8.233447515158167,9.653160172623569,-0.16167340862604668,15.216216221964745,6.817449953479957,4.770101114315118,7.5943643137221235
15.216216221964745,6.817449953479957,4.770101114315118,13.327644944696496,5.647772702178796,-2.3334870387278466,2.275843625436259
13.327644944696496,5.647772702178796,-2.3334870387278466,12.947536742768216,4.967656082249814,3.677071249208615,0.7872715707090502
12.947536742768216,4.967656082249814,3.677071249208615,11.399841615266945,4.903192968665104,4.09426379485653,1.5907985346170705
11.399841615266945,4.903192968665104,4.09426379485653,11.7857635952563,3.528832928152338,4.415138976997632,1.4716923390175103
11.7857635952563,3.528832928152338,4.415138976997632,7.809876780186266,0.8779682469192829,3.3859500900735506,4.793557427456099
7.809876780186266,0.8779682469192829,3.3859500900735506,6.867948327737847,0.9500262896243545,2.968618797453498,0.946165282133242
6.867948327737847,0.9500262896243545,2.968618797453498,3.2516768476489695,1.9413342686519128,2.277929613752826,3.7586332966016447
3.2516768476489695,1.9413342686519128,2.277929613752826,2.5488862922309243,9.332125086658388,0.8568521646056363,7.454921577864201
