x1,y1,theta1,x2,y2,theta,length
2.5052788474651866,1.9290145673306358,-0.22538911352048008,6.537274543128087,1.0045388232626382,-0.22538911352048008,4.136622377159201
6.911184661267833,1.0003760041275092,6.283185307179586,13.828815338732168,2.822177386465764,7.853981633974482,7.3377368608918525
13.827475512464506,2.8921761105242982,2.356194490192345,8.578524487535493,3.954377280068976,2.356194490192345,5.391169703649695
8.52711729466445,4.119002864336251,1.5707963267948966,9.725436095928824,5.4929971356637495,0.7701926255902581,1.858214538605307
10.03204253710585,5.715446211786126,0.485105154080487,13.271957462894148,7.448553788213874,0.7853981633974483,3.67650963161272
13.278631435313732,7.638650558908906,1.5707963267948966,12.239815174092994,8.561349441091096,2.586299749066363,1.4520483756094333
11.906096496128464,8.576623843614806,3.141592653589793,5.833903503871537,5.657376156385196,3.141592653589793,6.753095878470107
5.511941710177591,5.689507148518469,2.4788401284854036,0.8186116804156855,9.218492851481532,3.141592653589793,5.894837519451493
0.7138336801636215,9.150507375131763,3.9269908169872414,2.2727197104296524,2.157492624868238,5.497787143782138,7.261721553335913
