x1,y1,theta1,x2,y2,theta,length
12.418438634282154,8.570922216101039,0.20741470877902618,15.105972809797326,9.136648583553905,5.508106516022826,2.9529953887218863
15.105972809797326,9.136648583553905,5.508106516022826,14.83299272209487,6.990153933374223,4.3860858086697245,2.349949078648455
14.83299272209487,6.990153933374223,4.3860858086697245,13.187178567091326,0.6812438777435635,3.663309598448043,6.608880601464431
13.187178567091326,0.6812438777435635,3.663309598448043,11.192437888696373,1.0474564781562647,2.5071739126240846,2.1097734227202984
11.192437888696373,1.0474564781562647,2.5071739126240846,9.50198170320707,2.9349849522888327,2.863925065497021,2.5734188077886553
9.50198170320707,2.9349849522888327,2.863925065497021,8.214734641842215,2.6412002852561076,3.469969785551216,1.3508313454188525
8.214734641842215,2.6412002852561076,3.469969785551216,6.363084531965926,2.2686235704791797,2.8870823162416785,1.9077003141205524
6.363084531965926,2.2686235704791797,2.8870823162416785,1.681561039690886,6.69786086550393,2.250168965896765,6.467252302164654
1.681561039690886,6.69786086550393,2.250168965896765,1.091076334386396,8.629978317537988,1.0399834559610908,2.1547610721447095
1.091076334386396,8.629978317537988,1.0399834559610908,12.418438634282154,8.570922216101039,0.20741470877902618,11.522552197373459
