x1,y1,theta1,x2,y2,theta,length
12.432103770788393,8.515753538537147,0.20339181197978407,15.581914898586781,9.657143158719114,5.45962486418232,3.4927824063350226
15.581914898586781,9.657143158719114,5.45962486418232,14.484021097923797,7.091883829468212,4.355082237682951,2.928822034619854
14.484021097923797,7.091883829468212,4.355082237682951,13.160946307407901,0.6507620775180757,3.739249765374436,6.614686141451742
13.160946307407901,0.6507620775180757,3.739249765374436,11.144100783328993,0.9553965673181823,2.4759044412141846,2.086464402648615
11.144100783328993,0.9553965673181823,2.4759044412141846,9.695776119071317,3.4322232046476446,2.964236657501078,2.935135620919527
9.695776119071317,3.4322232046476446,2.964236657501078,8.752353120673336,2.771625844610021,4.193692876313149,1.2067911781504166
8.752353120673336,2.771625844610021,4.193692876313149,8.360069532544326,1.844474977240327,3.711057468102079,1.0313540978776523
8.360069532544326,1.844474977240327,3.711057468102079,7.446463007570596,1.856115408274184,3.2481401881185485,0.9369975938223012
7.446463007570596,1.856115408274184,3.2481401881185485,6.116574096823433,1.415573095453571,2.9346916551740296,1.4168501605155535
6.116574096823433,1.415573095453571,2.9346916551740296,1.3334562640782242,6.346853497821512,2.1412416094624835,6.888157065407772
1.3334562640782242,6.346853497821512,2.1412416094624835,0.547380538661919,8.89711969496515,0.9501506641090346,2.7399073234338105
0.547380538661919,8.89711969496515,0.9501506641090346,12.432103770788393,8.515753538537147,0.20339181197978407,11.969628753610873
