TIME,LB,UB,OPEN,GAP,TREE
0.018802165985107422,0.0,20.663354118117898,1,100.0,1
0.018838167190551758,18.20814366879437,20.663354118117898,1,11.88195505574173,1
0.10663008689880371,18.20814366879437,20.663354118117898,2,11.88195505574173,4
0.1789851188659668,18.501503439225797,20.66335407828074,2,10.462244565257997,6
0.25064516067504883,18.501503439225797,20.66335407828074,5,10.462244565257997,8
0.3225741386413574,18.665735589041073,20.66335407771884,4,9.66744547455529,8
0.32262301445007324,18.665735589041073,20.66335407771884,5,9.66744547455529,8
0.40187716484069824,19.025333649116888,20.66335407771884,5,7.927175919461295,8
0.48229002952575684,19.065624234390214,20.66335407771884,5,7.732190221003121,8
0.7606961727142334,19.511333185763775,20.66335407771884,5,5.575188266251902,8
0.9977500438690186,19.812015769924656,20.66335407771884,5,4.120039295615497,8
1.7495369911193848,20.044477097717877,20.663354077404268,4,2.995046096427992,8
1.749582052230835,20.044477097717877,20.663354077404268,5,2.995046096427992,8
2.009873151779175,20.045937626659583,20.663354077404268,5,2.9879778879646657,8
4.2507240772247314,20.339456055144293,20.663354077273354,4,1.567499743351449,8
4.250772953033447,20.339456055144293,20.663354077273354,5,1.567499743351449,8
4.978157043457031,20.354173758047455,20.663354077273354,4,1.4962736352950146,8
11.851617097854614,20.498222081501574,20.663354077273354,4,0.799153879637581,8
12.5660879611969,20.568944188180076,20.663354077273354,3,0.4568952781829104,8
40.254284143447876,20.580226985670237,20.66335407727306,2,0.4022923446598204,8
40.25437617301941,20.580226985670237,20.66335407727306,3,0.4022923446598204,8
167.4861490726471,20.62161897287792,20.66335407725424,2,0.20197642754553077,8
167.48622512817383,20.62161897287792,20.66335407725424,3,0.20197642754553077,8
872.5232200622559,20.64243964591586,20.66335407725424,3,0.10121508473496903,8
872.6614601612091,20.650005253596344,20.66335407725424,2,0.06460143695930921,8
