x1,y1,theta1,x2,y2,theta,length
8.226797042969624,2.2320111526412587,1.932815792735908,9.088369705413356,3.9152157425735568,1.4419419406125034,1.9554908884215392
9.088543223570582,3.9165544566375523,1.445009902188274,7.599663453048234,9.07131419197607,0.5767767762450002,5.547054236011278
7.599930767724787,9.071487512170638,0.5737088146692298,11.307892522756678,5.875732469199061,-1.1259418983080605,5.075653751875291
11.30851210947793,5.874426568415255,5.154175447295755,11.579140548733516,1.4576222880180625,3.8686995470475862,4.492049385987833
11.578470260032164,1.4570286416111506,3.865631585471816,8.227097066105255,2.231219230178238,1.9358837543116798,3.5826325331649134
