x1,y1,theta1,x2,y2,theta,length
8.226528206229473,2.2309185853217754,1.9333438376826537,9.088895656670367,3.9164486398249205,1.442245304661787,1.957979212084365
9.088895656670367,3.9164486398249205,1.442245304661787,7.599432138253403,9.072057684238827,0.5753453017612433,5.548787729860539
7.599432138253403,9.072057684238827,0.5753453017612433,11.30837460065006,5.875314102950076,5.155433386679221,5.077745951195341
11.30837460065006,5.875314102950076,5.155433386679221,11.579370880773784,1.4569953063324608,3.866756354700158,4.494033111694038
11.579370880773784,1.4569953063324608,3.866756354700158,8.226528206229473,2.2309185853217754,1.9333438376826537,3.584808072419958
