x1,y1,theta1,x2,y2,theta,length
12.449584709789805,8.26176079557661,3.479068426924634,2.8574491266929503,6.477014827267559,3.3252499672836464,9.756911912103222
2.856695040631103,6.476874727254927,-2.9578631332775727,1.1550375319228727,6.014316885631326,4.457748169595673,1.814270728388198
1.1549556919167767,6.014002025938132,4.460816131171444,4.337899188998592,3.210315987387971,5.9610493417236015,4.298290893964639
4.3385773500847105,3.2100914308046904,5.964117303299372,7.092700415944238,3.3016400709294182,5.786175531904636,2.764065537933455
7.093274196433639,3.3013276601283708,5.783107570328868,7.599029065621034,2.49536149572386,5.31370944923586,0.9576098257797717
7.599462212685158,2.494731614888499,5.316777410811632,8.526357487422905,1.6514456460761557,6.709631966211795,1.3258711859902443
8.526535386410607,1.651526459790542,0.4295146206079795,8.54467098615648,2.913274461741282,1.1351457830353744,1.335772144437469
8.544937300317928,2.913846614102969,1.1320778214596032,9.803962095476301,3.675011961260702,0.08283496254582556,1.4837091864319072
9.80465034910687,3.675067310123649,0.07976700097005335,13.664621866756278,2.309188233995589,0.5491651220630572,4.127450261442353
13.665016969591052,2.3094311229257305,0.5522330836388307,14.25133324042742,7.183240107178486,1.2333205534600544,4.939516547397937
14.251580023072636,7.1839431702428564,1.2302525918842844,15.501844664659924,9.117647489576887,0.9817477042468107,2.3032271738415973
15.50227220645883,9.118284168524381,0.9786797426710391,15.761961850375599,9.830170873382226,2.3009711818284626,0.8239315030279066
15.761842787932322,9.830303871631498,2.3040391434042333,12.450299168489739,8.262013097775549,3.4821363885004026,3.749395840308274
