x1,y1,theta1,x2,y2,theta,length
12.449834735799614,8.261786315411833,3.481141098695047,1.1545887195839564,6.0139688237106235,4.458133660025197,11.572766629077067
1.1545887195839564,6.0139688237106235,4.458133660025197,4.337969201206823,3.2101461580243207,-0.31965264335538346,4.299142188787552
4.337969201206823,3.2101461580243207,-0.31965264335538346,7.093057295700996,3.301674176254176,5.784523347981082,2.7650991983501125
7.093057295700996,3.301674176254176,5.784523347981082,7.599319519013103,2.4948845101514414,-0.9686432423358852,0.9586296076849891
7.599319519013103,2.4948845101514414,-0.9686432423358852,8.52626901705528,1.650998770416072,0.4263648850724068,1.326356927943273
8.52626901705528,1.650998770416072,0.4263648850724068,8.54477173944398,2.914005976439341,1.1351724718247513,1.3375362679526395
8.54477173944398,2.914005976439341,1.1351724718247513,9.803993553858316,3.6751815693608068,0.08009982131214377,1.484088566341784
9.803993553858316,3.6751815693608068,0.08009982131214377,13.664883672494467,2.308991020732984,0.5511477426720799,4.128623160011247
13.664883672494467,2.308991020732984,0.5511477426720799,14.251486176451937,7.18394869787955,1.2331730867665984,4.940795971906007
14.251486176451937,7.18394869787955,1.2331730867665984,15.501900801644187,9.11774034524921,0.979113010055775,2.3034028130713895
15.501900801644187,9.11774034524921,0.979113010055775,15.762400559788937,9.830239116800849,2.300761214680341,0.8248557404373009
15.762400559788937,9.830239116800849,2.300761214680341,12.449834735799614,8.261786315411833,3.481141098695047,3.7510028635685613
