x1,y1,theta1,x2,y2,theta,length
2.6810455201264176,7.597795130258947,0.5777152679351624,8.361707348558557,6.845385647919307,0.0853945197516964,5.797249398297944
8.361707348558557,6.845385647919307,0.0853945197516964,12.648461376447418,8.265233556200151,6.119381695738787,4.539212467510741
12.648461376447418,8.265233556200151,6.119381695738787,14.475923716883722,6.265033939405527,4.5216052778441265,2.90021162555319
14.475923716883722,6.265033939405527,4.5216052778441265,11.768682321859375,4.866417910501008,-2.814903635457857,3.197709747349388
11.768682321859375,4.866417910501008,-2.814903635457857,0.8649084382808023,1.6917311237764114,2.1664682779812705,11.686453166258962
0.8649084382808023,1.6917311237764114,2.1664682779812705,1.0880460366629239,3.0763933116298823,0.8397812947719733,1.5361834140652564
1.0880460366629239,3.0763933116298823,0.8397812947719733,1.921594699632447,4.099220191650203,1.1948131478376565,1.3254017772559739
1.921594699632447,4.099220191650203,1.1948131478376565,2.0428604478127514,6.159783577480053,1.3711834684752209,2.0710122417401835
2.0428604478127514,6.159783577480053,1.3711834684752209,2.1267343469178233,6.421897888238381,1.2704124079489345,0.27558777206540924
2.1267343469178233,6.421897888238381,1.2704124079489345,2.3204825651833056,7.181914871387216,1.1353213113191223,0.7857404216647477
2.3204825651833056,7.181914871387216,1.1353213113191223,2.6810455201264176,7.597795130258947,0.5777152679351624,0.5576060433839599
