TIME,LB,UB,OPEN,GAP,TREE
0.0258181095123291,0.0,29.855020153203352,1,100.0,1
0.025855064392089844,25.50212231590414,29.855020153203352,1,14.580120244307256,1
0.1427631378173828,25.50212231590414,29.855020153203352,2,14.580120244307256,4
0.1993241310119629,27.41033273013207,29.85502015320319,1,8.18853047335433,5
0.34873008728027344,27.41033273013207,29.85502015320319,2,8.18853047335433,8
0.6144280433654785,28.081333127738333,29.85502015320319,2,5.941000931712834,13
1.0137169361114502,28.081333127738333,29.85502015320319,3,5.941000931712834,19
1.6760540008544922,28.463698622337994,29.85502015320319,3,4.660259895071342,26
1.8284671306610107,28.463698622337994,29.85502015320319,3,4.660259895071342,26
3.205296039581299,28.931001175101983,29.85502015320319,3,3.0950204466770934,34
3.4087741374969482,28.931001175101983,29.85502015320319,3,3.0950204466770934,34
3.9497859477996826,28.931001175101983,29.85502015320319,3,3.0950204466770934,34
5.313920974731445,29.309404400692955,29.85502015320319,3,1.8275511110371616,34
8.755785942077637,29.577271073685825,29.85502015320319,3,0.9303262168039879,34
18.893338918685913,29.714538184999043,29.85502015320319,3,0.47054722282300354,34
19.026942014694214,29.761775316358428,29.85502015320319,2,0.31232548618714145,34
49.81548595428467,29.784395560957023,29.85502015320158,1,0.23655851472263192,34
49.81553602218628,29.784395560957023,29.85502015320158,2,0.23655851472263192,34
144.72435998916626,29.819628914790503,29.8550201531946,1,0.11854367614724876,34
144.72440695762634,29.819628914790503,29.8550201531946,2,0.11854367614724876,34
512.5253319740295,29.83729152691351,29.855020153194033,1,0.059382395957370764,34
512.5253949165344,29.83729152691351,29.855020153194033,2,0.059382395957370764,34
2173.7996821403503,29.84614840185894,29.855020153194005,1,0.0297161123641557,34
2173.79975605011,29.84614840185894,29.855020153194005,2,0.0297161123641557,34
