x1,y1,theta1,x2,y2,theta,length
3.1741526097874453,3.5281737177516894,5.60976774129779,6.931484636355413,2.6227311990995226,6.052963254880686,3.8684057013534163
6.931937876105759,2.622624974203903,-0.23020385880459332,9.947495453307383,1.9518440802200603,6.5884474839688245,3.0953690068128292
9.947956701424356,1.951990207159265,0.30679615757712825,10.812445603576263,2.9398463821076115,1.4588157292792434,1.3285354807386809
10.8124909653529,2.940255526415715,1.4603497100671303,9.558408700037612,5.346456990922762,1.638291481461862,2.725568940259065
9.55838003020379,5.3468905615691495,1.6367575006739794,10.907063620356078,9.113169785405773,2.1092235833427573,4.032533053521461
10.90693734089001,9.113380495086293,2.110757564130642,7.290489773498118,9.635925234883628,3.057223710256082,3.6832186761726406
7.289962047614881,9.635969130095896,3.0587576910439687,2.962261450783714,9.796429541863644,3.7505830263803936,4.3419828610858975
2.962073181555928,9.796297873229394,3.752117007168278,1.8312117745378322,6.272539368441252,4.787554038991084,3.714489434817869
1.8312411722290785,6.272152798232378,4.789088019778971,3.173918830610869,3.5283604762892478,5.608233760509904,3.0604791319857463
