x1,y1,theta1,x2,y2,theta,length
3.173968468766697,3.528229860293691,5.609136589487866,6.931691012273051,2.622674421687779,6.052962350954302,3.8688269486071523
6.931691012273051,2.622674421687779,6.052962350954302,9.948067102173791,1.951874317649454,0.3067126465045734,3.0962211999059575
9.948067102173791,1.951874317649454,0.3067126465045734,10.81258660529456,2.93979617130619,1.4603128759108792,1.3286765899895623
10.81258660529456,2.93979617130619,1.4603128759108792,9.558307293248161,5.346442474544984,1.636805419077226,2.7260905242390034
9.558307293248161,5.346442474544984,1.636805419077226,10.907224858885503,9.113210370305737,2.1106420725652533,4.03321246375055
10.907224858885503,9.113210370305737,2.1106420725652533,7.290421226262742,9.635939780783419,3.058555938848897,3.68360527835543
7.290421226262742,9.635939780783419,3.058555938848897,2.9621938917032273,9.796490844881657,3.7518491773149996,4.342579673550754
2.9621938917032273,9.796490844881657,3.7518491773149996,1.8311509945113444,6.272327459683927,4.788273836770736,3.7149565723787443
1.8311509945113444,6.272327459683927,4.788273836770736,3.173968468766697,3.528229860293691,5.609136589487866,3.0608509024168544
