x1,y1,theta1,x2,y2,theta,length
11.920366351853103,1.7991165927079835,0.9756117810952678,12.565244627999814,5.416865705039299,0.7976700097005334,3.7343931956386003
12.568489754474859,5.420526854272234,0.7915340865489908,13.608252088544088,6.374508658614899,1.3314953238847365,1.4682195876077864
13.608723974490568,6.376837059276347,1.337631247036279,13.288067814633926,7.365870005027836,2.43099908975905,1.0933678427227709
13.282864531878387,7.369112587082235,2.435961491162398,10.647194184803526,8.764593411231218,3.092505268377452,2.9989593427654584
10.641740939720371,8.764825896457289,3.098641191528995,9.58546181727458,8.338572536857695,3.908583047532613,1.1615925654377643
9.581327676909378,8.33453245249678,3.9147189706841563,8.958630896183404,7.14396777794325,4.466952054322985,1.3512870928491083
8.959718958595674,7.1430769046088844,4.466952054322986,8.959718958595674,7.1430769046088844,4.466952054322986,0.0
8.950020540284068,7.13740501822171,4.473087977474529,7.145489917062429,5.661982447335493,3.227495577711389,2.4105322726256073
7.140362606277975,5.661539266162681,3.2213596545598464,3.615745368510995,6.6305300995918275,3.859495662320273,3.8692784030639613
3.6141426818993425,6.629110794531344,3.865631585471816,4.5675975008316385,2.6228214465465123,5.528466759539851,4.373385190570804
4.571627250106116,2.619033470725997,5.534602682691394,7.597679392457748,1.7552654611153446,6.596117387908257,3.1987625750643875
7.602409794476268,1.7568200410061032,0.3190680038802134,9.053292457628096,2.748868972133619,0.01227184630308542,1.8234577423168108
9.056921918344445,2.7488825377817534,0.006135923151542565,11.365505501562632,1.39588483641925,0.26998061866787293,2.8635571754712323
11.367691580435038,1.3964644746395292,0.27611654181941536,11.919767366485859,1.7930112818831558,0.9696665025200714,0.693549960700656
