x1,y1,theta1,x2,y2,theta,length
2.9685231186072203,3.6857254119167147,1.576932249946439,3.4735474600159373,5.655256030485157,1.6014759425526097,2.041562960885321
3.473502727168791,5.656705737116298,1.6030099233404949,3.1914056805576445,8.098570963866468,0.8314175870340172,2.5990047012764523
3.191872896821743,8.099083476733979,0.8298836062461319,10.540285692407984,6.631649638563767,-0.27007861473651007,7.682326191086881
10.541764056200018,6.63124032561113,-0.27012714152370565,12.167056674085572,5.617336671942761,4.916408425173481,2.0438858514385925
12.167575967281735,5.616397201442332,4.914874444385594,12.13198093592017,5.08521463390201,4.376447187837734,0.5388651053114993
12.131019156255318,5.084285249588451,4.374913207049848,3.541182302973156,2.657027129156411,2.643048897526959,9.142419170923876
3.5402024032831916,2.6575616694251054,2.641514916739074,2.968533884616094,3.684263728201139,1.5784662307343247,1.228018897672606
