x1,y1,theta1,x2,y2,theta,length
2.9682939338110845,3.685310228416273,1.5780158155685613,3.473757661050665,5.656525405822949,1.6017069093505685,2.04336550030721
3.473757661050665,5.656525405822949,1.6017069093505685,3.190890738409472,8.099020933965017,0.8318232712670965,2.599715602452217
3.190890738409472,8.099020933965017,0.8318232712670965,10.531746485238914,6.635250766733396,6.013051061055748,7.675127047835942
10.531746485238914,6.635250766733396,6.013051061055748,12.167637591846198,5.617894007994199,4.915829928375256,2.055335997817471
12.167637591846198,5.617894007994199,4.915829928375256,12.131773487681228,5.084516074127049,4.374678413264535,0.5411515151107213
12.131773487681228,5.084516074127049,4.374678413264535,3.5406903568848396,2.6566965052416425,2.6419972527948565,9.14395001519539
3.5406903568848396,2.6566965052416425,2.6419972527948565,2.9682939338110845,3.685310228416273,1.5780158155685613,1.2302145130799615
