TIME,LB,UB,OPEN,GAP,TREE
0.016004085540771484,0.0,29.438204827450825,1,100.0,1
0.016039133071899414,27.06735491721119,29.438204827450825,1,8.053649752544834,1
0.06267118453979492,27.06735491721119,29.4382048274134,1,8.053649752427944,2
0.11730408668518066,27.06735491721119,29.4382048274134,2,8.053649752427944,4
0.2590939998626709,27.451084858771903,29.438204815793036,2,6.750139723041401,7
0.29334402084350586,27.451084858771903,29.438204815793036,3,6.750139723041401,8
0.6175601482391357,28.343908985981027,29.438204815793036,4,3.7172641357021177,13
0.7217180728912354,28.343908985981027,29.438204815793036,4,3.7172641357021177,13
1.0286099910736084,28.530464029768734,29.438204815793036,6,3.0835466758398136,18
1.3290832042694092,28.77181695123571,29.43820481576,5,2.263683769764155,18
1.3291289806365967,28.77181695123571,29.43820481576,6,2.263683769764155,18
1.5625200271606445,28.900945981855344,29.43820481576,6,1.8250393910467968,18
1.7187130451202393,28.942139483219837,29.43820481576,5,1.6851072803005616,18
2.5551559925079346,29.084837163242867,29.43820481576,5,1.2003709286238606,18
2.6952290534973145,29.240110925776527,29.43820481576,4,0.6729143003904253,18
4.989257097244263,29.253841246938094,29.438204815759264,3,0.6262731371529594,18
4.989302158355713,29.253841246938094,29.438204815759264,4,0.6262731371529594,18
5.1355881690979,29.2827703291174,29.438204815759264,3,0.5280025993930619,18
12.172039985656738,29.344168340053784,29.43820481575901,2,0.3194368552490236,18
12.172088146209717,29.344168340053784,29.43820481575901,3,0.3194368552490236,18
34.3705780506134,29.3909680325043,29.43820481575891,2,0.16046081461231224,18
34.37063002586365,29.3909680325043,29.43820481575891,3,0.16046081461231224,18
34.89891219139099,29.39934652647208,29.43820481575891,2,0.1319995207928809,18
113.50340819358826,29.41449128712577,29.43820481575891,2,0.08055358260312008,18
506.62541103363037,29.42632425315597,29.43820481575891,2,0.040357632801644144,18
2773.444004058838,29.432259984092127,29.43820481575891,2,0.02019427374728629,18
