x1,y1,theta1,x2,y2,theta,length
11.531026133306844,5.989387447599464,5.203262832508095,11.844985094601244,1.324709473401804,3.558835427894688,4.751050552461901
11.844548144130256,1.3245160447932363,3.5342917352885173,9.511410307440947,3.61325261876628,2.8347964960126633,3.3401406505208175
9.51109430647927,3.6133555123377548,2.837864457588436,2.671894940594738,2.2102791396472785,3.141592653589793,6.987411812970359
2.6717371480833614,2.21051593932308,1.5707963267948966,7.536884946163568,9.355256166966914,0.9678769015477345,8.65275326951389
7.539070229073549,9.357308769261095,0.5403234446954986,8.181601158289872,9.66715174289928,-0.19634954084936362,0.7265962752334785
8.18218699382654,9.667064353714746,5.890486225480862,11.530878510599004,5.989720569998206,5.301437602932777,4.977276160101059
