x1,y1,theta1,x2,y2,theta,length
11.530763246148648,5.990137875158715,5.121821302698116,11.81170881600343,1.3122368339664736,3.5500179512593384,4.761269802552603
11.81170881600343,1.3122368339664736,3.5500179512593384,9.505722890610125,3.6151758983423683,2.819883421474013,3.3348323304586227
9.505722890610125,3.6151758983423683,2.819883421474013,2.6350104365781584,2.3864944521694134,2.1433473617631957,7.050479166911557
2.6350104365781584,2.3864944521694134,2.1433473617631957,7.492437685938386,9.303803085190065,0.7211793796645672,8.518942210149445
7.492437685938386,9.303803085190065,0.7211793796645672,8.230883580571827,9.65359204142834,6.111111817366048,0.8285618564532312
8.230883580571827,9.65359204142834,6.111111817366048,11.530763246148648,5.990137875158715,5.121821302698116,4.944119449233451
