x1,y1,theta1,x2,y2,theta,length
5.983688164024242,6.906869386649229,5.950284536042656,8.405231010453935,6.238333339811087,0.15076051699922943,2.515300156332441
8.405231010453935,6.238333339811087,0.15076051699922943,11.65565750068374,8.338718416812231,0.49833644751619255,3.873209469180288
11.65565750068374,8.338718416812231,0.49833644751619255,12.64152866720638,8.691833190772726,5.892566241193508,1.0656746365425227
12.64152866720638,8.691833190772726,5.892566241193508,13.613815567836701,6.116223782221431,4.111762138476197,2.8107020081016976
13.613815567836701,6.116223782221431,4.111762138476197,11.376008872071267,6.0034036484554445,3.4281013753276297,2.275089052237198
11.376008872071267,6.0034036484554445,3.4281013753276297,6.390477226242298,2.799982520520853,3.3228362779386513,5.929475605878556
6.390477226242298,2.799982520520853,3.3228362779386513,5.527090404867896,2.9380436471173397,3.4134163871763814,0.8802868020713847
5.527090404867896,2.9380436471173397,3.4134163871763814,3.375159298993562,0.9754828483857603,3.4649793065841785,2.920082520300743
3.375159298993562,0.9754828483857603,3.4649793065841785,0.3676663472741097,1.3647824972501827,2.2166799374596384,3.0572246825828735
0.3676663472741097,1.3647824972501827,2.2166799374596384,1.1491786288295043,6.11728466978172,0.7472710208020776,4.849488828555386
1.1491786288295043,6.11728466978172,0.7472710208020776,2.505328473664577,6.38181033499099,0.9512972387350463,1.4116693083955245
2.505328473664577,6.38181033499099,0.9512972387350463,2.2739403148223394,8.274887508216874,0.7057033960495458,1.9722120961178669
2.2739403148223394,8.274887508216874,0.7057033960495458,2.3049592642964742,8.297452624590306,0.5521292356830387,0.038393540091626766
2.3049592642964742,8.297452624590306,0.5521292356830387,5.983688164024242,6.906869386649229,5.950284536042656,3.9645214117903937
