x1,y1,theta1,x2,y2,theta,length
2.744945101843256,0.601141769482044,6.283185307179586,6.569054898156744,2.3916349258145932,7.0685834705770345,4.227733235449484
6.579571389280922,2.490446865370097,1.5707963267948966,4.218428610719078,4.540553134629904,1.5707963267948966,3.182726225131703
4.23797498142514,4.602625195815532,0.7853981633974483,9.815025018574863,4.9025981088878305,-2.1094237467877974e-15,5.601381229158373
9.910297421718663,4.810941310306565,5.497787143782138,9.972925882984699,1.4080586896934353,4.709104477618909,3.4224728648395937
9.884185625640866,1.275867793325328,3.9269908169872414,8.939814374359132,0.6979089019713087,4.712388980384691,1.1597193099688403
8.944770033768158,0.6821915633933873,5.497787143782138,15.26122996623184,2.01058513190325,7.068583470577034,6.501781164953072
15.339908879298108,2.1259226882471483,1.5707963267948966,14.256314425405257,8.79907731175285,2.3561944901923444,6.770828687157182
14.147744662647925,8.875121078215786,3.141592653589793,9.036255337352076,7.985878921784211,2.3561944901923404,5.224648820768908
8.96202616130806,8.061022045442357,1.5707963267948966,9.257973838691937,9.52397795455764,1.5707963267948952,1.4932867903561984
9.183977651331944,9.597975284536933,2.356194490192345,6.459022348668055,9.142248020166432,3.3483109827776483,2.799210738600375
6.324189355348503,9.03626609009513,3.9269908169872414,5.339810644651497,7.039733909904871,3.9269908169872423,2.2290927151035484
5.213988281255973,6.998017913547153,3.141592653589793,0.7690117187440257,9.276982086452845,3.141592653589795,5.004227625339683
0.7062558586968997,9.22847344832959,3.9269908169872414,2.6365208365997383,0.6535265516704092,5.497787143782142,8.83765225306095
