x1,y1,theta1,x2,y2,theta,length
12.957824978114063,9.169389337867543,2.573114498325966,10.211072632680352,8.698024415729536,3.2309661852070115,2.8232308407064424
10.211072632680352,8.698024415729536,3.2309661852070115,4.8310098476351415,8.940895617376594,3.2017884719859877,5.385846759482446
4.8310098476351415,8.940895617376594,3.2017884719859877,2.118365694290947,8.367245675713539,4.0095209091306945,2.798362308785728
2.118365694290947,8.367245675713539,4.0095209091306945,1.9847653250822768,3.3505089039119027,4.548924239160852,5.04533768890314
1.9847653250822768,3.3505089039119027,4.548924239160852,1.589196322754644,1.1505133924574251,5.5926533322974885,2.3471521120999874
1.589196322754644,1.1505133924574251,5.5926533322974885,1.7440564045571514,1.0634948182697315,5.949807234094138,0.1785769508983246
1.7440564045571514,1.0634948182697315,5.949807234094138,6.249360297545616,3.391672425755642,0.6293251909629219,5.116927608789077
6.249360297545616,3.391672425755642,0.6293251909629219,7.567473841211301,4.526298551786676,0.2393058455999803,1.7489563450363144
7.567473841211301,4.526298551786676,0.2393058455999803,11.600906337938866,3.5939258307149267,0.4270498444322831,4.17441204515276
11.600906337938866,3.5939258307149267,0.4270498444322831,13.477115460706955,7.309467010762262,1.4521441721577146,4.191942647886752
13.477115460706955,7.309467010762262,1.4521441721577146,12.957824978114063,9.169389337867543,2.573114498325966,1.9704240211750075
