x1,y1,theta1,x2,y2,theta,length
2.708827140276762,5.004079595053016,2.0476198568066173,2.5575461272421296,6.180157635085043,1.4991719905754235,1.1953879689035882
2.5575461272421296,6.180157635085043,1.4991719905754235,3.4396257686437437,9.141487584581048,0.6261452588023594,3.14491642377463
3.4396257686437437,9.141487584581048,0.6261452588023594,7.208378382318581,8.986305198846898,-0.11091792965185066,3.8277193038693262
7.208378382318581,8.986305198846898,-0.11091792965185066,10.512662510689676,8.463052931048022,5.615031557498477,3.3702933506463624
10.512662510689676,8.463052931048022,5.615031557498477,11.050142088526133,7.031978640158365,-1.7421324047979343,1.5796172533891495
11.050142088526133,7.031978640158365,-1.7421324047979343,10.24279093273845,5.40445721238993,17.357508001682863,1.8655846778028744
10.24279093273845,5.40445721238993,17.357508001682863,11.771833066153043,3.678226646081219,-0.6845610783935705,2.362258274480092
11.771833066153043,3.678226646081219,-0.6845610783935705,14.016636905608516,0.9448224645087752,4.2338377878473965,3.855319073502593
14.016636905608516,0.9448224645087752,4.2338377878473965,9.05867406303753,1.6704143930950117,2.7694802877326676,5.359448818855446
9.05867406303753,1.6704143930950117,2.7694802877326676,3.5680267617590884,4.208184865254379,2.584328485517594,6.049119498500575
3.5680267617590884,4.208184865254379,2.584328485517594,2.708827140276762,5.004079595053016,2.0476198568066173,1.1805763870162826
