x1,y1,theta1,x2,y2,theta,length
4.043581770300993,0.944713487128577,3.143126634377679,0.44930247118591515,0.8766278394295854,2.1337672759489257,3.6897706893357474
0.4491190356137008,0.8769192852824438,2.132233295161041,2.142966848276351,4.162949957688769,0.7025632008516243,3.7970635133223647
2.1435219826055514,4.163418674324874,0.701029220063738,12.63356637258705,8.102670141860273,-0.5599029875782593,11.27195924848387
12.633951512586375,8.102428155717918,5.721748338813441,12.87291583495697,7.217052016246768,4.4362724385652745,0.9694484141821103
12.872718839347595,7.216359223375645,4.434738457777388,12.450391627594461,6.582413032184095,4.118738415472948,0.7646858496799237
12.449963570293427,6.581777183250804,4.120272396260832,8.629825423814424,0.5909996859629898,3.601786889955484,7.1186536421681375
8.629240844262196,0.5907100630755795,3.6002529091676,4.044345307750629,0.9447144110452111,3.1415926535897913,4.611804647579817
