x1,y1,theta1,x2,y2,theta,length
4.044202645833014,0.9447503876879839,3.1428379308624304,0.44900381952358986,0.8764594058672905,2.132689016856781,3.6910031291702605
0.44900381952358986,0.8764594058672905,2.132689016856781,2.14295834556827,4.163103299705987,0.7012542961510244,3.7978034821219904
2.14295834556827,4.163103299705987,0.7012542961510244,12.633836629611707,8.102864811539272,5.722313143263043,11.27312493570114
12.633836629611707,8.102864811539272,5.722313143263043,12.87296720278483,7.216751268503881,4.435335667638942,0.9703394306927898
12.87296720278483,7.216751268503881,4.435335667638942,12.45024448934866,6.582218458510809,4.11978469116957,0.765411401101626
12.45024448934866,6.582218458510809,4.11978469116957,8.62940007584492,0.5905641564771827,3.601516615704505,7.1197916287551415
8.62940007584492,0.5905641564771827,3.601516615704505,4.044202645833014,0.9447503876879839,3.1428379308624304,4.612219213015263
