x1,y1,theta1,x2,y2,theta,length
6.874483592163645,1.8367980447842704,2.9176314585584895,0.43674423352008046,0.8962352513988389,2.1813206803733824,6.624261098510171
0.4363919680284125,0.8967390515461655,2.1782527187976104,2.112246868337097,4.138788480390637,0.6258641614573415,3.76580840589719
2.1133942767112908,4.139614210464888,0.6227961998815704,9.026524021272044,5.775291432753191,0.45099035163837814,7.10997181212323
9.027869215080724,5.775943436741504,0.4540583132141498,12.590982730674474,8.132078742379601,-0.6626797003665965,4.437363372441259
12.59125772977808,8.131863717475525,5.617437645237219,10.705918307720555,3.1526741044176925,4.1939034740793435,5.493306737321446
10.705158470781287,3.151348113099105,4.190835512503572,8.774620895618776,0.6371615464443643,3.29805869395413,3.2087450882089534
8.773573945959077,0.6369968202366401,3.2949907323783574,6.875845275229497,1.8364834251440478,2.9145634969827183,2.284756489740181
