x1,y1,theta1,x2,y2,theta,length
6.874386307425852,1.8371438222224659,2.9143544904518355,0.435681921823147,0.8965299000991431,2.180872593096757,6.6254963593492775
0.435681921823147,0.8965299000991431,2.180872593096757,2.1123540270700434,4.139231680463751,0.6236083183966135,3.7676626185527438
2.1123540270700434,4.139231680463751,0.6236083183966135,9.02777034332723,5.775705342451169,0.45141520027539594,7.112415624498944
9.02777034332723,5.775705342451169,0.45141520027539594,12.59180071555457,8.132386364450351,5.619532373085478,4.438828790469514
12.59180071555457,8.132386364450351,5.619532373085478,10.705714054605568,3.1521858939141785,4.1918919963408525,5.495349831044949
10.705714054605568,3.1521858939141785,4.1918919963408525,8.773751243547979,0.6364643012727561,3.297399822649457,3.210922516945029
8.773751243547979,0.6364643012727561,3.297399822649457,6.874386307425852,1.8371438222224659,2.9143544904518355,2.2871428924588537
