x1,y1,theta1,x2,y2,theta,length
1.7118647161337142,3.3091486443197646,4.601942363656924,1.8359480389807894,1.4857878344079931,5.5959619142068195,1.9642384197406493
1.8369441529728545,1.4846911079418923,5.599029875782591,1.8683464095287938,1.4601069454288615,5.638913376267617,0.039883500485025536
1.8706865433213047,1.4609292024142233,5.641981337843388,7.651035138023802,3.848000451926747,6.45805911699855,6.455086493798005
7.654424511298441,3.848595771043774,0.1718058482431918,11.47416137644853,3.616369887708638,0.607456392002713,3.887503340059877
11.475231469223516,3.617114780629436,0.6105243535784852,12.486352971917654,7.066972854715766,1.3603642300546168,3.6532806447154336
12.487312857417603,7.071466525851984,1.3603372646654284,12.457641213939258,8.898612994162104,2.3009711818284617,1.9133341259864856
12.456395401259863,8.89999983765023,2.3040391434042333,10.182856416033182,9.077386415951999,3.2274955777113887,2.375921165976039
10.180165781696692,9.07715617397294,3.2244276161356176,1.7598046813595236,8.222242730263659,3.985282086926895,8.53447343830964
1.7586359020923243,8.220926350496867,3.9883500485026673,1.7121100539976664,3.3113594782153664,4.605010325232696,4.976768145568813
