x1,y1,theta1,x2,y2,theta,length
1.842196626460317,1.479167839805502,5.606647849354745,7.653028926746937,3.84892418822525,0.1736810093095796,6.49476444886756
7.653028926746937,3.84892418822525,0.1736810093095796,11.475244597819787,3.6163816216804623,0.6085712036001598,3.8903963673024395
11.475244597819787,3.6163816216804623,0.6085712036001598,12.487063546303078,7.067321152270014,7.643845195887822,3.655009201135229
12.487063546303078,7.067321152270014,7.643845195887822,12.458051386855459,8.90007379974605,2.302620811576772,1.919633353614505
12.458051386855459,8.90007379974605,2.302620811576772,10.180367118733598,9.07715036204394,-3.0559181196914866,2.380660462087417
10.180367118733598,9.07715036204394,-3.0559181196914866,1.758432543395876,8.222000467698319,3.9865529265614383,8.536424426833172
1.758432543395876,8.222000467698319,3.9865529265614383,1.712369669401054,3.312066089281545,-1.6822176977973786,4.977726556086015
1.712369669401054,3.312066089281545,-1.6822176977973786,1.842196626460317,1.479167839805502,5.606647849354745,1.978299572721593
