x1,y1,theta1,x2,y2,theta,length
8.565788943619118,0.597503858685075,2.402213913828914,6.898592418420114,1.980308996425978,2.88848582358866,2.169669546859324
6.898117913950242,1.9804312078776445,2.890019804376548,0.28954552570206504,0.8114941323913896,2.224272142434179,6.7674686839751725
0.2894102042502485,0.811671039625548,2.2227381616462933,1.947353874969827,4.37282979075394,0.6366020269725421,3.9853017248770017
1.9475892205833312,4.373003743286464,0.6350680461846555,9.11280971552885,5.6151839617167845,0.42951462060797496,7.276995921480014
9.113238458929443,5.615380603016489,0.43104860139586515,12.82193364351746,8.427923088554092,-0.6688156235181406,4.746648360818274
12.821964814073143,8.427898428620612,5.612835702873562,12.227121296222203,6.783823826677066,4.3258258218375065,1.8328963595806702
12.227002109036547,6.783530883141662,4.327359802625393,10.996602693272454,2.981322699215811,4.215379205109741,3.996609955490234
10.996485649029605,2.981107181938717,4.213845224321856,8.834370971076948,0.44809974377610506,3.196815961953675,3.352858626269069
8.834055619655945,0.4480823497302159,3.19528198116579,8.5660056839429,0.5973057240908137,2.400679933041031,0.31882720578232593
