x1,y1,theta1,x2,y2,theta,length
8.565818479386078,0.5974840645041117,2.4008643373106997,6.89846600026121,1.9804642072537217,2.889489172386118,2.1699270318890234
6.89846600026121,1.9804642072537217,2.889489172386118,0.28924865321154664,0.8115061030955686,2.2237419503658673,6.768192769627346
0.28924865321154664,0.8115061030955686,2.2237419503658673,1.9475331357179715,4.373054519481944,0.6364491367575881,3.985947875510143
1.9475331357179715,4.373054519481944,0.6364491367575881,9.113124237057253,5.6152584047824545,0.4300270975556901,7.277407003202728
9.113124237057253,5.6152584047824545,0.4300270975556901,12.822028243401071,8.427968127311951,5.613813086016649,4.747034974785239
12.822028243401071,8.427968127311951,5.613813086016649,12.226997012258714,6.7835494878332145,4.325902029335461,1.8334817641089693
12.226997012258714,6.7835494878332145,4.325902029335461,10.996541365968683,2.981161592196668,4.214908793716169,3.996801268633898
10.996541365968683,2.981161592196668,4.214908793716169,8.834519350757654,0.44793437555462995,3.1966120910685185,3.352991775794761
8.834519350757654,0.44793437555462995,3.1966120910685185,8.565818479386078,0.5974840645041117,2.4008643373106997,0.31962861422932154
