x1,y1,theta1,x2,y2,theta,length
8.909080872687628,6.511994893838845,3.730641276137879,7.280421423530528,6.092655073115543,2.847068342315751,1.7197200455435433
7.207820913751671,6.116601117314479,2.748893571891069,5.56262305646256,8.102908418377448,2.650718801466388,2.618693938071453
5.486955624512744,8.141606383147739,2.748893571891069,1.5650629081663552,7.780743185747346,3.9269908169872405,4.013862863582046
1.5177204073597788,7.729210441250373,4.025165587411923,1.76208824258996,3.201098143349172,5.5959619142068195,4.6932961461964435
1.8124548211434837,3.1580151468138427,5.6941366846315,2.891811726608813,2.91834803213535,5.890486225480862,1.1229682649304262
2.9622695808443873,2.8803222834976525,5.792311455056181,4.135730989042589,1.4863922122986453,5.890486225480862,1.869085299431169
4.193777053851568,1.4754319704680148,5.988660995905542,5.516260732131052,1.8339929601160192,6.4795348480289485,1.4195113569865603
5.599472883655155,1.8526542933373271,0.09817477042468103,9.09818044908787,0.862400787720503,-0.29701933805217556,3.6455355804347445
9.166078735651645,0.8923967368259978,5.890486225480862,9.166078735651645,0.8923967368259978,5.890486225480862,0.0
9.136749353485321,0.9630605780280044,5.890486225480862,10.755792748712121,2.121884827622349,7.0685834705770345,2.2722317797268845
10.757015674370177,2.1234173615661533,0.6872233929727672,13.232559457981667,2.0535280440842,0.5890486225480857,2.670988737506546
13.26558932009579,2.072403805404976,0.6872233929727672,13.40068716214877,3.9103098743288505,2.1598449493429825,1.9857040819336804
13.351043490569301,3.981300663578175,2.2580197197676637,11.587126410719806,5.243201632639977,1.9634954084936207,2.213548190127506
11.564539294070734,5.309769343699518,1.8653206380689396,12.159387155128215,8.929019272784808,2.4543692606170264,3.94618418803599
12.149091034716633,8.93562066792657,2.552544031041707,8.986443721768946,6.566923926580622,3.8288160465625602,4.3161677636690365
