TIME,LB,UB,OPEN,GAP,TREE
0.02213311195373535,0.0,28.317337292708448,1,100.0,1
0.02216506004333496,26.240468868982013,28.317337292708448,1,7.334264525857155,1
0.12531805038452148,26.240468868982013,28.31733729270821,1,7.334264525856376,4
0.1253490447998047,26.240468868982013,28.31733729270821,2,7.334264525856376,4
0.33316493034362793,26.553394096084006,28.31733729270821,2,6.229198665082201,8
0.6040220260620117,26.553394096084006,28.31733729270821,4,6.229198665082201,13
0.7026939392089844,26.553394096084006,28.31733729270821,4,6.229198665082201,13
0.9827699661254883,27.048538109470968,28.31733729270821,4,4.480644384470291,13
1.7348079681396484,27.64126506936055,28.31733729270821,4,2.3874851521500586,13
3.656980037689209,27.96458135431277,28.31733729270821,4,1.2457242527752612,13
3.7865869998931885,27.982494319495355,28.31733729270821,3,1.182466309426195,13
3.889033079147339,28.107727494163132,28.31733729270821,2,0.7402171905444395,13
9.931339979171753,28.13840824007479,28.31733729270821,2,0.6318710364038924,13
28.762048959732056,28.22735604260692,28.31733729269961,1,0.31776027937445056,13
28.76209306716919,28.22735604260692,28.31733729269961,2,0.31776027937445056,13
93.0403048992157,28.27212890270743,28.317337292699403,1,0.15964915600884855,13
93.04034996032715,28.27212890270743,28.317337292699403,2,0.15964915600884855,13
350.5127239227295,28.294714772848465,28.317337292699403,2,0.07988929049755658,13
1563.5488059520721,28.306010438639955,28.317337292699403,2,0.0399997144589148,13
