x1,y1,theta1,x2,y2,theta,length
12.539381201599083,8.179198341966561,5.477845393539624,10.704419357937248,3.1499975261907536,4.198505416442999,5.470236552508074
10.704044305355758,3.1493335927474466,4.196971435655114,8.744633648272075,0.6312647415332533,3.35788394468167,3.220131617888997
8.744076998101225,0.6311428821716195,3.3563499638937833,6.863018066091635,1.535054875269802,2.888485823588662,2.1153125254118086
6.862301383434505,1.5352397715226944,2.890019804376548,3.6263457496925193,1.585106137288289,2.6031653970419346,3.2503338028628566
3.625785883556742,1.5854417238262637,2.6016314162540475,2.2880020625896114,4.3673391879585965,1.2087768608538845,3.1470276629765594
2.2881833650829777,4.367817962278791,1.2072428800659996,12.539175118037706,8.179412332013117,-0.8038059328520808,11.108628189558162
