x1,y1,theta1,x2,y2,theta,length
12.539622210115825,8.179457520663208,5.478870643928649,10.704164329040054,3.1494626200198965,4.198158324226778,5.471476869539181
10.704164329040054,3.1494626200198965,4.198158324226778,8.744439495068065,0.630959616455841,3.357057066453323,3.2207771041369915
8.744439495068065,0.630959616455841,3.357057066453323,6.862631093005049,1.535258411228873,2.889141785335967,2.1162574660361413
6.862631093005049,1.535258411228873,2.889141785335967,3.6262571050181682,1.5849248420358075,2.601711169557137,3.2508780806884516
3.6262571050181682,1.5849248420358075,2.601711169557137,2.2879563360486186,4.368023929064961,1.208746364927349,3.1483434183339587
2.2879563360486186,4.368023929064961,1.208746364927349,12.539622210115825,8.179457520663208,5.478870643928649,11.109604353964677
