x1,y1,theta1,x2,y2,theta,length
2.9884599719767175,6.35493579021173,1.7066256059538365,2.7753189056875467,9.14212685491258,0.8666991451553872,2.838047371620798
2.7756803422709453,9.14255204441615,0.8651651643675016,8.203543352471485,9.441515256625834,-0.15033011721279144,5.481796613045008
8.204235506003338,9.441409872640145,6.131321209178908,15.022976751506972,6.8030901502518955,4.778350154263772,7.432334020217945
15.022993746395361,6.802829993106936,4.776816173475886,11.640567462934218,4.725710162059841,4.083456857351577,4.088408203906939
11.64012922074633,4.725107247461345,4.084990838139462,11.409898238953875,3.8515720761022108,4.141748127291232,0.9132495864122725
11.40934636937397,3.8507127365700793,4.140214146503346,7.50453000075917,1.2742998381809398,3.663146121470909,4.684328774942038
7.5035520714597554,1.2737381576194295,3.661612140683025,6.811393364463463,0.9703920645736672,3.193748000377906,0.7605254201737652
6.811019657148582,0.97037298698253,3.1922140195900193,3.623830287176739,2.223348571982522,2.2411459311009216,3.4430250698911675
3.623242950916809,2.224090014918435,2.239611950313036,2.988534539363101,6.354390304141962,1.706680878862364,4.190644104206967
