x1,y1,theta1,x2,y2,theta,length
2.988407928252065,6.354546456479511,1.706604304201003,2.7753625275493863,9.142658851737757,0.8662156554286581,2.8390276816415
2.7753625275493863,9.142658851737757,0.8662156554286581,8.203889639052832,9.441525734764362,6.132068126178202,5.4826387160658
8.203889639052832,9.441525734764362,6.132068126178202,15.023298571502192,6.802980904508117,4.777582634611017,7.433281000385638
15.023298571502192,6.802980904508117,4.777582634611017,11.640102370789572,4.725402949768912,4.0839516775717035,4.089565964595918
11.640102370789572,4.725402949768912,4.0839516775717035,11.409565993292263,3.850626438329065,4.141617311373136,0.9145873288214031
11.409565993292263,3.850626438329065,4.141617311373136,7.503630240836618,1.2737492419256315,3.663045335079342,4.6855835359375355
7.503630240836618,1.2737492419256315,3.663045335079342,6.811274198023278,0.9703029069265445,3.1927434111933053,0.7607908243881701
6.811274198023278,0.9703029069265445,3.1927434111933053,3.6231812333662483,2.223717910092703,2.2406859396731753,3.444080909120313
3.6231812333662483,2.223717910092703,2.2406859396731753,2.988407928252065,6.354546456479511,1.706604304201003,4.19125090892371
