x1,y1,theta1,x2,y2,theta,length
8.266965269161034,9.639386115760301,6.257377925869464,11.546324036281542,6.0336962912195515,-1.314755129426415,4.899992127704071
11.546324036281542,6.0336962912195515,-1.314755129426415,11.365342370524411,5.049498012475613,-1.562358875080046,1.0049208512167422
11.365342370524411,5.049498012475613,-1.562358875080046,11.746632016673216,3.407917996832324,-1.400999200521374,1.685741876732451
11.746632016673216,3.407917996832324,-1.400999200521374,11.788968493208177,1.3684389931744003,3.545344077145983,2.1117853139663936
11.788968493208177,1.3684389931744003,3.545344077145983,9.559945178470908,3.633325261714262,-3.2544526951892627,3.265412212020594
9.559945178470908,3.633325261714262,-3.2544526951892627,9.281687686196781,3.503522662079718,3.9841646555634944,0.3183361539631249
9.281687686196781,3.503522662079718,3.9841646555634944,7.732275008825708,0.9740479525808545,-2.754425056102669,2.977442227528022
7.732275008825708,0.9740479525808545,-2.754425056102669,2.585235146537324,2.374759069748986,2.22789683517675,5.356681917756869
2.585235146537324,2.374759069748986,2.22789683517675,2.569686492854595,9.225680843487892,0.6601903880537626,6.892952077206993
2.569686492854595,9.225680843487892,0.6601903880537626,6.740987674913274,8.254356290451051,0.2660451797296873,4.317912891451501
6.740987674913274,8.254356290451051,0.2660451797296873,8.266965269161034,9.639386115760301,6.257377925869464,2.0857090554911
