x1,y1,theta1,x2,y2,theta,length
6.61621597143755,3.384092422954824,5.080544369477244,7.248529202617306,1.9516445216394425,5.83833087869275,1.6640405309128794
7.249632755624076,1.9511242540445304,5.841398840268521,8.973129426441528,2.4754830983143474,6.467263001725863,1.9110484940080625
8.975719660641245,2.47596267416531,0.18100973297050565,13.076415979691173,1.3123518751266605,0.279184503395187,4.316427462838328
13.078786776924131,1.313036484812986,0.28225246497095796,14.18397347877959,2.393540237821652,0.6902913545485383,1.5735724980684602
14.186285972369804,2.3954281448026755,0.6872233929727672,14.74006723447584,3.1437557829508704,1.3989904785517049,0.9620597948207764
14.740277433488608,3.1454180529452374,1.402058440127476,14.396452692847937,4.240801373011979,1.8377089838869982,1.1778496182017455
14.395701789871362,4.24326940492499,1.8346410223112268,14.663086730941078,8.361815832746816,2.586291608375192,4.391626607986736
14.662374365543373,8.362255457881327,2.5893595699509624,11.548138912071037,6.633817077814391,3.4269130801365226,3.811519136283509
11.545496686185789,6.633045541733378,3.423845118560751,4.02143121870714,7.1455528156135015,4.224583089837056,7.8206718949764245
4.020992932722128,7.1447208104267315,4.227651051412827,6.615191672495881,3.3867221695852856,5.083612331053015,4.81860670155911
