x1,y1,theta1,x2,y2,theta,length
4.536008340724904,5.480642369176589,0.29299033048615747,10.874388911807197,7.346332038029616,-0.19174759848570988,6.611818322007911
10.874677037323103,7.346275796946446,6.089903727905995,12.900653710831852,5.7184641590869205,5.108156023659185,2.608659127832657
12.900791426801275,5.71813306558959,5.1066220428713,12.806127377884739,4.998622908880222,3.973010240623811,0.7410149247375367
12.805823713256904,4.998290297035717,3.9714762598359252,11.680057634972203,4.657818023714796,4.075786953412152,1.1972298305201914
11.67994959571204,4.65767139239837,4.077320934200035,11.609134907988802,4.1275957074932,4.108000549957747,0.550671756277365
11.609051682251973,4.127475577070547,4.106466569169862,3.1755301573883616,1.9489287404533686,2.55254403104171,8.749050035928933
3.1753571000028877,1.949044511710516,2.5510100502538213,2.750361352364311,4.871996155101779,1.0032234352772056,2.991931080390612
2.75055662603896,4.872301508293233,1.0016894544893238,4.535691054323866,5.480546411533613,0.294524311274043,1.899206708282796
