x1,y1,theta1,x2,y2,theta,length
10.874498040391506,7.346389161128681,-0.1927492007669491,12.900887938324681,5.718156006126694,5.106587524809448,2.609308396409224
12.900887938324681,5.718156006126694,5.106587524809448,12.806091607970545,4.998338520040781,3.9722678577618407,0.7413695031916654
12.806091607970545,4.998338520040781,3.9722678577618407,11.679881869458558,4.657719100503635,4.077509774394347,1.1978441478243194
11.679881869458558,4.657719100503635,4.077509774394347,11.6090631154056,4.127382049479742,4.1068428756821715,0.5509886971377114
11.6090631154056,4.127382049479742,4.1068428756821715,3.1753390562616266,1.948915479061526,2.5520088410700303,8.749293388287892
3.1753390562616266,1.948915479061526,2.5520088410700303,2.7502333348252415,4.872081934152163,1.001882892448519,2.992322470745169
2.7502333348252415,4.872081934152163,1.001882892448519,4.535841968506912,5.480592523974091,0.2937218936010055,1.8997494134154695
4.535841968506912,5.480592523974091,0.2937218936010055,10.874498040391506,7.346389161128681,-0.1927492007669491,6.612141547167095
