x1,y1,theta1,x2,y2,theta,length
11.743167087267347,5.961771785893301,0.2837864457588436,15.055529817534861,8.871049230113158,-0.3712233506683199,4.466205329620797
15.055753425991899,8.870962043650312,5.910427975723375,15.497974070545375,3.206703172605208,3.928524797775128,5.762457477987797
15.497743011623474,3.2064713974897594,3.9269908169872414,7.670222113567941,3.573333547002471,3.747515064804621,7.871838144394008
7.670009934095997,3.5731865109322225,3.749049045592507,6.785553865925517,1.365255807434847,3.2489713087417886,2.4439354652538308
6.785363047169447,1.3652352311645066,3.247437327953903,3.3956106164536632,7.424348669584263,0.9433981845496673,7.062126047871047
3.395732190005871,7.424516184567504,0.9418642037617836,11.742773400611958,5.961657359514722,0.2822524649709558,8.534168053830289
