x1,y1,theta1,x2,y2,theta,length
11.743046248693338,5.961626517145761,0.2828584463001008,15.055811745466542,8.87121315498646,5.911421032592583,4.466813784756503
15.055811745466542,8.87121315498646,5.911421032592583,15.498165886110808,3.206631191188915,3.9285257653856647,5.762931309372874
15.498165886110808,3.206631191188915,3.9285257653856647,7.669939087553894,3.573261839600959,3.7476098830974545,7.8726634583973
7.669939087553894,3.573261839600959,3.7476098830974545,6.785234137655628,1.3649942719630226,3.2489855175901985,2.4444056098432805
6.785234137655628,1.3649942719630226,3.2489855175901985,3.3955473864927543,7.424641557570286,0.942931652511408,7.062863261991056
3.3955473864927543,7.424641557570286,0.942931652511408,11.743046248693338,5.961626517145761,0.2828584463001008,8.534818614308739
