TIME,LB,UB,OPEN,GAP,TREE
0.023992061614990234,0.0,23.14529330371968,1,100.0,1
0.02402210235595703,18.238926527417114,23.14529330371968,1,21.198118822344167,1
0.16290807723999023,18.238926527417114,23.14529330371968,2,21.198118822344167,4
0.35205698013305664,19.744211121158067,23.14529330371968,5,14.69448728919337,8
0.7599771022796631,19.744211121158067,23.14529330371968,9,14.69448728919337,13
0.8785860538482666,19.744211121158067,23.14529330371968,9,14.69448728919337,13
1.019883155822754,19.744211121158067,23.14529330371968,9,14.69448728919337,13
1.1138370037078857,19.888883244148765,23.14529330371968,9,14.06942662959288,13
1.4085559844970703,20.573211031496655,23.14529330371968,9,11.112765945418653,13
1.5238831043243408,21.11734573315906,23.14529330371968,9,8.76181409303942,13
1.826024055480957,21.5935239507561,23.14529330371968,9,6.704470462312931,13
2.8777031898498535,21.77285485496249,23.14529330371968,9,5.929665399991392,13
3.2969319820404053,21.774008275141156,23.14529330371968,9,5.924682010221679,13
3.381256103515625,21.777068641267483,23.14529330371968,8,5.911459597845358,13
3.55442214012146,22.000942282916746,23.14529330371968,7,4.944206175253024,13
3.6406970024108887,22.021785723354256,23.14529330371968,6,4.854151406173212,13
6.182435035705566,22.42896392875784,23.14529330371968,6,3.0949245946549153,13
7.027237176895142,22.598684763158698,23.14529330371968,5,2.361640154601697,13
16.698107957839966,22.781268918331307,23.14529330371968,5,1.572779314617154,13
16.844593048095703,22.932619072790953,23.14529330371968,4,0.9188660006937469,13
18.04912304878235,22.95089062174032,23.14529330371968,3,0.8399231732704638,13
46.61463499069214,22.9614105901346,23.14529330148211,2,0.7944712946702333,13
46.61468696594238,22.9614105901346,23.14529330148211,3,0.7944712946702333,13
47.06817817687988,23.032902748772695,23.14529330148211,2,0.48558707485558994,13
146.7565619945526,23.053195067089092,23.145293301327733,1,0.3979134463306097,13
146.7566270828247,23.053195067089092,23.145293301327733,2,0.3979134463306097,13
610.2534770965576,23.09910741097048,23.145293300893375,1,0.19954765455969847,13
610.2535650730133,23.09910741097048,23.145293300893375,2,0.19954765455969847,13
2871.4111230373383,23.122182203615257,23.145293300877437,1,0.09985225489151392,13
2871.411201953888,23.122182203615257,23.145293300877437,2,0.09985225489151392,13
