x1,y1,theta1,x2,y2,theta,length
9.328396996505987,2.885527448714866,2.8624081501946064,5.291405241449061,3.21052367986327,2.1598449493429834,4.19520158403213
5.290974898365654,3.211171276673543,2.1475731030398975,7.654519658586235,8.546014259392816,0.3558835427894691,6.075400540119119
7.65554086782785,8.54636038263462,0.3528155812136975,9.775033918672916,7.8415313406432565,-0.38042723539563994,2.2987727101618827
9.776453889813643,7.840966042289267,5.904292052571832,12.55092012410428,6.738604615135488,5.267690025599292,3.0359558282730696
12.551524812654547,6.737626950849945,5.266156044811406,11.543375974875653,2.0134789273912608,3.5588354278946883,5.039246430083175
11.542610416983763,2.0131516600563923,3.5557674663189163,9.329798824132439,2.8851408765497153,2.8593401886188357,2.48915191217552
