x1,y1,theta1,x2,y2,theta,length
9.309643456128537,2.8909419779524703,2.862871149383517,5.25373571567297,3.272274502198788,2.1451645312954977,4.218621367026007
5.25373571567297,3.272274502198788,2.1451645312954977,7.650629405494546,8.54524960865934,0.3291719270008486,6.040982199722443
7.650629405494546,8.54524960865934,0.3291719270008486,9.769957040398435,7.843456563998707,5.911252817210856,2.290159867387967
9.769957040398435,7.843456563998707,5.911252817210856,12.550969002894954,6.739490551190499,5.265620082555855,3.0431810025857575
12.550969002894954,6.739490551190499,5.265620082555855,11.520440885279084,2.0033778499988,3.542829636853626,5.061939323005862
11.520440885279084,2.0033778499988,3.542829636853626,9.309643456128537,2.8909419779524703,2.862871149383517,2.4904095411493996
