x1,y1,theta1,x2,y2,theta,length
9.078509050794528,9.38094465163762,0.1937833976025336,10.448148320974143,9.51805561907311,5.52053901438365,1.4437024455586978
10.448148320974143,9.51805561907311,5.52053901438365,10.276900123463651,7.274214266153343,5.160591740497902,2.337587896098647
10.276900123463651,7.274214266153343,5.160591740497902,11.933068867506835,6.382149942780833,5.982390327278657,1.9045146059168396
11.933068867506835,6.382149942780833,5.982390327278657,14.006155503103262,5.8353166127482705,5.206453182462862,2.19554115370249
14.006155503103262,5.8353166127482705,5.206453182462862,12.397989264525561,1.7326120066442545,4.241640339550293,4.462941655703574
12.397989264525561,1.7326120066442545,4.241640339550293,11.614149758552466,0.810084817973324,3.217517217042599,1.2636982936709051
11.614149758552466,0.810084817973324,3.217517217042599,9.352346316687763,2.9849287081052314,3.138839998118137,3.2412733965333107
9.352346316687763,2.9849287081052314,3.138839998118137,7.719432768524088,1.3949062424401784,3.4555896654118636,2.335976354548557
7.719432768524088,1.3949062424401784,3.4555896654118636,4.448169138504139,2.3008801624085815,2.2025266381523267,3.4352290264907825
4.448169138504139,2.3008801624085815,2.2025266381523267,4.450704878489418,5.494173001460797,1.8945944531695855,3.2195688675821215
4.450704878489418,5.494173001460797,1.8945944531695855,2.408482431708579,8.417035110144898,1.1841823263051041,3.656408868749096
2.408482431708579,8.417035110144898,1.1841823263051041,9.078509050794528,9.38094465163762,0.1937833976025336,6.8331831841704656
