x1,y1,theta1,x2,y2,theta,length
15.016993225409925,6.746394334484079,-1.5609921575392767,15.002686403980528,0.5592551780341951,3.9269908169872405,6.20700079826966
14.969570806544816,0.5458434426890709,3.5342917352885173,12.850758335363915,2.5431565573109283,2.3561944901923413,2.9749694080920155
12.768398720805914,2.577704831109207,2.748893571891069,11.604989626842404,2.5996835165391112,2.7488935718910694,1.1685503129734023
11.541487426963375,2.645366348970007,2.356194490192345,10.813609638942811,5.043283163548267,1.1780972450961733,2.5242037772057224
10.845607101806603,5.103730268218408,0.7853981633974483,11.678392898193398,5.246822178393684,-0.7853981633974482,0.8928380559051493
11.681343424934328,5.239286958802628,5.105088062083414,6.118947856807809,2.248974206067329,3.5342917352885195,6.438236731317151
6.0266477421889375,2.2224967619792673,-3.039139250424363,1.4667406054593815,1.783861468796872,2.7488935718910703,4.585853839472923
1.4201563888353879,1.827607564823272,2.356194490192345,1.4369406770707964,4.279041947695003,1.5311609779187356,2.472789905747142
1.4717321400146468,4.363818705642405,1.1780972450961724,2.1006562076336714,5.097792946709277,1.178097245096173,0.9695629351986709
2.1035808423096607,5.172341367729411,1.5707963267948966,0.29280750533865796,7.793270284622272,1.1780972450961733,3.2384348324402064
0.30279287043726616,7.80375495203153,0.7853981633974483,3.304915847820599,5.956506212838426,-0.39269908169872414,3.622031249254481
3.3861840657488314,5.954351036201669,6.283185307179586,4.3904867923424415,6.533648963798329,6.675884388878311,1.166014460943344
4.478409476020242,6.545036703645934,0.0,6.891202176331442,5.867351644002385,0.39269908169872575,2.5199413415789342
6.928848310334726,5.900821771763805,0.7853981633974483,6.8410546237590895,6.935827740754468,1.9634954084936198,1.0701889357802798
6.792677317435355,7.012455657978799,2.356194490192345,5.677934334916326,7.872155994372883,1.9634954084936211,1.4141465794437886
5.678236651934324,7.929094341474268,1.5707963267948966,6.400083718675223,8.571256146007459,0.6179943352001677,0.9948453535564171
6.487904876313567,8.607766897526739,0.39269908169872414,13.087706776038114,9.707874871697124,-0.3926990816987239,6.698549128594764
13.162159806993387,9.675106336327811,5.497787143782138,14.990131474748747,6.836184945414323,5.105088062083415,3.377174118414332
