x1,y1,theta1,x2,y2,theta,length
14.238808774072298,8.494671496972556,3.043417883165112,12.070246080430806,5.612968132540595,3.4361169648638357,3.9310945446218537
12.079566082549348,5.602499973869235,3.3870295796514958,12.079566082549348,5.602499973869235,3.3870295796514958,0.0
12.027325998544997,5.642942445078389,3.3379421944391554,8.925282064284303,7.711492572991626,2.896155727528091,3.836709659864462
8.877915715571186,7.722772837582342,2.945243112740431,6.23796974080781,7.105007122384623,3.6324665057131984,2.727762308603246
6.186772537393672,7.077638354398733,3.6815538909255388,1.6762370434880725,3.089626351574683,4.025165587411923,6.022443381101885
1.639448223563483,3.0423566472355708,4.074252972624263,1.1350791483237503,0.5766238019303693,5.497787143782137,2.7323361652086815
1.1403253901399801,0.5717460664509737,5.546874528994479,2.72199120240005,0.6973313186741892,6.823146544515332,1.7405555566077482
2.764357467672014,0.7225373295146822,0.5239995357027163,4.979147373281107,2.0017969961056243,0.49087385212340484,2.5577001989963932
5.031678487830001,2.0291291441205295,0.44178646691106466,5.535645466145067,2.232259480743136,0.19634954084936213,0.544892792886748
5.602523615854009,2.245137391005366,0.14726215563702155,6.790939322653954,2.2786077970075302,0.34361169648638357,1.1966274509606523
6.81253956293736,2.2874336942830307,0.39269908169872414,8.60873908636844,3.7814846395925406,0.14726215563702105,2.3803423515755826
8.634666660031185,3.784406602279076,0.09817477042468103,11.232306568882741,2.2726837194038243,-0.5890486225480863,3.0529100518297665
11.25827626951397,2.255734916275571,-0.5500436651658069,12.626668423158742,1.510555986467595,6.135923151542566,1.5668826208174191
12.664774658830654,1.5050866632187576,6.1850105367549055,13.869652984808507,1.9016227440786917,7.0685834705770345,1.2977791035195778
13.912721015406488,1.945295669468988,0.8344855486097889,14.36245168422982,3.36056124162396,1.5707963267948966,1.5040731628189814
14.361960760600605,3.4012145141250443,1.6198837120072371,14.260580625171158,4.2555816078575095,1.3744467859455347,0.8689710804999187
14.27469247619323,4.304081012273718,1.325359400733194,14.906261969863001,5.205484613760573,1.129009859883832,1.1168048689760068
14.916481797926336,5.227088487088623,1.1780972450961724,15.040812311438627,7.700721322124592,1.8162332528565988,2.4877581778115294
15.054882030081554,7.770213689865117,1.8381280175371177,14.237133318015509,8.49523134844118,2.994330497952771,1.1562024804156534
