x1,y1,theta1,x2,y2,theta,length
10.675479352121902,1.4883846734174886,2.9329712664373457,9.623624216157342,3.833766322294492,2.5617479157690206,2.6157253257029383
9.623333039469294,3.8339567133709136,2.564815877344792,8.837594831470742,3.8390862236590775,3.1722722693475087,0.7945680133956157
8.836772603213024,3.8390633052804954,3.1692043077717345,2.896471103919528,3.867314286049844,2.6261751088602137,5.945933683772063
2.896138233981882,3.8675034564190915,2.6231071472844465,1.5064804133453948,6.1240188976440315,2.368466336495429,2.656160932524524
1.5061649029552,6.124325418606886,2.371534298071201,0.22202432877961237,7.051043634840394,1.3591069780666785,1.6530261767617076
0.2220489697814519,7.051156654272657,1.3560390164909066,6.086773926750097,7.689284438097549,0.0337475773334861,5.9767676649785715
6.087277546446632,7.68930137655788,0.030679615757712823,7.864068705734332,7.659705858760196,-0.29759227284981554,1.7779890105559673
7.864874383266456,7.659457448495011,5.982525072754,11.117182751920577,5.508314619091125,5.761631839298472,3.9003216720569283
11.117753661382048,5.507986801826276,5.76469980087424,11.962004610298258,5.118396435141473,6.249437729846102,0.9326658992958571
11.962422086937016,5.118383230404373,6.252505691421874,15.09403263630714,6.174424241603333,5.310641487660094,3.3970683505659816
15.094116308908246,6.174301172036998,5.307573526084318,10.67604017749715,1.4882677360321301,2.936039228013125,6.576665065697554
