x1,y1,theta1,x2,y2,theta,length
4.587317370766387,5.4443987391797135,3.583379120500858,2.2545201241712416,3.691924723210949,4.758408404021258,3.000517928467848
2.254540883695204,3.6914971152038625,4.76147636559703,6.718279092190712,1.350624329092827,6.6022533110597985,5.171456864221905
6.718938872129424,1.3508446415712487,0.32213596545598466,7.908877160431108,3.292809522455664,0.6718835850939104,2.3150016822999313
7.910145902576278,3.2938177305780645,0.6688156235181395,11.455212922760715,4.1596693944243635,-0.15646604036433498,3.6609469854469023
11.45689253417047,4.159402800022141,6.12365130523948,13.238684155999264,3.0158741425583484,5.169515255174613,2.1363456370979126
13.239081403050154,3.015063170992549,5.166447293598839,13.444934656022237,0.6090985559589789,5.945709533844744,2.5680899597359077
13.445113769416611,0.6090359970784303,5.948777495420515,15.420428770060777,3.053942616982272,7.608544707912781,3.3085975118306763
15.420649780326467,3.0548358278703573,1.328427362308965,14.810014865970428,8.63917607633996,2.5556119926174805,5.677308915208441
14.808929840599374,8.639895449814846,2.5586799541932495,4.588057441959898,5.444746409378927,3.5803111589250856,10.766130783771372
