x1,y1,theta1,x2,y2,theta,length
4.587378184890687,5.444480674525655,3.580656871285128,2.2541393788074418,3.6918737810564526,4.7605769348839555,3.0015266217767804
2.2541393788074418,3.6918737810564526,4.7605769348839555,6.718283997288276,1.3502617866233102,0.3220330670224448,5.172810221679656
6.718283997288276,1.3502617866233102,0.3220330670224448,7.909693267758322,3.293936355865483,0.6712595002052264,2.317233603474641
7.909693267758322,3.293936355865483,0.6712595002052264,11.456407140820422,4.159837879414204,6.125690291256582,3.6627114560452663
11.456407140820422,4.159837879414204,6.125690291256582,13.239086730690383,3.015699171658623,5.167644295472332,2.1376437092332754
13.239086730690383,3.015699171658623,5.167644295472332,13.444957757075322,0.6086588045421123,5.946980578416486,2.5697409466847247
13.444957757075322,0.6086588045421123,5.946980578416486,15.420579557335333,3.0539157650696214,1.3283165475573042,3.309827289498525
15.420579557335333,3.0539157650696214,1.3283165475573042,14.809398591048058,8.640579478877505,2.556218034192979,5.679787241772755
14.809398591048058,8.640579478877505,2.556218034192979,4.587378184890687,5.444480674525655,3.580656871285128,10.767991060673888
