TIME,LB,UB,OPEN,GAP,TREE
0.03777503967285156,0.0,25.22646747626678,1,100.0,1
0.03782200813293457,21.12000167420064,25.22646747626678,1,16.278402062950466,1
0.20553898811340332,21.12000167420064,25.22646747626678,3,16.278402062950466,4
0.45805811882019043,21.669573328855762,25.22646747626678,3,14.099850289214558,8
0.8264281749725342,21.669573328855762,25.22646747626678,4,14.099850289214558,13
1.2346861362457275,21.669573328855762,25.22646747626678,7,14.099850289214558,19
1.3708250522613525,21.669573328855762,25.22646747626678,7,14.099850289214558,19
1.591778039932251,21.669573328855762,25.22646747626678,7,14.099850289214558,19
1.686068058013916,22.118063779302954,25.22646747626678,7,12.321993556522457,19
1.8372101783752441,22.18752756303321,25.22646747626678,7,12.046632831539428,19
2.1253650188446045,22.434223680015492,25.22646747626678,7,11.068707098519635,19
2.326323986053467,22.676444385663526,25.22646747626678,7,10.108522301040889,19
2.592471122741699,23.4166460521795,25.22646747626678,7,7.174295908810737,19
3.5826990604400635,23.748135075252897,25.22646747626678,7,5.860243422527184,19
4.17144513130188,23.80104673566861,25.22646747626678,7,5.6504968122834285,19
4.255686044692993,24.006409613086028,25.22646747626678,6,4.836419781440229,19
6.489596128463745,24.469372445727625,25.22646747626678,6,3.00119321601978,19
7.011571168899536,24.69916891612102,25.22646747626678,5,2.09025921144863,19
7.422312021255493,24.83120165824203,25.22646747626678,4,1.5668694730905899,19
12.890992164611816,24.84225658204779,25.226417011977706,3,1.522849756061333,19
12.891048192977905,24.84225658204779,25.226417011977706,4,1.522849756061333,19
30.061964988708496,25.032921639367064,25.226417011977706,4,0.7670347022280979,19
90.00490498542786,25.1293516259764,25.226417011977706,4,0.3847767439792064,19
92.32246804237366,25.16708592295417,25.226417011977706,3,0.23519427667974552,19
344.20365810394287,25.1778105571579,25.226417011977706,3,0.19268077110088871,19
1662.1602931022644,25.202122923055224,25.226417011977706,3,0.09630415968683212,19
1663.3845551013947,25.209814728662778,25.226417011977706,2,0.06581308517592827,19
