x1,y1,theta1,x2,y2,theta,length
3.685484351357086,4.122941304512201,5.582156087115849,9.6313044324638,2.5064589662383927,6.7234377933027645,6.234494436423868
9.63231019030437,2.50695395287392,0.44178646691106466,10.172056936983498,3.1569365872769666,1.3130875544301088,0.8722196448373895
10.172343833939292,3.1584206876804775,1.3146215352179944,10.243108231134126,5.2506937283957695,1.497165248976385,2.0954849883824878
10.243222331627882,5.252221156969835,1.4956312681885,10.359577689822567,8.61227360848027,2.2595537005555486,3.4352715829427485
10.358911159048333,8.61308331959089,2.261087681343435,3.4420263865668907,9.142623966086896,3.768990795835019,7.078122575356401
3.441070449723455,9.141930137237626,3.7705247766229055,2.554784646544294,6.357347344558994,4.816699673960913,2.9785456025051533
2.554935032146386,6.35591732994085,4.8182336547487985,3.6844093681490113,4.123850642751632,5.580622106327963,2.5200791716428097
