x1,y1,theta1,x2,y2,theta,length
3.6849656141621283,4.122981872110786,5.581107563446702,9.63184006752432,2.5061433209079826,0.4413339954528075,6.235971754364939
9.63184006752432,2.5061433209079826,0.4413339954528075,10.172221155778113,3.1572456627422874,1.3146255521337977,0.873629553463238
10.172221155778113,3.1572456627422874,1.3146255521337977,10.243106115484917,5.251224464950843,1.4961614424309873,2.097194173751882
10.243106115484917,5.251224464950843,1.4961614424309873,10.360100593383187,8.612518224784573,2.259454603787407,3.436554405055525
10.360100593383187,8.612518224784573,2.259454603787407,3.441133380906099,9.14258007024157,3.7696003834832292,7.080889934951868
3.441133380906099,9.14258007024157,3.7696003834832292,2.5546048141936155,6.356505803151022,4.817367431576882,2.980304711552421
2.5546048141936155,6.356505803151022,4.817367431576882,3.6849656141621283,4.122981872110786,5.581107563446702,2.521872478837831
