x1,y1,theta1,x2,y2,theta,length
12.500455749969461,8.167239510750056,0.22723141039996522,15.856786765468666,9.910519801582804,5.467052684503089,3.8711441102124295
15.856786765468666,9.910519801582804,5.467052684503089,15.54028453826717,9.09492799610453,-2.154079028050801,0.9463369967589855
15.54028453826717,9.09492799610453,-2.154079028050801,14.30327687963213,7.159939286704584,4.356846955857954,2.2970099440379403
14.30327687963213,7.159939286704584,4.356846955857954,13.280335931643883,0.4506316276836556,3.791266394662551,6.806085976542124
13.280335931643883,0.4506316276836556,3.791266394662551,10.95865783816988,0.7198648786363975,2.477823193911173,2.3623956675523043
10.95865783816988,0.7198648786363975,2.477823193911173,9.682818255242035,3.624622302506683,2.816086374968524,3.202833888537751
9.682818255242035,3.624622302506683,2.816086374968524,8.472645024831822,2.9465432361098527,4.2712803640773,1.4210305475345384
8.472645024831822,2.9465432361098527,4.2712803640773,8.464418181287547,1.6834227801718238,3.7076649939240696,1.3161916683572823
8.464418181287547,1.6834227801718238,3.7076649939240696,7.399655694504718,2.1533066087900106,3.1734141869792696,1.216239318350513
7.399655694504718,2.1533066087900106,3.1734141869792696,6.0395669345202405,1.2632260243478086,3.065456059551883,1.646614006065791
6.0395669345202405,1.2632260243478086,3.065456059551883,1.1390200134419664,6.212274868489914,2.1098779614309073,6.9803956589129355
1.1390200134419664,6.212274868489914,2.1098779614309073,0.3648946589713867,9.009414341106622,0.8985804934193604,2.938109224914143
0.3648946589713867,9.009414341106622,0.8985804934193604,12.500455749969461,8.167239510750056,0.22723141039996522,12.20247426109544
