x1,y1,theta1,x2,y2,theta,length
4.620732031841235,2.5324160195674006,3.1937480003779046,3.6639123698579206,2.091614954749824,3.6738839869861106,1.066432935316778
3.662921062055926,2.091031108707967,3.672350006198225,3.075704762937548,1.757457593456851,3.5971849475918285,0.675388415303528
3.0747846143732764,1.7570073486393352,3.595650966803943,1.0542639568999317,1.6052791845935594,2.3393207015256023,2.189588106601696
1.0537015439741269,1.605861038787282,2.337786720737717,2.7716358196038,6.671965177225686,0.6764855274575683,5.603680067016428
2.7725360867077757,6.67268581338972,0.674951546669682,12.274153614057639,8.111934932580052,-0.9802137234589212,9.871395201908001
12.274358195394017,8.11160173749659,5.301437602932776,12.413164309439791,7.314029407669458,4.467960227795743,0.8334773751370328
12.412169081127015,7.312927601985055,4.466952054322986,10.276975948527161,4.9023263892158155,4.32122387947385,3.250480561407079
10.276378374412042,4.900873858382458,4.322757860261737,10.179724697589634,3.1770438498491784,4.436272438565274,1.7372323832459593
10.179324070465874,3.175633976958235,4.434738457777388,8.585846336796864,1.067976433353979,3.4223111377728657,2.699112698601596
8.58478117505176,1.0676696766100018,3.42077715698498,4.621854218614579,2.5324744509440555,3.1922140195900193,4.289244777876704
