x1,y1,theta1,x2,y2,theta,length
4.620608128915662,2.5327112350914502,3.19370922657748,3.6627761373497925,2.0909377208716293,3.674113366708011,1.0678074295191735
3.6627761373497925,2.0909377208716293,3.674113366708011,3.0749593626326837,1.7570562578627156,3.596916205352327,0.6760632290049807
3.0749593626326837,1.7570562578627156,3.596916205352327,1.0538422097001812,1.6042499165495943,2.3394917886339957,2.1904449851905192
1.0538422097001812,1.6042499165495943,2.3394917886339957,2.771537067746088,6.67226183793783,0.6751636117419317,5.606538608506817
2.771537067746088,6.67226183793783,0.6751636117419317,12.274038666722312,8.113076220695765,5.301948937402689,9.873238629279928
12.274038666722312,8.113076220695765,5.301948937402689,12.41192546553296,7.310302060899862,4.463044186506146,0.8389047508965435
12.41192546553296,7.310302060899862,4.463044186506146,10.276455462312416,4.901946767744181,4.322201995712008,3.2486129884349793
10.276455462312416,4.901946767744181,4.322201995712008,10.179701659175745,3.1761573947481185,4.43563189323188,1.7392621063965994
10.179701659175745,3.1761573947481185,4.43563189323188,8.58523449022601,1.0672933630537274,3.421775718064278,2.700833326051752
8.58523449022601,1.0672933630537274,3.421775718064278,4.620608128915662,2.5327112350914502,3.19370922657748,4.2914693607956425
