x1,y1,theta1,x2,y2,theta,length
9.66672330783525,7.714104366972838,2.887204487573629,4.965338155375335,9.167928179948685,2.9003727464592126,4.921051518681757
4.965338155375335,9.167928179948685,2.9003727464592126,0.6484355549226221,9.8090597443945,4.131316182504568,4.424230457642304
0.6484355549226221,9.8090597443945,4.131316182504568,1.965617689026375,7.571769741017881,5.309238355844197,2.6543614164409077
1.965617689026375,7.571769741017881,5.309238355844197,4.741089677027265,3.5520041464274326,5.5687399042997345,4.885521690863605
4.741089677027265,3.5520041464274326,5.5687399042997345,8.34146000340277,1.7483932393465418,5.589831933609385,4.02804375951966
8.34146000340277,1.7483932393465418,5.589831933609385,9.193089748099291,0.753065663962039,-0.12706051803642562,1.32845165816391
9.193089748099291,0.753065663962039,-0.12706051803642562,10.585518026696322,1.7367663070648458,0.2577152769888585,1.7256163033771417
10.585518026696322,1.7367663070648458,0.2577152769888585,13.308937785564787,1.4205709896175713,0.7238161020220147,2.7696991226830665
13.308937785564787,1.4205709896175713,0.7238161020220147,13.238846783589551,6.259024356454203,1.6050716454097258,4.865445273155141
13.238846783589551,6.259024356454203,1.6050716454097258,13.162477692448052,6.91918732535966,2.269480559431641,0.6743463143246521
13.162477692448052,6.91918732535966,2.269480559431641,9.66672330783525,7.714104366972838,2.887204487573629,3.596502605808142
