x1,y1,theta1,x2,y2,theta,length
1.8010667051127125,6.100209892738784,1.6198837120072371,12.032211363220776,7.876007175964604,-1.2026409377023433,11.233681136980294
12.032521803429253,7.875291898214657,5.0682725231741586,8.085966256188664,4.067651200003292,3.3624858870453256,5.77885755292156
8.083054716693939,4.067002156625519,3.3594179254695544,1.8010528552862228,6.099695519956186,1.6321555583103229,6.916818433284529
