x1,y1,theta1,x2,y2,theta,length
1.799921861055525,6.063235311098921,1.5554536191286672,12.05271996022487,7.8236086533022435,5.111240806578661,11.173528458824546
12.05271996022487,7.8236086533022435,5.111240806578661,8.085559540138329,4.06684875116675,3.360094661867229,5.796624283190086
8.085559540138329,4.06684875116675,3.360094661867229,1.799921861055525,6.063235311098921,1.5554536191286672,6.972261752109552
