x1,y1,theta1,x2,y2,theta,length
8.800319568700194,1.893353735022568,2.7932727497561207,8.031626997672467,2.6097174239705243,2.5314478901934816,1.0576430171199187
8.031626997672467,2.6097174239705243,2.5314478901934816,7.593592912260792,2.8114052485290952,2.729414109463453,0.48279180274482697
7.593592912260792,2.8114052485290952,2.729414109463453,1.4006876125543601,5.968241241831806,1.3518331335455709,7.136998632157636
1.4006876125543601,5.968241241831806,1.3518331335455709,8.432780437839785,6.206359156101387,0.14820079526122482,7.222168535266564
8.432780437839785,6.206359156101387,0.14820079526122482,9.437548830830789,6.533876946084459,0.39124799491110474,1.0572404024235225
9.437548830830789,6.533876946084459,0.39124799491110474,14.945846373827314,8.898696569864281,5.51183058677575,6.129821327757194
14.945846373827314,8.898696569864281,5.51183058677575,14.490896609424649,7.111540371507255,4.396733924427408,1.9578208924013523
14.490896609424649,7.111540371507255,4.396733924427408,13.457631647275061,2.464306300843894,3.8843706229723955,4.780253562231873
13.457631647275061,2.464306300843894,3.8843706229723955,8.800319568700194,1.893353735022568,2.7932727497561207,4.720490845618232
