TIME,LB,UB,OPEN,GAP,TREE
0.029996871948242188,0.0,29.168052255761282,1,100.0,1
0.030026912689208984,25.32174557298005,29.168052255761282,1,13.186710751388993,1
0.14812684059143066,25.32174557298005,29.168052255761282,3,13.186710751388993,4
0.3888568878173828,25.32174557298005,29.168052255761282,5,13.186710751388993,8
0.48613905906677246,25.32174557298005,29.168052255761282,5,13.186710751388993,8
0.7369999885559082,26.43449816645212,29.168052255761282,5,9.371740235994778,8
0.8382070064544678,27.52967897576162,29.168052255761282,4,5.6170129758186045,8
0.9530489444732666,27.55501675465705,29.168052255761282,3,5.530144717790077,8
1.6346549987792969,27.76104092585574,29.168052255530355,2,4.823809685159362,8
1.6347050666809082,27.76104092585574,29.168052255530355,3,4.823809685159362,8
1.850266933441162,28.018713643715603,29.168052255530355,2,3.940402333847416,8
4.049531936645508,28.4379599407851,29.16805225551853,1,2.5030547406376704,8
4.049574851989746,28.4379599407851,29.16805225551853,2,2.5030547406376704,8
10.413265943527222,28.799562725730283,29.168052255509444,1,1.2633326577696276,8
10.413312911987305,28.799562725730283,29.168052255509444,2,1.2633326577696276,8
36.987706899642944,28.979588799084873,29.168052255509444,3,0.6461297270508468,13
42.86149191856384,28.979588799084873,29.168052255509444,3,0.6461297270508468,13
49.499135971069336,28.979588799084873,29.168052255509444,3,0.6461297270508468,13
56.233721017837524,28.979588799084873,29.168052255509444,3,0.6461297270508468,13
64.64923596382141,28.979588799084873,29.168052255509444,3,0.6461297270508468,13
74.89541888237,28.979588799084873,29.168052255509444,3,0.6461297270508468,13
81.95011591911316,28.979588799084873,29.168052255509444,2,0.6461297270508468,13
94.35715985298157,28.979588799084873,29.168052255509444,2,0.6461297270508468,13
137.6732039451599,28.979588799084873,29.168052255509444,2,0.6461297270508468,13
281.1219148635864,29.062081205838666,29.168052255509444,2,0.363312053689706,13
912.78595495224,29.115009013638115,29.168052255509444,2,0.18185390442486532,13
4053.439468860626,29.141446221019983,29.168052255509444,2,0.09121635636275878,13
4053.4396069049835,29.141446221019983,29.168052255509444,2,0.09121635636275878,13
