x1,y1,theta1,x2,y2,theta,length
8.65137677079952,5.846603120753861,5.663457068873788,12.21803978165867,1.0265354275041805,4.150952012018545,6.304435971535568
12.217603204860515,1.0259164264311331,4.147884050442774,11.718290964574797,0.622510512255122,3.4944082348034904,0.6534758156392835
11.715806129686625,0.6235483853330621,3.491340273227719,6.587983200370979,2.121130438670262,2.6967382251029575,5.38791453771163
6.584340799946536,2.1228693850197407,2.693670263527186,4.610934585122409,3.3828742750070786,2.4359614911623977,2.3420783135781003
4.6096883629380745,3.383940852844777,2.432893529586627,1.26918004482365,8.35302730240869,0.9357282806102414,6.3172046004080595
1.2697162119224084,8.35375114703377,0.9326603190344698,8.648174362714203,5.848883020990813,-0.6166602767300264,8.136336982147341
