x1,y1,theta1,x2,y2,theta,length
8.649503553705477,5.84840414139566,5.664527643781603,12.216168406237477,1.019604154794772,4.144554450513503,6.315624906546109
12.216168406237477,1.019604154794772,4.144554450513503,6.585577478421769,2.1220074809354292,2.6956047238496064,6.045437206955273
6.585577478421769,2.1220074809354292,2.6956047238496064,4.61040941333828,3.383171842381098,2.434006583655779,2.344220160276755
4.61040941333828,3.383171842381098,2.434006583655779,1.2672512178322783,8.353951914950086,0.9335837658728537,6.321931258800662
1.2672512178322783,8.353951914950086,0.9335837658728537,8.649503553705477,5.84840414139566,5.664527643781603,8.140838722930644
