x1,y1,theta1,x2,y2,theta,length
11.921900945047065,6.001925431598584,4.218447166685513,11.598542583034225,1.2635552010255886,4.187767550927801,4.756754085175869
11.59804758054301,1.2627000034086413,4.184699589352029,10.934649137722532,0.9015278356137004,2.8593401886188357,0.7826690613796146
10.933972911298556,0.9017253019341603,2.856272227043064,9.524372566946706,3.580268246268703,2.9053596122554057,3.077129096866093
9.523847187172539,3.5804137164015244,2.908427573831176,9.438527108278901,3.5856554708507233,3.2520392703175593,0.08590292412159584
9.437840338453181,3.585135955510095,3.255107231893331,7.662955049280567,2.182304443728823,3.7858645845017636,2.2696949892019194
7.662561162175306,2.1820091755606232,3.7827966229259906,6.0281055282265745,1.1287405421410663,3.0740974989228254,1.95581618839393
6.027618207739791,1.1287738004954468,3.0710295373470538,4.355388549289632,2.541422088017963,2.834796496012665,2.2030134191522484
4.354866307194915,2.541586824166505,2.837864457588436,2.51172642198707,2.3892373403146485,2.5832236467994205,1.863996647491606
2.5113989019079113,2.38944333518596,2.5801556852236485,0.3269338942644212,9.057714598033291,0.9633399347921794,7.062114760427996
0.3271714509975211,9.058056230943977,0.9602719732164113,7.275651187038254,9.36445183784379,-0.383495196971417,6.989611897168665
7.276007885026332,9.364307687692845,5.896622148632404,9.49387937910805,7.140236043726782,5.9150299180870345,3.1469023133462675
9.494514345325314,7.139992078520009,5.9180978796628025,13.18432370460116,7.185334834876442,5.06520456159839,3.7692836588251635
13.184392072095283,7.185148212848926,5.062136600022616,11.922144316539859,6.002374513211934,4.215379205109739,1.8027693511283427
