x1,y1,theta1,x2,y2,theta,length
11.921812888996092,6.002013969477392,4.2157195010810815,11.598772239030898,1.2634563144982731,-2.095335097441858,4.756985044203442
11.598772239030898,1.2634563144982731,-2.095335097441858,10.93416074553639,0.9012419799124471,2.857909611315872,0.7844633820566431
10.93416074553639,0.9012419799124471,2.857909611315872,9.521198689034776,3.5813430567879667,9.194368494598384,3.080641425331795
9.521198689034776,3.5813430567879667,9.194368494598384,9.07776669060233,3.3441371432534472,3.829229159645547,0.5241263180980494
9.07776669060233,3.3441371432534472,3.829229159645547,7.662629425676267,2.182047243258581,-2.4978064642111852,1.8311415128099426
7.662629425676267,2.182047243258581,-2.4978064642111852,6.027699200559018,1.1285754202875178,3.07330284428104,1.9563658853132853
6.027699200559018,1.1285754202875178,3.07330284428104,4.355127648720186,2.541636031504861,2.8361300239001492,2.2036958056044664
4.355127648720186,2.541636031504861,2.8361300239001492,2.511657394640225,2.389093913551984,2.5803933023839183,1.8645476325396353
2.511657394640225,2.389093913551984,2.5803933023839183,0.3269949582493799,9.058290672443556,0.9631265537212288,7.063090014033205
0.3269949582493799,9.058290672443556,0.9631265537212288,7.275968660239243,9.36441515652858,5.898999922036171,6.990397926447061
7.275968660239243,9.36441515652858,5.898999922036171,9.494182089583916,7.139951167951599,-0.36680396258214404,3.1475038565091737
9.494182089583916,7.139951167951599,-0.36680396258214404,13.18466763905092,7.185385127571278,5.0635482959720886,3.7703018748227173
13.18466763905092,7.185385127571278,5.0635482959720886,11.921812888996092,6.002013969477392,4.2157195010810815,1.8038743361110892
