x1,y1,theta1,x2,y2,theta,length
13.904952623571155,2.371251106251724,4.25833066717054,13.558037373902096,1.824369802474101,3.8042723539563896,0.6518827319265532
13.55611557708867,1.8228761880221525,3.7981364308048473,12.80604339654731,1.635409602673443,2.9575149590435155,0.7854433578850396
12.803441479386553,1.635893270506079,2.951379035891973,11.517092846398608,2.391033543395149,3.1293208072867085,1.510613904526636
11.514916947190574,2.3910561858244774,3.135456730438251,9.638769790634523,1.5197330634383381,2.6875343403756426,2.1509698049721724
9.637526844040078,1.5203455389846847,2.6813984172241003,9.18477966070297,3.1192205519282354,2.3071071049800045,1.7397986291737135
9.183721635875724,3.1203803717540946,2.313243028131547,6.737455935039234,3.4313328016395745,3.8165442002594756,2.5359219862997113
6.735151495849506,3.4294639581332773,3.8226801234110175,6.187915785738849,0.23058559130338616,3.7613208918955916,3.3285937781761143
6.1871005885573,0.2300108863655836,3.7551849687440493,1.125050854025821,1.7006716163699025,1.9328157927359078,5.392412507946699
1.1244267809775743,1.7023242272998145,1.9266798695843654,2.0121628381136945,3.491327925752415,1.2578642460662257,2.049993045987008
2.0131511321255826,3.494436108463736,1.2640001692177685,2.546747644711861,9.547792307280226,0.5215534678811182,6.152978783928313
2.547760800128213,9.54837012756673,0.5154175447295755,3.9853941866314244,9.007062536477004,-0.871301087519045,1.6083309123617782
3.9871896187829243,9.00492733731792,5.405748296508999,4.619918172584509,7.565379307477047,5.737088146692298,1.5982751712490255
4.620965440346388,7.5647453313320625,5.743224069843841,7.485403071427254,7.928233046526665,6.504078540635118,2.913738815362693
7.4895086106172455,7.929154961094771,0.2270291566070749,8.305986942774894,8.073030572280533,-0.3067961575771304,0.8410129998519533
8.309429656197574,8.07191796483349,5.9702532264509145,10.170506427796836,6.40420246306061,6.620661080514428,2.626060775240191
10.17102097520675,6.404385750527075,0.3436116964863836,10.677191185681258,9.402468054448077,0.6381360077604279,3.2058076744701243
10.678928098243471,9.403757274562636,0.6320000846088842,13.921140064866195,8.490106027458237,-0.9387962421860111,3.453342903186053
13.922061839519534,8.488841843987299,5.338253141842031,13.985126563751649,2.5863658370343985,4.5160394395353265,5.923183069441668
13.984756645136244,2.5845368549753305,4.509903516383785,13.905827027467371,2.373063194047445,4.264466590322082,0.226168054494113
