x1,y1,theta1,x2,y2,theta,length
9.535442143049773,3.58229947932509,2.9636508821950587,7.611929596461518,2.6814098759846186,3.3747577333484102,2.1469066928305667
7.610072742834433,2.6809700718941003,3.3716897717726395,4.800273579616785,2.973811102059155,2.138369218312583,2.892049488979188
4.7998494922587325,2.9744778824241918,2.1353012567368124,7.414376331775002,9.099651703501227,0.22089323345553402,6.799515630431399
7.415079003267368,9.099809149724624,0.21782527187976103,9.615732422603285,7.469197638629064,-0.3620194659410123,2.7992653397945797
9.617328323532378,7.468594392287363,5.924233802814346,13.167416479100417,7.155576178839261,5.151107485719983,3.6673152020449193
13.167557900826957,7.155273638275444,5.148039524144212,12.440047147452246,5.805513914917802,4.313553975534423,1.6177165112937917
12.439212091740915,5.803523884921396,4.3166219371101935,11.716632367458983,1.694358506785173,3.4514567727426915,4.2848260837743055
11.715894622158952,1.6941232318178938,3.448388811166921,9.536087105748843,3.5821823797298946,2.960582920619288,3.0021891517678254
