x1,y1,theta1,x2,y2,theta,length
9.53573611099332,3.582513848524078,2.961835838556669,7.610400053895105,2.680782091749857,3.3742773758672038,2.149119527781974
7.610400053895105,2.680782091749857,3.3742773758672038,4.799490009982819,2.973966579607217,2.137178086522404,2.893475337268245
4.799490009982819,2.973966579607217,2.137178086522404,7.4149106031192185,9.10028173711976,0.22010505621124948,6.801488420564653
7.4149106031192185,9.10028173711976,0.22010505621124948,9.616929536174823,7.468399118222447,5.921777323515802,2.8016218240624546
9.616929536174823,7.468399118222447,5.921777323515802,13.167802221750634,7.155598704533775,5.149479697860605,3.6686507138447175
13.167802221750634,7.155598704533775,5.149479697860605,12.439235605696222,5.804443998111816,4.314787016524659,1.6199076994024435
12.439235605696222,5.804443998111816,4.314787016524659,11.716415888839654,1.6933419545046189,3.4501222666988713,4.287222204106714
11.716415888839654,1.6933419545046189,3.4501222666988713,9.53573611099332,3.582513848524078,2.961835838556669,3.0042643314808264
