TIME,LB,UB,OPEN,GAP,TREE
0.018468856811523438,0.0,23.66710547884406,1,100.0,1
0.018510818481445312,20.17880702885123,23.66710547884406,1,14.739015943926926,1
0.11401677131652832,20.17880702885123,23.66710547884406,3,14.739015943926926,4
0.27192091941833496,20.17880702885123,23.66710547884406,3,14.739015943926926,8
0.33229589462280273,20.17880702885123,23.667105310057842,2,14.739015335872882,8
0.33234095573425293,20.17880702885123,23.667105310057842,3,14.739015335872882,8
0.5325939655303955,21.53502030708959,23.66710520949525,2,9.008642516830783,8
0.5326437950134277,21.53502030708959,23.66710520949525,3,9.008642516830783,8
0.6280169486999512,22.557443233731206,23.66710520949525,2,4.688625693516788,8
1.1457087993621826,22.565497261381132,23.667105177865384,1,4.654595093930323,8
1.1457557678222656,22.565497261381132,23.667105177865384,2,4.654595093930323,8
2.519850969314575,23.09338829223495,23.66710517068448,1,2.424110909686461,8
2.519899845123291,23.09338829223495,23.66710517068448,2,2.424110909686461,8
6.849951982498169,23.374744065219353,23.667105164739468,1,1.2353057016693778,8
6.850000858306885,23.374744065219353,23.667105164739468,2,1.2353057016693778,8
23.363691806793213,23.519121569275292,23.667105164739468,2,0.6252712126561625,8
107.81036186218262,23.5914479903195,23.66710516458122,1,0.3196722781920182,8
107.81041693687439,23.5914479903195,23.66710516458122,2,0.3196722781920182,8
530.0563809871674,23.626003302683234,23.667105164560798,1,0.17366662121022863,8
530.0564429759979,23.626003302683234,23.667105164560798,2,0.17366662121022863,8
2898.861270904541,23.643824953119605,23.667105164557476,1,0.09836526806300981,8
2898.8613398075104,23.643824953119605,23.667105164557476,2,0.09836526806300981,8
