x1,y1,theta1,x2,y2,theta,length
7.809075803714907,1.6339497628628035,3.288854809226815,3.2535577499354797,2.812635526159804,2.2825634123738334,4.7538426449837665
3.252312162654129,2.8144940783256516,2.2580197197676637,3.441302838066573,5.896605529802898,1.1780972450961722,3.172737112740073
3.442821519891495,5.898980123658285,0.9817477042468103,8.157625635232764,8.905650981986984,-0.09817477042468059,5.653586860680978
8.159660356400803,8.905182429949274,6.135923151542565,11.120600635824665,3.888593508359274,4.417864669110646,6.029875388858482
11.119547447428573,3.8842797728063405,4.319689898685965,7.811862242361822,1.6344321715581178,3.3379421944391563,4.044257881220096
