x1,y1,theta1,x2,y2,theta,length
7.727209106941454,1.625095874919559,3.285236841428022,3.249533184488934,2.8166886879557125,2.1720040762006536,4.706045861467311
3.249533184488934,2.8166886879557125,2.1720040762006536,3.553871972696072,6.046574903308556,1.0163111274339776,3.3187336862821573
3.553871972696072,6.046574903308556,1.0163111274339776,8.057224503183066,8.923609731336118,6.064992628285334,5.441944447352668
8.057224503183066,8.923609731336118,6.064992628285334,11.06220242350835,3.7265452426916785,4.4380242411046344,6.177090462254143
11.06220242350835,3.7265452426916785,4.4380242411046344,7.727209106941454,1.625095874919559,3.285236841428022,4.023290707201198
