x1,y1,theta1,x2,y2,theta,length
8.766554379233003,5.566736952127985,-0.03947186459841167,14.815857704180932,4.412509813803646,4.758408404021257,6.579096305778663
14.815868623280107,4.412256878989459,4.755340442445488,7.452655180471695,2.550284385620012,3.380893656499955,8.030266574667088
7.449694323679306,2.549560569585549,3.3839616180757246,2.3134117289772336,0.960810687622814,2.724349879284899,5.442992150949189
2.311403138758512,0.9617035804135818,2.721281917709127,1.1254031853749706,3.589813784745755,1.3836506706728484,2.984465518859614
1.1258896994835268,3.592350620243572,1.380582709097077,3.03427962280891,5.7025510879554435,0.3865631585471814,2.8872256964437364
3.0368685357637046,5.703603433740471,0.3834951969714103,8.763488794713922,5.566857667829735,-0.039242889404074166,5.7400552849872675
