x1,y1,theta1,x2,y2,theta,length
8.763785850015886,5.5689139405015355,6.2440413594769115,14.817340181991844,4.413567029611481,4.755755734268655,6.5858181420039275
14.817340181991844,4.413567029611481,4.755755734268655,7.450217135730407,2.5498662158837164,3.381484230320403,8.034746974487726
7.450217135730407,2.5498662158837164,3.381484230320403,2.311482934130101,0.9604984182268073,2.7233528788244836,5.4458040479915395
2.311482934130101,0.9604984182268073,2.7233528788244836,1.124673170129908,3.590393700867338,1.3812569535709842,2.9873863038551303
1.124673170129908,3.590393700867338,1.3812569535709842,3.0363235742406585,5.704063286373549,0.38609757373419945,2.8921343283198993
3.0363235742406585,5.704063286373549,0.38609757373419945,8.763785850015886,5.5689139405015355,6.2440413594769115,5.741064532343648
