x1,y1,theta1,x2,y2,theta,length
1.3668083503036113,8.31076655776677,0.4413527306648364,7.803593218797852,8.6390171713478,0.2032379858416661,6.450516527980464
7.803593218797852,8.6390171713478,0.2032379858416661,9.713018662884476,9.28791598856954,6.133587538879378,2.0268274935558366
9.713018662884476,9.28791598856954,6.133587538879378,14.000555579658357,5.669234429440111,4.4966558823425204,5.728541728345431
14.000555579658357,5.669234429440111,4.4966558823425204,11.31600446972826,4.732147570177277,3.619690210603543,2.940144894027409
11.31600446972826,4.732147570177277,3.619690210603543,10.293551140753324,3.7551477888633764,4.3921492864965055,1.426370819346155
10.293551140753324,3.7551477888633764,4.3921492864965055,10.32950335110285,1.6027127458229598,3.68343374704687,2.2716696586621037
10.32950335110285,1.6027127458229598,3.68343374704687,7.712544551269417,3.291873289719516,2.8169856791232175,3.2419429526379537
7.712544551269417,3.291873289719516,2.8169856791232175,3.7605013995557997,3.2055226111449597,2.743969673165345,3.963274638051972
3.7605013995557997,3.2055226111449597,2.743969673165345,0.38003351886523495,7.078944998889531,1.5714087653649609,5.17940036959174
0.38003351886523495,7.078944998889531,1.5714087653649609,1.3668083503036113,8.31076655776677,0.4413527306648364,1.6128863671261389
