x1,y1,theta1,x2,y2,theta,length
8.638107733845704,6.255293277777262,-2.800151300450905,3.3921887908819954,3.781508444276588,4.614214209960009,5.997688887097873
3.3923026328624855,3.7805437826937953,4.663301595172349,6.61997062487682,2.516677323576261,6.418175616513523,3.8610999692402546
6.624354484169026,2.5172545149342946,0.14726215563702155,8.137154595186491,3.0750132296096213,0.3683230029995983,1.6139582155172447
8.142347991721719,3.076827474731761,0.30384494775304566,10.965130157585,3.833530623398877,-0.1963495408493623,2.9404766911323224
10.967652627650208,3.832642364310319,5.890486225480862,13.278139101188703,1.5550609296325466,6.332272692391927,3.3839626200914887
13.28034022538194,1.5549532351888424,0.09817477042468103,15.021236310928899,3.2212742503581344,0.9817477042468102,2.4709454560936277
15.024288186628942,3.2293802380286047,1.0799224746714913,14.734691390291111,8.291499031890808,2.650718801466388,5.281568057312884
14.733271348306024,8.292510900424977,2.748893571891069,8.644151610464371,6.257522152518559,3.5067681554519203,6.484826564937768
