x1,y1,theta1,x2,y2,theta,length
3.3875214666190168,3.812087473776437,4.8065253882795655,6.691043886148934,2.5240448963982485,0.08676313330672333,3.8179734005155095
6.691043886148934,2.5240448963982485,0.08676313330672333,7.832333920901125,2.899184806292723,0.3230222466999142,1.2037735758822632
7.832333920901125,2.899184806292723,0.3230222466999142,11.18334824625132,3.728033496116953,-0.34407091563801595,3.4899054593564087
11.18334824625132,3.728033496116953,-0.34407091563801595,13.375369395985548,1.5557347046161767,-0.016988914930352494,3.209254710315763
13.375369395985548,1.5557347046161767,-0.016988914930352494,15.0165449790748,3.202042396677765,1.2655159646559537,2.442807511975657
15.0165449790748,3.202042396677765,1.2655159646559537,14.60741468840471,8.367778612784901,2.539049981454909,5.31487286336537
14.60741468840471,8.367778612784901,2.539049981454909,3.3875214666190168,3.812087473776437,4.8065253882795655,12.587477587157794
