x1,y1,theta1,x2,y2,theta,length
14.314222054643327,6.508943746066553,5.049864753719532,14.627304641470513,1.1774495072490214,3.5803111589250864,5.648288245536209
14.626654024980459,1.1771458823218721,3.5772431973493157,12.276308657385384,2.9118442441862644,2.1168934872821845,3.1833307201172483
12.274733822626139,2.9144475104698655,2.1138255257064134,11.370228782035213,4.566693244595615,2.546408107890165,1.9059412250400682
11.368112087861606,4.568427791489643,2.549476069465936,11.356703645660774,4.575988525974972,2.563162565856905,0.013686496390969083
11.353672315187895,4.576358937415413,2.564815877344792,7.4737505656746075,4.731670601804124,3.549631543167375,3.9235759266648085
7.471201143605858,4.730560760360043,3.552699504743145,5.619153435489885,2.851347727985053,3.6723500061982244,2.6534956848525915
5.616637991155938,2.8498749682856355,3.6692820446224537,1.8975203308136441,2.3646117623626357,2.478912953223196,3.85052045368488
1.8959693179606767,2.365821439352023,2.475844991647425,1.4212109920073617,4.78099929565262,1.8775924843720244,2.539335660916638
1.4203193150822062,4.783815854708739,1.8806604459477958,0.7744980054131203,7.2672440340878355,0.7976700097005334,2.811217075345006
0.77495755981006,7.267712713384009,0.7946020481247621,3.386081541762075,6.684720822624335,-0.09203884727313827,2.916740112237364
3.388806334008858,6.6844737228312345,6.194214421482219,6.726019672948087,7.897373703460987,6.62679700366597,3.566053147891981
6.728908743867673,7.898399434372274,0.3405437349106123,9.357133439114481,8.71817819668273,0.22396119503130424,2.7531983293248055
9.360115907377658,8.718853801826315,0.22089323345553233,12.81130551590882,9.031438472492166,-0.47246608266877693,3.4987168140112956
12.813528384760767,9.030293320759196,5.807651262935037,14.31321228007897,6.511809712511105,5.052932715295302,2.964955491961724
