TIME,LB,UB,OPEN,GAP,TREE
0.025758028030395508,0.0,33.62934732432283,1,100.0,1
0.02579498291015625,32.18728311765257,33.62934732432283,1,4.288112382208707,1
0.09657406806945801,32.18728311765257,33.62934732432062,1,4.288112382202418,3
0.13464713096618652,32.18728311765257,33.62934732432062,2,4.288112382202418,4
0.3546011447906494,32.21239866224244,33.62934732431877,2,4.213428968488113,8
0.35466599464416504,32.21239866224244,33.62934732431877,3,4.213428968488113,8
0.6571850776672363,32.21239866224244,33.62934732431877,3,4.213428968488113,13
0.9421951770782471,32.36548930138241,33.62934732426289,3,3.7581996780788822,17
1.1491069793701172,32.36548930138241,33.62934732426289,4,3.7581996780788822,19
1.2663791179656982,32.36548930138241,33.62934732426289,4,3.7581996780788822,19
1.5738160610198975,32.89149339035163,33.62934732425673,3,2.1940774728413737,19
1.5738720893859863,32.89149339035163,33.62934732425673,4,2.1940774728413737,19
1.668119192123413,32.96958962545935,33.62934732425673,4,1.961851035751435,19
2.5437769889831543,33.23649901522387,33.62934732422039,3,1.168171077508793,19
2.5438339710235596,33.23649901522387,33.62934732422039,4,1.168171077508793,19
2.8658640384674072,33.4061702937419,33.62934732422039,3,0.6636377100240455,19
5.0884850025177,33.42826284207953,33.62934732422039,3,0.5979434575467737,19
5.2387940883636475,33.446470402602195,33.62934732422039,2,0.5438015785887241,19
11.456670045852661,33.52685763613092,33.62934732421901,1,0.30476264406797204,19
11.456722021102905,33.52685763613092,33.62934732421901,2,0.30476264406797204,19
31.361735105514526,33.57771811119437,33.62934732421878,1,0.15352427903714821,19
31.36178708076477,33.57771811119437,33.62934732421878,2,0.15352427903714821,19
101.16965818405151,33.60344327216652,33.629347324218685,1,0.07702811417189499,19
101.16971397399902,33.60344327216652,33.629347324218685,2,0.07702811417189499,19
474.47554302215576,33.616367991915254,33.62934732421864,1,0.038595254847663206,19
474.4756050109863,33.616367991915254,33.62934732421864,2,0.038595254847663206,19
3847.7424471378326,33.622853541843895,33.62934732421864,2,0.019309867396892604,19
3847.742500066757,33.622853541843895,33.62934732421864,2,0.019309867396892604,19
