x1,y1,theta1,x2,y2,theta,length
2.536516733320428,9.318405802154905,3.9269908169872414,2.9341552703343687,6.670189384459762,5.108156023659184,2.7128932427056522
2.9344454775221074,6.669497533535453,5.111223985234957,6.945583045947371,0.922904197341588,5.776971647177324,7.012341904178912
6.946184767267877,0.9225725894711811,5.780039608753096,7.796305603874875,0.8743098062949878,6.5807775800294,0.8570631604539067
7.796996239189231,0.8745224638269667,0.30066023442558565,10.879196740930608,3.1707434536563994,0.9725438195194941,3.8466556519434
10.87960510106746,3.1713426079819604,0.9756117810952678,11.38555138985522,4.884697566050667,0.8620972027917286,1.7911547727115127
11.386002760673978,4.885223166935362,0.859029241215959,15.217102483167206,6.803015694184684,1.6812429435226641,4.360829520368978
15.217076449679517,6.803244008959738,1.684310905098434,2.5368216474213656,9.318709842200901,3.923922855411471,13.041915289481535
