x1,y1,theta1,x2,y2,theta,length
2.5364699333345304,9.318806886715588,3.9255959752267615,2.934237703325603,6.669787638505736,5.109581058226969,2.7138665422379606
2.934237703325603,6.669787638505736,5.109581058226969,6.945602994584921,0.9226990352924846,5.779413565121985,7.0129508175143265
6.945602994584921,0.9226990352924846,5.779413565121985,7.796795381442786,0.8743264690377375,0.29867941701950734,0.8581704114679918
7.796795381442786,0.8743264690377375,0.29867941701950734,10.879696747808278,3.1712561045273464,0.9727070310100707,3.847671801269147
10.879696747808278,3.1712561045273464,0.9727070310100707,11.385766433819612,4.885199978565266,0.8612623048098227,1.791814895274912
11.385766433819612,4.885199978565266,0.8612623048098227,15.217407210897502,6.803567662254126,1.6842487261656691,4.362136366165802
15.217407210897502,6.803567662254126,1.6842487261656691,2.5364699333345304,9.318806886715588,3.9255959752267615,13.042736490288497
