TIME,LB,UB,OPEN,GAP,TREE
0.10094904899597168,0.0,27.42215486402455,1,100.0,1
0.10099506378173828,18.66168692446896,27.42215486402455,1,31.946679547961242,1
0.17467403411865234,18.66168692446896,27.41106260620736,1,31.919140849932116,2
0.37398290634155273,18.66168692446896,27.41106260620736,3,31.919140849932116,4
0.4970579147338867,18.66168692446896,22.476486745789497,3,16.972402602177855,6
0.545428991317749,18.66168692446896,21.661566684109623,4,13.848858687775797,7
0.6343069076538086,18.66168692446896,21.661566684109623,5,13.848858687775797,8
0.7420480251312256,18.66168692446896,21.357120277786002,4,12.620771519092022,8
0.742110013961792,18.66168692446896,21.357120277786002,5,12.620771519092022,8
0.819011926651001,18.66168692446896,21.357120277786002,5,12.620771519092022,8
1.0297939777374268,18.686836330139855,21.357120277786002,5,12.503014980084028,8
1.3682010173797607,19.197499866657846,21.327546520374185,4,9.987302813671073,8
1.3682661056518555,19.197499866657846,21.327546520374185,5,9.987302813671073,8
1.6467559337615967,19.463595112962093,21.327546520374185,5,8.739642910315355,8
2.095201015472412,19.93966425395218,21.327546520374185,5,6.507463317902793,8
3.0069239139556885,20.241374095840982,21.327546520374185,5,5.092814700910783,8
3.8113250732421875,20.479808654106225,21.327546520374185,5,3.9748494533026384,8
6.273684024810791,20.738853449951414,21.327546520374185,5,2.760247503670396,8
7.254568099975586,20.823375729301056,21.327546520374185,4,2.3639418185842196,8
14.55245590209961,21.023911141104353,21.323344662374417,3,1.4042521284122096,8
14.552519083023071,21.023911141104353,21.323344662374417,4,1.4042521284122096,8
16.50303888320923,21.147879903564775,21.323344662374417,3,0.8228763432185877,8
39.61787796020508,21.16951349316041,21.3170652761731,2,0.6921768128074148,8
39.617942094802856,21.16951349316041,21.3170652761731,3,0.6921768128074148,8
40.28222990036011,21.20023167322436,21.3170652761731,2,0.5480754570814714,8
115.68283891677856,21.243498888431343,21.316981211155408,1,0.3447126119603208,8
115.68289589881897,21.243498888431343,21.316981211155408,2,0.3447126119603208,8
369.26129508018494,21.280878829184402,21.316981211155408,2,0.16935973069260296,8
1292.2294340133667,21.298389224967476,21.316981211155408,2,0.08721678742298941,8
