x1,y1,theta1,x2,y2,theta,length
10.85759349832705,6.559992453843773,6.224894037239933,12.16707843506534,5.617403269540421,4.91640842517348,1.7238133728025318
12.167575967281735,5.616397201442332,4.914874444385594,12.13198093592017,5.08521463390201,4.376447187837734,0.5388651053114993
12.131022909414316,5.084271464595646,4.374913207049848,3.6211127643115044,2.6084610475005094,2.5479420886780506,9.1077365656315
3.6202911852378707,2.6090151128266568,2.546408107890165,3.3095976850822444,4.467047373850675,0.9633399347921829,2.04501611594699
3.310258378001392,4.467995677536958,0.961805954004297,10.856131953155339,6.560077860709993,-0.05675728915176903,7.892366237236585
