x1,y1,theta1,x2,y2,theta,length
10.858224771848516,6.560184601420107,6.225478194226648,12.167637591846198,5.617894007994199,4.915829928375256,1.7239360438084188
12.167637591846198,5.617894007994199,4.915829928375256,12.131773487681228,5.084516074127049,4.374678413264535,0.5411515151107213
12.131773487681228,5.084516074127049,4.374678413264535,3.62082327879407,2.6079505742166313,2.548170433792625,9.108762030167302
3.62082327879407,2.6079505742166313,2.548170433792625,3.309333053638896,4.467549151791531,0.9622557557914918,2.04754931135436
3.309333053638896,4.467549151791531,0.9622557557914918,10.858224771848516,6.560184601420107,6.225478194226648,7.8955823107146035
