x1,y1,theta1,x2,y2,theta,length
2.834534371667256,4.465328438645664,5.497787143782138,6.823341802871638,2.340074603517833,6.1850105367549055,4.534002252209832
6.879775493093829,2.337441420930965,6.234097921967246,7.9792917784046695,2.6982779797817757,6.6878408857381295,1.1681894901327894
7.985433734682843,2.728171188426684,0.39269908169872414,7.985433734682843,2.728171188426684,0.39269908169872414,0.0
8.042867527772906,2.6435694066638287,0.3436116964863836,9.778912519001981,1.5295063736781933,-0.5890486225480858,2.2562186166138036
9.823588295532875,1.5024131492273942,5.743224069843841,12.60852992348988,1.370374271438818,6.872233929727672,2.85156748202866
12.645506852048054,1.3973755440733344,0.6381360077604268,13.71560964573435,3.3091696289004036,0.4417864669110647,2.2781710056232
13.735752625040691,3.3201610878062877,0.39269908169872414,15.40108326682224,3.4283014607205127,0.5890486225480864,1.725757881634044
15.41264986380641,3.4370023716198745,0.6381360077604268,14.948762037516017,8.570416251387485,2.7488935718910685,5.526310098239591
14.935615924913504,8.57547935012065,2.7979809571034098,12.042776667692056,6.57706946407195,3.9036107082361253,3.684358646974439
12.010391093340631,6.546220397977168,-2.3814018632002125,11.341134332228428,6.123473883503093,3.3379421944391554,0.8057154821326795
11.28660458256654,6.115001487877003,3.288854809226815,7.589321134867863,7.714133744386448,2.7488935718910694,4.059694588594974
7.532155268721625,7.737175054896987,2.7979809571034098,1.3539463291173073,9.172154545738767,3.926990816987241,6.527814205402118
1.3382106587596991,9.154737156644616,3.976078202199582,2.797969736769695,4.505028163563957,5.448699758569798,5.087098165585512
