x1,y1,theta1,x2,y2,theta,length
2.801347741291112,4.487907636412286,5.4836616754127085,6.833738597009244,2.3257746367215963,-0.01109434589433664,4.599220012285086
6.833738597009244,2.3257746367215963,-0.01109434589433664,7.701488437882963,2.576157661634419,0.13037905976270098,0.9118937933703266
7.701488437882963,2.576157661634419,0.13037905976270098,8.329366279190223,2.473759893487532,5.843901537124112,0.6439695098663768
8.329366279190223,2.473759893487532,5.843901537124112,9.546497917186693,1.6247036876607197,5.951915336521435,1.4897744527135155
9.546497917186693,1.6247036876607197,5.951915336521435,13.17190597859958,1.5812284244596233,0.14766087643569717,3.631969827725254
13.17190597859958,1.5812284244596233,0.14766087643569717,15.182608946114227,2.9581026167287936,1.6072936182151945,2.670209635280235
15.182608946114227,2.9581026167287936,1.6072936182151945,14.018416931478635,4.022589706567288,2.641361043967199,1.7191037460555503
14.018416931478635,4.022589706567288,2.641361043967199,12.8143612686237,5.276551381095435,1.963567239460947,1.7519402628483138
12.8143612686237,5.276551381095435,1.963567239460947,12.738224696715879,5.664805572245663,1.565301138772899,0.3982661006880479
12.738224696715879,5.664805572245663,1.565301138772899,14.604681804230895,8.882235663785169,2.086685746061647,4.010124731930703
14.604681804230895,8.882235663785169,2.086685746061647,8.18108838179169,7.842871442874074,3.216587079716177,6.82470785851827
8.18108838179169,7.842871442874074,3.216587079716177,3.467755728458831,8.4756529727225,2.774233021072076,4.759256476302716
3.467755728458831,8.4756529727225,2.774233021072076,1.2166163437911557,9.06910237400983,3.8665937304200204,2.5501847112669425
1.2166163437911557,9.06910237400983,3.8665937304200204,2.801347741291112,4.487907636412286,5.4836616754127085,5.155055995303114
