TIME,LB,UB,OPEN,GAP,TREE
0.023834943771362305,0.0,31.832694964776792,1,100.0,1
0.02386617660522461,30.550906044194274,31.832694964776792,1,4.026642802316393,1
0.1404740810394287,30.550906044194274,31.83269496477678,1,4.026642802316361,4
0.1405200958251953,30.550906044194274,31.83269496477678,2,4.026642802316361,4
0.37597012519836426,30.550906044194274,31.83269496477678,3,4.026642802316361,8
0.47149205207824707,30.550906044194274,31.83269496477678,3,4.026642802316361,8
0.5919539928436279,30.550906044194274,31.83269496477678,3,4.026642802316361,8
0.8615701198577881,30.663655640821524,31.83269496477674,2,3.672448484957904,8
0.8616130352020264,30.663655640821524,31.83269496477674,3,3.672448484957904,8
1.1847920417785645,31.01142569500102,31.83269496477674,3,2.579955202298968,8
2.050497055053711,31.230901177774847,31.8326949647767,2,1.8904895977790936,8
2.0505411624908447,31.230901177774847,31.8326949647767,3,1.8904895977790936,8
4.715679168701172,31.520829100653664,31.832694964776664,2,0.9797029892319327,8
4.715724945068359,31.520829100653664,31.832694964776664,3,0.9797029892319327,8
5.710356950759888,31.56069370587991,31.832694964776664,2,0.8544713515388109,8
13.227926969528198,31.674912081335414,31.832694964776664,2,0.4956629767471433,8
36.392277002334595,31.753118921654913,31.832694964776664,2,0.24998211181869134,8
117.28519797325134,31.79278827820918,31.832694964776664,2,0.12536383303908544,8
417.02217411994934,31.81269831416535,31.832694964776636,1,0.06281796320862285,8
417.02224016189575,31.81269831416535,31.832694964776636,2,0.06281796320862285,8
1769.3046679496765,31.82269368775248,31.832694964776636,2,0.03141825420443386,8
