x1,y1,theta1,x2,y2,theta,length
2.762410448079097,9.19856802612261,4.077320934200035,6.951057442843656,1.187874307650224,6.027010515602683,9.196084494259754
6.951563829828351,1.1877424083860022,6.02854449639057,10.802162383585285,3.441927197093753,6.886039756818644,4.503472431082823
10.802793235498111,3.4423624170363047,0.6043884304269426,13.429142527204109,5.407748791917149,0.6013204688511731,3.28032360048853
13.429775045160401,5.4081813607377445,0.5997864880632857,14.973574509750396,6.742033106978732,1.7502720789775164,2.1474288670086517
14.973523903992458,6.742310590597917,1.7518060597654022,2.7626040649776114,9.198830542759788,4.075786953412152,12.700381795280496
