x1,y1,theta1,x2,y2,theta,length
2.762318831710908,9.199028255074262,4.076859685744025,6.950976827915951,1.1876058153708424,6.028321361011397,9.197071067766487
6.950976827915951,1.1876058153708424,6.028321361011397,10.802370973952222,3.4420532492917215,0.6039011417603555,4.504320804617942
10.802370973952222,3.4420532492917215,0.6039011417603555,13.429105615147073,5.407743115360683,0.5997195968497625,3.2808148575998204
13.429105615147073,5.407743115360683,0.5997195968497625,14.973901697317082,6.742225927035512,1.7510590703537254,2.1488570557147817
14.973901697317082,6.742225927035512,1.7510590703537254,2.762318831710908,9.199028255074262,4.076859685744025,12.701631179077607
