x1,y1,theta1,x2,y2,theta,length
4.618414518998227,9.048000377994804,5.497787143782138,6.009852164059908,3.8548934133129933,5.497787143782138,5.401730414081286
6.153576754104113,3.7775561840293883,6.283185307179586,11.014178408983664,5.48338951523686,6.283185307179585,5.157946649009799
11.257106911173853,5.38055941486556,5.497787143782138,11.54239752424664,4.903956375987279,5.497787143782138,0.5595882052404197
11.675886509181566,4.921868397418586,6.283185307179586,12.845450529377223,9.069770339677303,7.068583470577033,4.513092605002712
12.992679724258101,9.19034190439524,0.0,14.354772500275214,8.998986492361135,-0.7853981633974481,1.4022378340527468
14.57240155415071,8.753764740150785,4.71238898038469,14.12979994171682,2.8122637346879102,4.637799742999102,5.957998020554057
13.935960036297443,2.599020863834661,3.9269908169872414,5.091833001735736,0.9964726464017175,3.1415926535897913,9.007225922828649
4.609100706738862,1.0481850776987804,2.758313678658844,1.1413202863543934,2.4894661175165798,2.3561944901923457,3.7605315530596046
1.0419711211671026,2.7531771178202713,1.5707963267948966,4.47187230284624,9.065127321466464,-4.440892098500626e-16,7.29409128137957
