x1,y1,theta1,x2,y2,theta,length
12.069559084071988,4.207425891065436,1.8034453242544732,12.020283709634814,6.329667767602072,1.866091616941247,2.1287456737486155
12.020283709634814,6.329667767602072,1.866091616941247,10.409197830753183,8.607949315617725,2.5770825949619174,2.8058282634638863
10.409197830753183,8.607949315617725,2.5770825949619174,8.926038233747375,8.691792071882087,3.681520590043411,1.5442812061215407
8.926038233747375,8.691792071882087,3.681520590043411,8.051864240798709,7.7589636624981555,3.5895141011746046,1.3019592192842286
8.051864240798709,7.7589636624981555,3.5895141011746046,6.666410994273811,7.948808809729094,2.8352455018152964,1.4486135816189152
6.666410994273811,7.948808809729094,2.8352455018152964,0.9102967492966462,8.803877790375598,4.061502109193425,6.037958487330311
0.9102967492966462,8.803877790375598,4.061502109193425,1.293321564843148,6.760659388729747,4.847187521373848,2.2227086952704695
1.293321564843148,6.760659388729747,4.847187521373848,0.997867280875826,4.548007542382772,5.090115108332834,2.2668115063016097
0.997867280875826,4.548007542382772,5.090115108332834,2.8509894984485227,3.1221079748473186,5.498997468246233,2.370814139017865
2.8509894984485227,3.1221079748473186,5.498997468246233,4.485459907277333,0.9841767436131253,5.937490833281468,2.7295080449763236
4.485459907277333,0.9841767436131253,5.937490833281468,6.559078301966589,1.4272894195609878,0.18096424142739795,2.1563036814419814
6.559078301966589,1.4272894195609878,0.18096424142739795,9.2708064038251,1.556176750107409,6.184893561720747,2.715701745440089
9.2708064038251,1.556176750107409,6.184893561720747,12.896873252485628,1.2683598602639747,0.9022548816599879,3.823736094140814
12.896873252485628,1.2683598602639747,0.9022548816599879,12.069559084071988,4.207425891065436,1.8034453242544732,3.227864009445766
