TIME,LB,UB,OPEN,GAP,TREE
0.03291916847229004,0.0,37.50393490018679,1,100.0,1
0.03296208381652832,29.35212139794423,37.50393490018679,1,21.73588857792615,1
0.10826301574707031,29.35212139794423,37.42798885396874,2,21.57708095814016,3
0.15475106239318848,29.35212139794423,31.395840622876214,3,6.509522230925237,4
0.15481305122375488,29.35212139794423,31.395840622876214,3,6.509522230925237,4
0.30503010749816895,29.35212139794423,31.39579425708927,3,6.5093841627643245,6
0.4465811252593994,29.35212139794423,31.39579425708927,4,6.5093841627643245,8
0.5641961097717285,29.35212139794423,31.39579425708927,4,6.5093841627643245,8
1.0211710929870605,29.45939628882649,31.39579425708927,4,6.167698617229716,8
1.230391025543213,29.55398319122385,31.39579425708927,4,5.866426091289392,8
1.3359391689300537,29.56565195621324,31.39579425708927,4,5.829259441215692,8
1.6070020198822021,30.32253358165058,31.39579425708927,4,3.41848550366375,8
3.01289701461792,30.40281434608491,31.39579425708927,4,3.1627800299402957,8
7.7559380531311035,30.880012797211418,31.39579425708927,4,1.6428361571435273,8
8.462778091430664,30.990361970550204,31.39579425708927,3,1.2913585915970878,8
21.04706621170044,31.131560978806892,31.39579425708927,3,0.8416199829781805,8
21.864338159561157,31.210941723713375,31.39579425708927,2,0.5887811974502138,8
65.75063014030457,31.260646176155625,31.39579425708927,2,0.4304655579883272,8
201.75241208076477,31.328516683948003,31.395404595387355,1,0.21305000620752998,8
201.75246405601501,31.328516683948003,31.395404595387355,2,0.21305000620752998,8
897.4458141326904,31.361915980867252,31.39540434052349,1,0.10666643847938673,8
897.4458801746368,31.361915980867252,31.39540434052349,2,0.10666643847938673,8
3767.530086994171,31.378643315913763,31.39539373753905,1,0.05335311850304201,8
3767.5301361083984,31.378643315913763,31.39539373753905,2,0.05335311850304201,8
3767.5301520824432,31.378643315913763,31.39539373753905,2,0.05335311850304201,8
