x1,y1,theta1,x2,y2,theta,length
2.892983085937106,9.121149133359376,4.101864626806204,3.0545493544561615,7.703088884608717,-1.0269147501455549,1.5368988578747393
3.0564249845853233,7.6999852187347475,-1.027487320946362,7.096001102551029,1.4058366189319045,5.905826033359718,7.520993024444975
7.097688799877184,1.4052222526700808,5.9088939949354895,7.688443449330155,1.3616631714546372,6.5102737251535885,0.601379730218099
7.6904892517582475,1.3626670226026245,0.23009711818284617,14.767208952328927,6.6958270474413135,1.7610099444927165,9.105263091779216
14.767050530186332,6.696643829032619,1.7640779060684872,2.89344481269202,9.121804975909177,4.098796665230434,12.614108611596734
