x1,y1,theta1,x2,y2,theta,length
2.891938418542981,9.121250542265757,4.0989175096450525,3.0502089966191717,7.703170815629275,5.255910092880518,1.536969249998203
3.0502089966191717,7.703170815629275,5.255910092880518,7.09889912980512,1.4039539704738302,5.911842526255907,7.531281620709796
7.09889912980512,1.4039539704738302,5.911842526255907,7.696198935286003,1.3636625749137008,0.23662510204446027,0.607967882968139
7.696198935286003,1.3636625749137008,0.23662510204446027,14.768100854934247,6.696516561563965,1.762415742990686,9.101546288361654
14.768100854934247,6.696516561563965,1.762415742990686,2.891938418542981,9.121250542265757,4.0989175096450525,12.617628695501256
