x1,y1,theta1,x2,y2,theta,length
10.349945291678392,9.393638036998345,18.11681514635917,10.113343967511396,7.226681870704734,5.216699117587666,2.2975121647462124
10.113343967511396,7.226681870704734,5.216699117587666,11.966789756404403,6.607111355751406,-0.23185123999585602,1.9930612401707084
11.966789756404403,6.607111355751406,-0.23185123999585602,14.137032843294286,5.9247451283895005,5.173105257802592,2.323339198967381
14.137032843294286,5.9247451283895005,5.173105257802592,12.439657262877368,1.7414241567839497,-2.095074614283522,4.566786982829365
12.439657262877368,1.7414241567839497,-2.095074614283522,11.623619339158553,0.9317701178211596,3.180163249158965,1.193861619326479
11.623619339158553,0.9317701178211596,3.180163249158965,9.369563606461877,3.0132385530673123,3.1731251631956425,3.1630016006639337
9.369563606461877,3.0132385530673123,3.1731251631956425,7.741997143905361,1.274296981822663,3.487176027499184,2.4413960783206465
7.741997143905361,1.274296981822663,3.487176027499184,4.298944887319544,2.1711106243438443,2.1693172413930486,3.6058575609114794
4.298944887319544,2.1711106243438443,2.1693172413930486,4.564877045867071,5.536840429421787,1.886346074032415,3.4104799719809566
4.564877045867071,5.536840429421787,1.886346074032415,2.201486393649979,8.505702586617062,1.1923311060772124,3.90261740422978
2.201486393649979,8.505702586617062,1.1923311060772124,9.097939874781504,9.163048177326761,0.23958564435121793,7.037627296368846
9.097939874781504,9.163048177326761,0.23958564435121793,10.349945291678392,9.393638036998345,18.11681514635917,1.3571559419361672
