x1,y1,theta1,x2,y2,theta,length
1.157649741960762,6.1490777968533,0.8222137023067038,2.1801142337673185,6.611795485109384,0.9541360500648688,1.148906603201963
2.1809757941503403,6.613010111475819,0.9572040116406401,2.3971426642884883,8.091082000236828,0.656543777215056,1.561225902114281
2.397761665002817,8.091556903342072,0.6534758156392831,5.993953857118682,7.00848256861759,-0.27918450339518774,3.8296873191722005
5.995172264300011,7.008136456743825,6.00706876536017,8.365422607266634,6.557059660402132,6.4120396933619785,2.4156054039036228
8.366716778426543,6.557230490452718,0.13192234775816514,12.543184009127813,8.420162336833998,-0.36815538909255535,4.6180426541698045
12.544392460558434,8.419691845948098,5.911961956511261,13.367898056956804,6.229680545234443,4.200039397230884,2.4406282512198327
13.367390659341465,6.2287793205195054,4.196971435655114,11.486481390798604,5.701712070434571,3.466796580621549,1.998935690150729
11.485056404841929,5.701227724984187,3.46986454219732,6.294802303694512,3.0330507398703173,3.4269130801365186,5.836761656341775
6.293309722655259,3.0326181599882633,3.423845118560751,5.568930933379282,2.93434707241925,3.549631543167373,0.7335402201862591
5.568175496860249,2.9340185807082912,3.552699504743145,3.3577488200581347,1.0326106698626818,3.4637286190457774,2.9234565345046613
3.356701648117774,1.0322645774773287,3.4606606574700063,0.4463516098829334,1.4267864374337573,2.2273401040099507,2.98482419706806
0.44601246006250067,1.4272279199343632,2.224272142434179,1.15702655063122,6.148403893815834,0.8252816638824747,4.834056493925258
