x1,y1,theta1,x2,y2,theta,length
1.1570939326483938,6.148919786068879,0.823651727350508,2.1806028715560606,6.611380042835773,0.9538540355044648,1.1499418847478493
2.1806028715560606,6.611380042835773,0.9538540355044648,2.397110902008446,8.091839019791333,0.6551051318171931,1.5643104677699813
2.397110902008446,8.091839019791333,0.6551051318171931,5.994299135049786,7.0083334590298785,6.006163730906167,3.831155429729022
5.994299135049786,7.0083334590298785,6.006163730906167,8.365683698948732,6.556869555627553,0.13131871503053338,2.416861016583596
8.365683698948732,6.556869555627553,0.13131871503053338,12.543313457987185,8.420874519704526,5.912243568374073,4.620031111241499
12.543313457987185,8.420874519704526,5.912243568374073,13.367986135996063,6.228563536607892,4.199285746925385,2.443376484530374
13.367986135996063,6.228563536607892,4.199285746925385,11.485960745412871,5.701654220051983,3.4688162688017057,2.0004366183559896
11.485960745412871,5.701654220051983,3.4688162688017057,6.29500513571389,3.0329509104106296,3.423551163732547,5.837663886440282
6.29500513571389,3.0329509104106296,3.423551163732547,5.568648146743411,2.934374203701837,3.5517423050886427,0.7355890421004981
5.568648146743411,2.934374203701837,3.5517423050886427,3.3577195478137902,1.032346450738565,3.461072759027934,2.92438072018969
3.3577195478137902,1.032346450738565,3.461072759027934,0.4459222808809298,1.4268555314622295,2.2259486776411697,2.986502168379829
0.4459222808809298,1.4268555314622295,2.2259486776411697,1.1570939326483938,6.148919786068879,0.823651727350508,4.835358527366864
