x1,y1,theta1,x2,y2,theta,length
13.668082722851517,1.0419609199015567,3.623910167175335,11.842513042367667,2.1582727549635083,3.174619306270202,2.2810718181396146
11.842513042367667,2.1582727549635083,3.174619306270202,10.136537122267718,0.8026290701066641,2.9696727501582902,2.2727727529920667
10.136537122267718,0.8026290701066641,2.9696727501582902,8.70707339410298,3.814837531510728,2.0401668919610603,3.411440614695885
8.70707339410298,3.814837531510728,2.0401668919610603,7.772416226537263,4.7342719028253,3.286936075862112,1.3960086134592848
7.772416226537263,4.7342719028253,3.286936075862112,6.4054339199446515,1.5856206258272305,3.6253762685769604,3.563477376460906
6.4054339199446515,1.5856206258272305,3.6253762685769604,4.56755842642861,2.1251924335175465,2.2451402418439996,1.9719209834913043
4.56755842642861,2.1251924335175465,2.2451402418439996,4.103057077876495,4.422656137161526,2.4601864041425126,2.387628293633461
4.103057077876495,4.422656137161526,2.4601864041425126,2.647738517354767,4.445939956713893,2.9038831622664714,1.487491316490357
2.647738517354767,4.445939956713893,2.9038831622664714,0.8411428932164906,5.703933791110236,1.9518163947373468,2.22242939759957
0.8411428932164906,5.703933791110236,1.9518163947373468,1.41140749807104,7.702964208732806,0.4321401036762781,2.155046074726981
1.41140749807104,7.702964208732806,0.4321401036762781,3.2698403235810223,7.119544458960025,0.3008364916306179,2.0169767582595726
3.2698403235810223,7.119544458960025,0.3008364916306179,4.728478234877252,8.84128736262,-0.1455568274323485,2.386522722779757
4.728478234877252,8.84128736262,-0.1455568274323485,5.68791131188948,7.371563951674731,-0.17267931831277675,1.9065939717872602
5.68791131188948,7.371563951674731,-0.17267931831277675,6.823131231854909,8.508343636602575,0.5169861289302397,1.7049407221759405
6.823131231854909,8.508343636602575,0.5169861289302397,11.679269588978203,8.59818934319043,-0.22126173560580426,4.868550313694454
11.679269588978203,8.59818934319043,-0.22126173560580426,13.802664676196796,7.414898968588532,5.027794446331629,2.4698353298321374
13.802664676196796,7.414898968588532,5.027794446331629,13.161224487485265,5.824222985213676,-1.7229367113527088,1.750726808287773
13.161224487485265,5.824222985213676,-1.7229367113527088,13.668082722851517,1.0419609199015567,3.623910167175335,4.955745364802308
