x1,y1,theta1,x2,y2,theta,length
8.762091366612712,1.6354222909164338,2.5833154331990005,8.224018997246386,2.787886094370904,2.7556807106970216,1.3026996980195147
8.224018997246386,2.787886094370904,2.7556807106970216,7.476430228632726,2.5890504442522384,2.8025744799987544,0.8031208481648815
7.476430228632726,2.5890504442522384,2.8025744799987544,7.037487449723173,3.3428243110953733,2.365452431021535,0.8909914049978577
7.037487449723173,3.3428243110953733,2.365452431021535,1.1598686148611619,6.039821775675639,1.4221364574508162,6.553834762174225
1.1598686148611619,6.039821775675639,1.4221364574508162,2.663231652538227,6.380474244984432,0.013926880921408098,1.6181115670838735
2.663231652538227,6.380474244984432,0.013926880921408098,8.476224482721804,5.959986570275988,0.12184342250559671,5.828514415214693
8.476224482721804,5.959986570275988,0.12184342250559671,9.529951153955562,6.301536562304846,0.4039737949561523,1.108028186102658
9.529951153955562,6.301536562304846,0.4039737949561523,15.11538899822739,9.08266621474403,5.485066885141907,6.3190685419382016
15.11538899822739,9.08266621474403,5.485066885141907,14.253167690098804,7.18890376954207,4.395696964652338,2.1550003030468874
14.253167690098804,7.18890376954207,4.395696964652338,13.61776513549373,2.2715195069226564,3.9341337376085863,4.970056192846461
13.61776513549373,2.2715195069226564,3.9341337376085863,8.762091366612712,1.6354222909164338,2.5833154331990005,4.922286159648784
