x1,y1,theta1,x2,y2,theta,length
12.394823494986436,1.6388633968946245,1.2708531416273354,12.234179307798032,5.798212897447774,0.8703564071781847,4.201855204079699
12.234179307798032,5.798212897447774,0.8703564071781847,14.132577659824427,6.360123318394691,1.130545204264285,2.0685664506428316
14.132577659824427,6.360123318394691,1.130545204264285,13.347460733092557,7.91161024564684,2.422797721419299,1.8140013207658865
13.347460733092557,7.91161024564684,2.422797721419299,10.634289256774336,9.267827424010278,3.0412025631141426,3.038648561936439
10.634289256774336,9.267827424010278,3.0412025631141426,9.311238790240063,8.79426041057065,4.173457648429592,1.441435079730324
9.311238790240063,8.79426041057065,4.173457648429592,9.4979284265199,7.248145207439279,4.634175681413774,1.587191580354669
9.4979284265199,7.248145207439279,4.634175681413774,9.462737335156278,7.099139064853734,4.326765839106783,0.15370492115349554
9.462737335156278,7.099139064853734,4.326765839106783,9.194163422330814,6.682366237314953,3.9778389195152886,0.4967180774962996
9.194163422330814,6.682366237314953,3.9778389195152886,7.1867679719452084,5.162003389505765,3.2197563164065155,2.5350472662387333
7.1867679719452084,5.162003389505765,3.2197563164065155,3.2515131586894936,6.9814772783776595,3.793075603109728,4.4617823082194565
3.2515131586894936,6.9814772783776595,3.793075603109728,4.244879527002133,2.237401406938483,5.48220483791616,4.978410466119801
4.244879527002133,2.237401406938483,5.48220483791616,7.714356372789296,1.263407377861924,0.40500904229271645,3.6414102320379413
7.714356372789296,1.263407377861924,0.40500904229271645,9.1111867402886,3.254851853033301,0.1185929621591564,2.5107600934388388
9.1111867402886,3.254851853033301,0.1185929621591564,11.635980304313822,0.9320941155186868,0.013839931170539277,3.5355157343985213
11.635980304313822,0.9320941155186868,0.013839931170539277,12.394823494986436,1.6388633968946245,1.2708531416273354,1.0853430197853875
