x1,y1,theta1,x2,y2,theta,length
9.383783511785442,7.135643226957467,0.1043106935762236,15.831010853299475,9.908317326619242,-0.9265243958829296,7.112571326564593
15.83106680196441,9.908242845966138,5.353592949720888,11.72019844148063,4.914715107901839,3.8073403155321666,6.5608476276114365
11.719506482126551,4.914171734896021,3.8042723539563896,9.988225879037955,3.893952162994732,4.562058863171897,2.0401656728108177
9.988171109644329,3.8935848645398807,4.565126824747669,13.139975477962885,0.40459797312821555,4.209243281958196,4.810357641690384
13.139838585666482,0.4043499067091358,4.206175320382428,10.887779076514187,0.7517867785179747,2.8746799964976915,2.355097002347282
10.887197271213706,0.7519462811247224,2.8716120349219203,7.760048047602072,1.7139246803687274,3.141592653589794,3.272890830428379
7.759054013632702,1.7139232256957806,3.1446606151655643,6.102301685758868,1.2461307217357371,2.8746799964976923,1.7295725625430667
6.1014773507472775,1.2463572257245825,2.8716120349219203,4.402433563605108,3.087278795782758,2.248815835040351,2.5124786254128817
4.4020817310523475,3.087716032824705,2.2457478734645786,0.24649998665329542,9.117311938412783,0.9848156658225768,7.389960386004581
0.24657552761410712,9.117425036031122,0.9817477042468103,9.383135268983967,7.135576916079235,0.10124273200045786,9.418191079493159
