x1,y1,theta1,x2,y2,theta,length
10.854341479805854,7.316057986927082,6.1850105367549055,12.921095417523551,5.712799059344894,5.160311370447299,2.6270941094916225
12.921391604687807,5.712179008679365,5.157243408871526,12.881610179657084,4.911334956309416,4.028233548987696,0.8175677934379291
12.881230053571178,4.910868936620531,4.025165587411923,11.718009815265404,4.567024348695326,3.868699547047585,1.2274984578494443
11.717512554201013,4.566578466791828,3.8717675086233587,11.541431607860531,4.238651710970604,3.8963112012295307,0.37749603137052395
11.540938789444093,4.238187772171196,3.8932432396537573,3.1928533258070515,1.9923603930236766,2.7488935718910676,8.661224741598517
3.191991054417884,1.9929163468987074,2.699806186678728,2.6246592123316153,4.828490340411159,1.7307426356213667,2.9259133750671094
2.6252709729323565,4.829470341709101,0.2947380529544108,10.853672709913884,7.316183182623527,-3.9968028886505635e-15,8.597004258377353
