x1,y1,theta1,x2,y2,theta,length
10.868651781096167,7.313025385373905,6.093051066466253,12.921408116105708,5.712539037531842,5.158880772480455,2.6113560279333257
12.921408116105708,5.712539037531842,5.158880772480455,12.881459612798281,4.910774635792046,4.027614188580017,0.8185666132846914
12.881459612798281,4.910774635792046,4.027614188580017,11.717264389369285,4.566608965023368,3.8713073923435823,1.2287348106847524
11.717264389369285,4.566608965023368,3.8713073923435823,11.540749417394665,4.2377626810574105,3.8978481324139964,0.3784761422695948
11.540749417394665,4.2377626810574105,3.8978481324139964,3.196485930665199,1.9894222107860378,2.5717926459258464,8.670219489893727
3.196485930665199,1.9894222107860378,2.5717926459258464,2.7002236023203703,4.9057239317353885,1.0074899843973493,2.9974022998982295
2.7002236023203703,4.9057239317353885,1.0074899843973493,10.868651781096167,7.313025385373905,6.093051066466253,8.535513226263882
