TIME,LB,UB,OPEN,GAP,TREE
0.01955699920654297,0.0,31.560122059180472,1,100.0,1
0.01958608627319336,27.871994108237367,31.560122059180472,1,11.686038298670876,1
0.12993621826171875,27.871994108237367,31.560122059180472,2,11.686038298670876,4
0.327423095703125,28.377058367471093,31.560122059180472,3,10.085714135517616,8
0.638667106628418,28.377058367471093,31.560122059180472,6,10.085714135517616,13
1.1189970970153809,28.377058367471093,31.560122059180472,7,10.085714135517616,19
1.270752191543579,28.377058367471093,31.560122059180472,7,10.085714135517616,19
1.3884282112121582,28.611050401317918,31.560122059180472,7,9.344297377343961,19
1.83201003074646,28.84238890001708,31.560122059180472,7,8.611288492697176,19
2.0582871437072754,29.673053617733785,31.560122059180472,6,5.979281188799333,19
3.189314126968384,30.155917719634207,31.560122059180472,6,4.449299457439197,19
3.693301200866699,30.369879391137168,31.560122059180472,5,3.77135001509627,19
3.7910971641540527,30.52059292471978,31.560122059180472,4,3.2938058113698148,19
6.884079217910767,30.833319912763436,31.560122059180472,4,2.302912976870499,19
7.066918134689331,31.09382325563326,31.560122059180472,3,1.477493663278055,19
16.36235213279724,31.19191653079385,31.560122059180472,3,1.166679671568363,19
44.02916121482849,31.374733326971672,31.560122059180472,3,0.5874144968804786,19
44.155466079711914,31.453754730355243,31.560122059180472,2,0.3370307903935622,19
145.12660217285156,31.467211701068685,31.560122059180472,2,0.29439163111462247,19
544.0029821395874,31.51359725026296,31.560122059180472,2,0.1474164416419835,19
3349.4477422237396,31.53684099386101,31.560122059180472,2,0.07376734879480741,19
