x1,y1,theta1,x2,y2,theta,length
10.746188036411093,1.5276220052585483,-3.020461264436134,9.376105800221099,1.4218148824182468,2.9130295161948325,1.3799119727105678
9.374784581581197,1.4221222954848607,2.9114955354069467,5.218100313099657,4.074552425698377,2.429825568010856,4.9379897261993815
5.217008358462417,4.075511984956838,2.423689644859313,1.3298576740275285,9.447875152622865,1.1780972450961715,6.818749239482102
1.330087902763449,9.448211876588953,1.1290098598838318,8.232380922294539,7.985738702343376,-0.33588763765678875,7.469121263210441
8.237798185628703,7.98370904133638,-0.3810669013472891,12.800394347170952,5.936180623424404,5.252350217720435,5.041578496531052
12.802423126958391,5.932976205407847,5.227806525114265,12.564980537409776,2.0469398277092172,4.074252972624263,3.9561873270111856
12.56301014185924,2.044847233158168,4.049709280018093,10.746955146206979,1.5277153439895246,3.262622565145324,1.9439929129127047
