x1,y1,theta1,x2,y2,theta,length
1.295207143334058,9.391830408040526,0.995877740252355,7.6957057436880625,8.014070675483916,-0.3447258657630875,6.857333135894777
7.6957057436880625,8.014070675483916,-0.3447258657630875,12.847846238550291,5.854671104229968,5.284765235795073,5.625074421219554
12.847846238550291,5.854671104229968,5.284765235795073,12.577376818843545,2.0588787604224477,3.968467097464923,3.8986004158514826
12.577376818843545,2.0588787604224477,3.968467097464923,9.364199845204501,1.4242681069602408,2.924452282799872,3.3306481160159334
9.364199845204501,1.4242681069602408,2.924452282799872,5.195375855138679,4.094234747626617,2.4397601930761286,4.95848748377689
5.195375855138679,4.094234747626617,2.4397601930761286,1.295207143334058,9.391830408040526,0.995877740252355,6.889978486421833
