x1,y1,theta1,x2,y2,theta,length
12.776701647116665,1.1668592340414332,3.758112707747648,7.659231389654916,1.5898438729830928,2.144877790650182,5.315860133162907
7.659231389654916,1.5898438729830928,2.144877790650182,9.024135298792585,5.970568870913015,0.8509474954304842,4.719305388163557
9.024135298792585,5.970568870913015,0.8509474954304842,14.562621665011875,8.434642387844061,5.605773695174202,6.303187173770168
14.562621665011875,8.434642387844061,5.605773695174202,12.776701647116665,1.1668592340414332,3.758112707747648,7.780431500267845
