TIME,LB,UB,OPEN,GAP,TREE
0.024747133255004883,0.0,22.376024051871532,1,100.0,1
0.02478313446044922,21.534895682907756,22.376024051871532,1,3.759060890415088,1
0.09629392623901367,21.534895682907756,22.376023905653774,1,3.759060261521662,3
0.13573813438415527,21.534895682907756,22.376023905653774,2,3.759060261521662,4
0.25627708435058594,21.534895682907756,22.37549041763685,3,3.7567656352529357,7
0.30313706398010254,21.534895682907756,22.37549041763685,4,3.7567656352529357,8
0.4190089702606201,21.534895682907756,22.37548973582907,3,3.7567627026071366,8
0.4190530776977539,21.534895682907756,22.37548973582907,4,3.7567627026071366,8
0.5378289222717285,21.61885076126318,22.37548973582907,4,3.3815526877801148,8
0.8254389762878418,21.837428767552545,22.37548973582907,4,2.4046891247030344,8
1.1081631183624268,21.988966346951454,22.37548973582907,4,1.727441023374298,8
1.2240269184112549,22.00464486333793,22.37548973582907,3,1.657370975426384,8
1.9969921112060547,22.085902516648453,22.37548973561078,2,1.2942162267020587,8
1.9970459938049316,22.085902516648453,22.37548973561078,3,1.2942162267020587,8
4.654788017272949,22.228069991018423,22.375489735608845,2,0.6588447731528995,8
4.654834985733032,22.228069991018423,22.375489735608845,3,0.6588447731528995,8
5.511363983154297,22.23336246299396,22.375489735608845,2,0.6351917848247193,8
13.809737920761108,22.300198468019794,22.375489735608845,2,0.33648992034901115,8
40.73164510726929,22.33741680960787,22.37548973353817,1,0.17015459497735183,8
40.7317259311676,22.33741680960787,22.37548973353817,2,0.17015459497735183,8
151.67194604873657,22.356386808511687,22.375489733520986,1,0.08537433252547423,8
151.67202305793762,22.356386808511687,22.375489733520986,2,0.08537433252547423,8
682.6691551208496,22.36591184507084,22.375489733130266,1,0.04280526671665996,8
682.6692249774933,22.36591184507084,22.375489733130266,2,0.04280526671665996,8
3941.328707933426,22.370695637834032,22.37548973313026,1,0.021425655274610843,8
3941.3288221359253,22.370695637834032,22.37548973313026,2,0.021425655274610843,8
3941.328845024109,22.370695637834032,22.37548973313026,2,0.021425655274610843,8
