x1,y1,theta1,x2,y2,theta,length
12.91824698456701,4.7930770338535895,4.457748169595673,11.797368532422716,4.330568209095573,2.8440003807399807,1.2584891483025515
11.796693666513534,4.330776597215194,2.840932419164208,11.486123670327197,4.628727544824463,2.659922686193701,0.43842143592197447
11.485782748949603,4.628905688286248,2.662990647769473,2.7334242845054018,5.0666718103302175,1.6843109050984335,8.874908960953684
2.7334130768935787,5.066771863700509,1.6812429435226628,10.82886226012738,7.28060254177745,-0.30066023442558243,8.508666843935726
10.8295899315492,7.280375731775588,5.979457111178229,12.918316981627584,4.7933465771458925,4.460816131171445,3.290209248720096
