x1,y1,theta1,x2,y2,theta,length
12.918511007249275,4.793277540066385,4.458532411122008,11.797045268341316,4.330392559523376,2.8421321505640815,1.2593470644302953
11.797045268341316,4.330392559523376,2.8421321505640815,11.485817970537568,4.628994225835846,2.66001182671719,0.43939627704805595
11.485817970537568,4.628994225835846,2.66001182671719,2.7330579216911794,5.066589327655842,1.6824044756837673,8.875795807823184
2.7330579216911794,5.066589327655842,1.6824044756837673,10.829323587408751,7.280701839758833,5.981093405231796,8.509830995591805
10.829323587408751,7.280701839758833,5.981093405231796,12.918511007249275,4.793277540066385,4.458532411122008,3.2911195882369153
