x1,y1,theta1,x2,y2,theta,length
0.9835830823409368,6.287229148006028,0.7038507372830448,2.5049957553168007,6.3972317798449545,0.9022150487436599,1.5658172432195743
2.5049957553168007,6.3972317798449545,0.9022150487436599,2.220789352341737,8.336298732768467,0.7066980761068126,2.0345779756976707
2.220789352341737,8.336298732768467,0.7066980761068126,5.941235281889468,6.793063923560403,5.965501163075735,4.0825089695909105
5.941235281889468,6.793063923560403,5.965501163075735,8.393393722378994,6.296930346202464,0.16615752764132763,2.503985368460279
8.393393722378994,6.296930346202464,0.16615752764132763,11.570042583332256,8.173255839821463,0.5381427824459181,3.691493685905988
11.570042583332256,8.173255839821463,0.5381427824459181,12.672435881573888,8.72639571927934,5.944602915164925,1.257110056270615
12.672435881573888,8.72639571927934,5.944602915164925,13.637922560168258,6.093514068209396,4.134163306577782,2.8637900390292224
13.637922560168258,6.093514068209396,4.134163306577782,11.429673639960491,5.853784933331695,3.4556321979414095,2.251686667306562
11.429673639960491,5.853784933331695,3.4556321979414095,6.424595324731932,2.694460035481928,3.2307409116098325,5.923930851090517
6.424595324731932,2.694460035481928,3.2307409116098325,5.498104561505844,2.9979269922354232,3.3543619416441866,0.9857866495219045
5.498104561505844,2.9979269922354232,3.3543619416441866,3.4053839055159836,0.8771276868221156,3.4762525763530774,2.9921957032453337
3.4053839055159836,0.8771276868221156,3.4762525763530774,0.37319215587904303,1.369741995297776,2.2203329004014773,3.0950136329266016
0.37319215587904303,1.369741995297776,2.2203329004014773,0.9835830823409368,6.287229148006028,0.7038507372830448,4.990563444148747
