x1,y1,theta1,x2,y2,theta,length
12.592071418353996,4.195746779587902,3.8318840081383314,10.576564679868168,2.1461718515979573,3.172272269347506,2.966694714558829
10.57468053268071,2.1461159089868764,3.1692043077717345,9.217941482801532,3.075329837774468,2.635378993587531,1.7088486000090464
9.215441611902598,3.076703934823833,2.6384469551633027,3.993394876941654,3.8362703665588738,2.7765052260730108,5.287250232861097
3.990611050169062,3.83733478737153,2.7734372644972396,1.0375617801073804,6.742453134830853,1.2302525918842844,4.424523883705509
1.0378289677562933,6.743203439569909,1.227184630308513,7.808301683176273,6.943440160753598,-0.13805827090970824,7.0745797021601105
7.811335146498179,6.943018193423236,6.1420590746941075,11.019833319576044,6.321751332512941,6.270913460876502,3.2691173384914087
11.0228482806316,6.32171778121261,6.273981422452273,14.336222298170641,6.007670504169311,5.019185137961818,3.656801898667819
14.336345499879998,6.007282798362831,5.016117176386047,12.594365005088315,4.197638825011261,3.8288160465625602,2.793164624749102
