x1,y1,theta1,x2,y2,theta,length
12.592979107965341,4.196984251139905,3.830350118855007,10.576103885833984,2.1449481817187346,3.170293530642736,2.970300793041641
10.576103885833984,2.1449481817187346,3.170293530642736,9.217352774190267,3.076295357484911,2.637357979919223,1.7123328036831986
9.217352774190267,3.076295357484911,2.637357979919223,3.990477988381612,3.8369983969630743,2.776465751386157,5.292260686259894
3.990477988381612,3.8369983969630743,2.776465751386157,1.036281281067911,6.743269648790701,1.2286601093384661,4.427386661559245
1.036281281067911,6.743269648790701,1.2286601093384661,7.811010336334027,6.943152151772678,6.144784462458251,7.079942835690489
7.811010336334027,6.943152151772678,6.144784462458251,11.021729135764271,6.321448069250861,6.272055971680049,3.271404614221407
11.021729135764271,6.321448069250861,6.272055971680049,14.337990099870467,6.007118306424043,5.018510453062999,3.6602146690068103
14.337990099870467,6.007118306424043,5.018510453062999,12.592979107965341,4.196984251139905,3.830350118855007,2.798236538529398
