x1,y1,theta1,x2,y2,theta,length
15.659912406265379,4.6532557430173735,-2.1293191323346243,13.965310898437979,1.9535209522792634,3.9269908169872423,3.187992371189408
13.82627640022094,1.8356487733595652,-2.747445865813447,11.358723599779058,0.8301279219370721,3.1415926535897967,2.667024302501635
11.233483878770993,0.881654837692972,2.356194490192345,10.432516121229005,2.7003451623070274,2.356194490192343,1.991785554244405
10.30730854190297,2.7517948929478084,3.141592653589793,6.406691458097033,1.167205107052192,3.1415926535897913,4.215115199221917
6.249772582904511,1.1970576053053739,2.370581690984067,0.41400411239212664,6.972942394694626,1.5707963267948974,8.231082904851222
0.4265134760301787,7.090322860510698,0.7853981633974483,3.6052632192664578,9.084900444192666,0.5586702508721841,3.753183240865406
3.7784326683291067,9.161702955851748,0.27621849655713265,5.62634402696753,9.685520348851616,0.27621849655713265,1.9207188890085087
5.81093975068302,9.687380455843284,0.0,9.266060249316979,8.755842848860079,-0.7853981633974485,3.5851902769091653
9.271935007350063,8.691113846248335,4.71238898038469,6.9840649926499365,7.303886153751663,4.7123889803846915,2.7738609104210625
6.993056546964706,7.262675096303937,5.497787143782138,7.465943453035293,7.115324903696063,5.497787143782139,0.5120359827137535
7.497528939323198,7.043574204629869,4.71238898038469,6.291471060676802,5.514425795370132,4.712388980384687,1.975343509486517
6.320156785221117,5.42000181138871,5.497787143782138,7.940843214778882,4.982774883907927,6.283185307179589,1.685434480699713
8.112624239342715,5.013332060765832,0.5990363321944261,10.088599065360647,6.309667939234169,-4.440892098500626e-16,2.371649108145866
10.21925120943731,6.2830742744956805,5.497787143782138,11.062748790562688,4.98892572550432,5.497787143782137,1.545554148400627
11.210033720683324,4.906180247805646,-0.023082221421617914,13.93696627931668,4.920596447490987,7.068583470577035,2.7471838774099115
14.033392433595203,5.014056019662275,1.56263511734687,14.034607566404796,5.162943980337724,1.5626351173468704,0.1488929191796538
14.071715770118665,5.347117197175616,1.1813108058670996,15.729284229881333,8.977106107527748,3.774758283725532e-15,4.05157026989914
15.76265751906284,8.969986414132725,5.497787143782138,15.71356578564052,4.830013585867276,4.681505982271551,4.161433937790884
