x1,y1,theta1,x2,y2,theta,length
2.178742292236023,3.8532939824133807,5.406712885311979,6.615163282588642,1.6677283523812716,0.3179685328104472,4.990499511254465
6.615163282588642,1.6677283523812716,0.3179685328104472,7.723064813445572,3.277895885262282,0.3559941770245006,2.009737433329325
7.723064813445572,3.277895885262282,0.3559941770245006,8.41265911639215,3.0905602335612254,5.483414621755446,0.7483848609605867
8.41265911639215,3.0905602335612254,5.483414621755446,8.849514910167244,2.0890265631709872,5.115085706162785,1.097080593421894
8.849514910167244,2.0890265631709872,5.115085706162785,9.43470463171959,1.1032324516750873,5.854609160074907,1.1693555413525358
9.43470463171959,1.1032324516750873,5.854609160074907,10.528300016543065,1.276260494000898,0.009255835023812985,1.1293877328726192
10.528300016543065,1.276260494000898,0.009255835023812985,13.273935451070875,0.6257517086434187,0.2865346470582661,2.8356493676154066
13.273935451070875,0.6257517086434187,0.2865346470582661,15.012076211290045,2.787609266286749,1.8308909657485628,2.861060179311899
15.012076211290045,2.787609266286749,1.8308909657485628,13.712169431243993,3.4633403328073253,2.642825862468274,1.5241017632639613
13.712169431243993,3.4633403328073253,2.642825862468274,12.064307716607765,4.89986705104683,1.8493544666670407,2.203875240936598
12.064307716607765,4.89986705104683,1.8493544666670407,12.17515891142193,5.463705565555196,1.029998802926472,0.5885531122840535
12.17515891142193,5.463705565555196,1.029998802926472,13.017965080509793,6.389820571923617,0.8240222873522451,1.2528846823382196
13.017965080509793,6.389820571923617,0.8240222873522451,14.967181998103,9.06382728759744,2.1645939336031828,3.469942953591243
14.967181998103,9.06382728759744,2.1645939336031828,8.489880835274434,7.157448758333579,2.7503368851774295,6.95014335468729
8.489880835274434,7.157448758333579,2.7503368851774295,7.6965149851769326,8.359132954051205,2.61156385817951,1.4757865293052026
7.6965149851769326,8.359132954051205,2.61156385817951,3.273771805174185,8.102271741382744,2.866731036013544,4.451466508569537
3.273771805174185,8.102271741382744,2.866731036013544,0.7655119747765848,9.486361495525943,3.7582691614687573,2.995290156644283
0.7655119747765848,9.486361495525943,3.7582691614687573,2.178742292236023,3.8532939824133807,5.406712885311979,5.956112360613579
