x1,y1,theta1,x2,y2,theta,length
12.576603067631662,8.159300046156918,5.571418221600649,12.314380287154485,6.735807823475088,4.275971792183581,1.5674694795432749
12.314187425157627,6.735380111092429,-1.9816085627615934,10.743290201600333,3.138534259756163,4.178563666200486,3.925075881280864
10.74293255774233,3.137931228878409,4.177029685412601,8.72073485259017,0.6810359035605087,3.4238451185607524,3.2012211594971927
8.720098752451449,0.6808985178619347,3.411573272257666,6.848985370940812,1.5034863754573515,2.853204265467292,2.074309879087659
6.8482137939716035,1.5036953531140977,2.859340188618835,3.674694419845189,1.7051231186826734,2.6507188014663874,3.1877948125035767
3.673983535059697,1.7055675740526655,2.6261751088602177,2.399766118207705,4.245882375171731,1.2271846303085132,2.902578270349336
2.3999926996388923,4.246505704448039,1.1780972450961724,12.576223195903149,8.159703284858603,-0.6872233929727678,11.038557342177596
