x1,y1,theta1,x2,y2,theta,length
12.550656956201006,8.184919576303617,5.486487393594772,10.741166718891744,3.1348298499034453,4.18630692801091,5.482135386462235
10.741166718891744,3.1348298499034453,4.18630692801091,8.729288375645872,0.6827675074882703,3.363781159501609,3.197498183380328
8.729288375645872,0.6827675074882703,3.363781159501609,6.853209316920654,1.5024640498239408,2.887396431101346,2.071718979559009
6.853209316920654,1.5024640498239408,2.887396431101346,3.7030506465435002,1.6881062894536694,2.5812797045938742,3.1675186524780594
3.7030506465435002,1.6881062894536694,2.5812797045938742,2.4315314377107757,4.318876334352017,1.2162524716197773,2.9796998678461417
2.4315314377107757,4.318876334352017,1.2162524716197773,12.550656956201006,8.184919576303617,5.486487393594772,11.005023930927571
