x1,y1,theta1,x2,y2,theta,length
1.841185560702868,6.069683051465117,1.2409904573994839,2.645272202654425,7.62803463733538,0.5691068723055728,1.7848714147605054
2.6463109217251426,7.628699293055135,0.5675728915176872,5.861101189676647,7.609867794246677,0.018407769454627854,3.250681915384947
5.862628978879194,7.609898212232308,0.019941750242513337,12.296712818591699,8.125093662347853,-0.49240783291129203,6.487672863062473
12.297825887795398,8.124493784607164,5.789243493480409,12.929639137567507,6.407418920230933,4.261398628746312,1.9783910715731785
12.929236541504343,6.406591434780897,4.259864647958426,8.798775672149498,5.18352631108238,3.523553869773319,4.415980376389809
8.797378245417061,5.182964955113037,3.5250878505612033,3.1716663630424886,1.6106449547809825,3.457592695894235,6.667868347787856
3.1702562650508868,1.6101857706722387,3.4560587151063498,1.0216167999997434,1.8829832474076795,2.2380779695251505,2.2734723744089744
1.0210727456053703,1.883674390829039,2.2365439887372647,1.8406903487030428,6.068232234460889,1.2425244381873697,4.383228148065371
