x1,y1,theta1,x2,y2,theta,length
1.840940275857157,6.069048176437621,1.2418439164398454,2.6449882795767556,7.628393938661475,0.56921184444076,1.7857664439972263
2.6449882795767556,7.628393938661475,0.56921184444076,5.861205900803278,7.609803284906112,0.019835249762724824,3.252415771355324
5.861205900803278,7.609803284906112,0.019835249762724824,12.29704351785079,8.125407913740167,5.789518082448184,6.489681310357484
12.29704351785079,8.125407913740167,5.789518082448184,12.929587514607613,6.405910882085912,4.260015959268743,1.981480024243853
12.929587514607613,6.405910882085912,4.260015959268743,8.797284645185922,5.183083992268983,3.5235254242289185,4.417804051436057
8.797284645185922,5.183083992268983,3.5235254242289185,3.171297514972519,1.610318968591963,3.4565358242531445,6.668404324053348
3.171297514972519,1.610318968591963,3.4565358242531445,1.0206839195131479,1.8831530012372455,2.2375808265679082,2.2756692061228607
1.0206839195131479,1.8831530012372455,2.2375808265679082,1.840940275857157,6.069048176437621,1.2418439164398454,4.385135417179751
