x1,y1,theta1,x2,y2,theta,length
14.33872260012216,6.6287468201182405,4.974859705124572,12.49164113870241,4.6970126489720165,3.3486601324497705,2.915585856693475
12.49164113870241,4.6970126489720165,3.3486601324497705,9.539335507858823,5.075055364742231,-3.1251278249566536,2.983973843481293
9.539335507858823,5.075055364742231,-3.1251278249566536,6.534011000759408,3.9215701638070084,4.4764743861161636,3.4041881987437774
6.534011000759408,3.9215701638070084,4.4764743861161636,7.5655168273363556,1.2251752262868219,4.142553330138785,3.1880767910827728
7.5655168273363556,1.2251752262868219,4.142553330138785,4.831674243613952,1.630793916382058,2.551583829676359,3.097426533225497
4.831674243613952,1.630793916382058,2.551583829676359,4.10913689986632,2.1761596737114237,2.731678834742792,0.9082346045188919
4.10913689986632,2.1761596737114237,2.731678834742792,1.9907730933245174,2.7220702144245097,2.3055426395774736,2.2321667756721695
1.9907730933245174,2.7220702144245097,2.3055426395774736,1.7043063982824374,4.659953308359294,1.6737687085871094,2.002640241840078
1.7043063982824374,4.659953308359294,1.6737687085871094,1.4742797569929278,7.825665759435061,0.8847225043007322,3.2601531172708333
1.4742797569929278,7.825665759435061,0.8847225043007322,6.108191093621884,8.226809417946567,-0.1482790849378842,4.745717684754819
6.108191093621884,8.226809417946567,-0.1482790849378842,8.618891016815576,7.454188725114121,-0.14003487003881396,2.628241135497375
8.618891016815576,7.454188725114121,-0.14003487003881396,10.499148856057818,7.493436396409385,-0.007153248967247925,1.8814170050960044
10.499148856057818,7.493436396409385,-0.007153248967247925,14.33872260012216,6.6287468201182405,4.974859705124572,4.184822595660831
