x1,y1,theta1,x2,y2,theta,length
11.751628853690034,2.0700187385396633,3.3016463336308743,9.651901035195698,2.8546058323329833,3.208774238285635,2.296788003858939
9.651901035195698,2.8546058323329833,3.208774238285635,7.659958572230546,1.613010077212179,3.3535781545761854,2.3841315465019344
7.659958572230546,1.613010077212179,3.3535781545761854,3.203927903925169,2.8780144036066164,2.2484470236445566,4.690271314239013
3.203927903925169,2.8780144036066164,2.2484470236445566,3.0741026391609583,8.795850196843757,0.7954285541666749,6.048038116608011
3.0741026391609583,8.795850196843757,0.7954285541666749,6.809182563953317,9.028787336034478,-0.006732998539182472,3.8170920541291458
6.809182563953317,9.028787336034478,-0.006732998539182472,7.91213779502733,8.967548133439207,-0.36993213222603993,1.1113636374284046
7.91213779502733,8.967548133439207,-0.36993213222603993,11.395078746605112,6.028073805298458,-0.20031590844870467,4.588442304431912
11.395078746605112,6.028073805298458,-0.20031590844870467,14.644917229736935,6.260773267838777,5.320229896988065,3.5059767080185207
14.644917229736935,6.260773267838777,5.320229896988065,11.751628853690034,2.0700187385396633,3.3016463336308743,5.469752031219155
