x1,y1,theta1,x2,y2,theta,length
13.00645649898518,2.4413262515968883,5.0069132916587336,13.906425155441656,1.055458596197937,4.319689898685965,1.753497300084148
13.898913428665255,1.0418738989757648,4.221515128261284,12.469771421573485,1.0299141995014018,2.650718801466388,1.5623129312053776
12.449906124551363,1.0427959982980406,2.552544031041707,9.816522741120547,4.174602035014903,2.84706834231575,4.110821322058722
9.797063493906297,4.178904212037231,2.945243112740431,6.916508571981347,3.047939894065388,2.7488935718910676,3.156117024390923
6.895278973994987,3.056747824282511,2.650718801466388,5.7502048159070895,4.984095887763884,3.1415926535897927,2.3760182076696763
5.738698551809068,4.984227916844825,3.2397674240144743,4.522768374580484,3.5581644196686213,3.0434178831651124,2.0425105763800686
4.5147433843403615,3.5594107835547275,2.945243112740431,3.8023142843401554,6.94890753449104,2.5525440310417054,3.6630094543832135
3.7863425065422813,6.95788153011278,2.650718801466388,2.521020428297505,6.688529122034165,2.8470683423157497,1.357272683078948
2.4861821459149565,6.699868272285462,2.748893571891069,1.839476728604005,8.091900124207537,1.2762720155208533,1.5997004350531445
1.8556104513566059,8.139720310936385,1.1780972450961724,4.351485219400189,9.558203490868433,0.09817477042468081,2.9012564604940057
4.374036690106697,9.55838254463918,0.0,10.04222950669239,6.730174234557323,-0.1963495408493634,6.344758351968992
10.076902732784895,6.72658649785589,6.1850105367549055,12.96069065444837,7.580249197679469,7.166758241001714,3.0300340705188273
12.979819778176223,7.606907954737103,0.9817477042468103,13.178377334416188,9.487886303951093,0.6872233929727674,1.9549568996615159
13.191454545940223,9.497245707714418,0.5890486225480862,14.821568468471112,8.946806635618922,-1.0799224746714904,1.8182487619085077
14.838217505248114,8.911460695350243,5.105088062083414,13.000120713475813,2.4657479078513918,4.908738521234052,6.738184226206593
