x1,y1,theta1,x2,y2,theta,length
9.59333941911883,5.802464601474531,6.152796940209307,15.625438174258223,4.4647078590807485,4.672505479899664,6.284304312254312
15.625436500565876,4.464665931856327,4.6709714991117774,7.247194348705953,3.374640282779961,3.3716897717726413,8.555198796380905
7.246971230027635,3.374587973321336,3.3732237525605253,2.460991837176532,1.5638550061598135,3.969942279048041,5.121405723753492
2.4608619177055573,1.5637130817463853,3.9714762598359252,1.8935280732549025,0.24203151484720958,3.202951885105218,1.5028874772615421
1.8934314332934261,0.24202569514839786,3.201417904317333,0.3202924779898666,3.7440409187684147,1.3790487283091912,3.9188620517676886
0.3203370258944055,3.7442685346683593,1.3775147475213059,2.7882681122398236,6.287998312616529,0.36048548515312584,3.5556143985204494
2.788744088333348,6.288177711420453,0.35895150436524004,9.592927122699354,5.80251813039943,-0.1288543861823937,6.824825678090558
