x1,y1,theta1,x2,y2,theta,length
9.593264108103646,5.802485702133016,6.154044457481704,15.625576668310014,4.464545596492549,4.67244868241776,6.284560623914667
15.625576668310014,4.464545596492549,4.67244868241776,7.246988652250413,3.3746069496691984,3.371837479484118,8.555850204807358
7.246988652250413,3.3746069496691984,3.371837479484118,2.460941646490229,1.5638729744518391,3.9712458562090385,5.121507843387487
2.460941646490229,1.5638729744518391,3.9712458562090385,1.8935426282803853,0.24189024796285435,3.2019065952188703,1.5033782995339664
1.8935426282803853,0.24189024796285435,3.2019065952188703,0.3202145247571146,3.7440394141778723,1.377550048580221,3.9192019703731242
0.3202145247571146,3.7440394141778723,1.377550048580221,2.7887034526219825,6.28828848997689,0.3604169958891085,3.5563787859015847
2.7887034526219825,6.28828848997689,0.3604169958891085,9.593264108103646,5.802485702133016,6.154044457481704,6.825247041335356
