x1,y1,theta1,x2,y2,theta,length
1.247383391529346,8.587103674419605,0.4908738521234052,7.872473766738799,8.235144865387237,0.24543692606169953,6.64231639629012
7.87335571537855,8.235366780604842,0.2485048876374739,9.7434548484976,9.326448580326367,-0.04295146206079803,2.1742830496464984
9.744049218162026,9.326421754292616,6.2371658835430175,14.566959474845428,5.557805280216108,4.4209326306864165,6.198248482151994
14.566910939489778,5.557645254395802,4.417864669110646,11.075769364130792,5.1836805012567835,3.5803111589250896,3.5791913479636768
11.07537774576897,5.183495699806045,3.583379120500858,9.9431890278736,3.9165334080806495,4.562058863171895,1.709872827797335
9.943097738905415,3.91591812440705,4.565126824747669,10.262802253658398,3.150061337859498,5.0590686384468455,0.837440560452536
10.263020037921383,3.149454780050897,5.056000676871074,10.538235012926656,1.2642488931774756,3.653942236743598,1.9804641333053572
10.538137531952525,1.2641941734625883,3.6508742751678263,7.997970415638059,3.5447065293287463,2.6445828783148437,3.4928817979680407
7.9971527391571575,3.545152338808976,2.6476508398906167,7.872756325702952,3.578214542663469,3.101709153104766,0.12971051992310717
7.872112168368402,3.578240919909877,3.104777114680538,3.7030883057588837,3.075714905634363,2.7611654181941545,4.204657938766592
3.702625556353612,3.075900484175462,2.758097456618383,1.9235674289072535,5.227717008881862,2.196660488252238,2.797230171721431
1.9230232447569477,5.228471839779293,2.1935925266764666,1.3913049972367597,6.055703530618592,2.2426799118888074,0.9834296295143268
1.3907714444499126,6.056370521278525,2.2457478734645786,0.413515313058103,7.119246100967486,1.6996507129772893,1.454206957759528
0.41341572845782126,7.120023585826763,1.696582751401519,1.2469416213398095,8.586866519257061,0.493941813699178,1.705208655293318
