x1,y1,theta1,x2,y2,theta,length
1.2471240221437307,8.587139835804663,0.4926123616237792,7.873059292066867,8.235144002825924,0.24660863437208888,6.6432402238266866
7.873059292066867,8.235144002825924,0.24660863437208888,9.743663247285605,9.32664193803554,-0.04490307869127016,2.1750377922820565
9.743663247285605,9.32664193803554,-0.04490307869127016,14.567220541892548,5.557875985560949,4.4179734715795185,6.199389925935058
14.567220541892548,5.557875985560949,4.4179734715795185,11.075617551285944,5.18370599166602,3.5824366756567683,3.579720105253779
11.075617551285944,5.18370599166602,3.5824366756567683,9.942882939136918,3.915904811355696,4.565209052492088,1.711012435984074
9.942882939136918,3.915904811355696,4.565209052492088,10.262927248896867,3.1498122824849974,5.057316424072641,0.8377992670624534
10.262927248896867,3.1498122824849974,5.057316424072641,10.53821040582297,1.264004706102372,3.65303365623605,1.9812327587658842
10.53821040582297,1.264004706102372,3.65303365623605,7.997447890121252,3.5451479034650366,2.6454717126140648,3.4941530576136164
7.997447890121252,3.5451479034650366,2.6454717126140648,7.872561812337857,3.5782777423331087,3.1038315395096046,0.13023355653921959
7.872561812337857,3.5782777423331087,3.1038315395096046,3.702714750315056,3.07571484923104,2.760153716560589,4.205514417687377
3.702714750315056,3.07571484923104,2.760153716560589,1.9232425003696616,5.228124500346052,2.1953085985539342,2.7980173767640486
1.9232425003696616,5.228124500346052,2.1953085985539342,1.3912971049214682,6.0557846315175174,2.2454955755766224,0.9839173455391588
1.3912971049214682,6.0557846315175174,2.2454955755766224,0.4131648980998579,7.1196279253973875,1.6982135248450467,1.4555850471536955
0.4131648980998579,7.1196279253973875,1.6982135248450467,1.2471240221437307,8.587139835804663,0.4926123616237792,1.706137672043416
