TIME,LB,UB,OPEN,GAP,TREE
0.02903914451599121,0.0,32.015915487199415,1,100.0,1
0.0291140079498291,28.501365957632757,32.015915487199415,1,10.977507518008794,1
0.1716291904449463,28.501365957632757,32.015915487199415,2,10.977507518008794,4
0.3939781188964844,29.08589426548804,32.015915487199415,3,9.151764605584537,8
0.6884040832519531,29.08589426548804,32.015915487198974,3,9.151764605583287,12
0.7968289852142334,29.08589426548804,32.015915487198974,5,9.151764605583287,13
1.3798019886016846,29.08589426548804,32.015915487198974,6,9.151764605583287,19
1.5664360523223877,29.08589426548804,32.015915487198974,6,9.151764605583287,19
1.7635951042175293,29.08589426548804,32.015915487198974,6,9.151764605583287,19
1.945580005645752,29.08589426548804,32.015915487198974,6,9.151764605583287,19
3.7973110675811768,29.378695263177246,32.015915487198974,6,8.237216346589173,26
4.050843954086304,29.378695263177246,32.015915487198974,6,8.237216346589173,26
4.6649720668792725,29.378695263177246,32.015915487198974,6,8.237216346589173,26
5.1584460735321045,29.67813829224047,32.015915487198974,6,7.3019220577753785,26
5.382656097412109,30.01919213593036,32.015915487198974,5,6.236658614578645,26
7.256340980529785,30.494491651609245,32.015915487198974,5,4.752085993599168,26
7.847340106964111,30.72395263791141,32.015915487198974,4,4.035376873118416,26
9.478667974472046,31.034164836313998,32.015915487198974,4,3.0664456597454244,26
14.95294713973999,31.23431095666107,32.015915487198974,4,2.4412999554875023,26
15.100269079208374,31.351263241734518,32.015915487198974,3,2.076005746986077,26
32.047626972198486,31.621887602251764,32.015915487198974,3,1.2307250283214781,26
36.404622077941895,31.720990671187945,32.015915487198974,2,0.921181891952926,26
85.33533310890198,31.817155666630736,32.015915487198974,2,0.6208156710299567,26
245.27093815803528,31.916337285924786,32.015915487198974,2,0.31102718681901315,26
847.2955491542816,31.96595935396614,32.015915487198974,2,0.15603531079036856,26
3429.3572380542755,31.990947420947656,32.015915487198974,2,0.07798641978956246,26
