x1,y1,theta1,x2,y2,theta,length
7.809519988389444,8.19107112958804,2.8624081501946064,1.6871991918489586,9.179135853400037,4.160155896745859,6.492349499335311
1.6868802902259663,9.178618140225403,4.161689877533745,5.314858805913584,4.171916513726929,5.542272586630822,6.473435915327544
5.316093315002896,4.1707876596516344,5.543806567418708,9.323898503922605,1.1985346265863026,6.051554208208855,5.001591787559418
9.324867650179856,1.1983060076265242,6.053088188996739,10.581919658436835,1.3483131454187998,6.378292116028497,1.2751521218606086
10.58288178380794,1.3484048932104922,0.0935728280610241,12.99823352532569,1.6718316800544564,0.8252816638824751,2.506033147133575
12.99868895173796,1.6723254837096753,0.8268156446703607,12.987255131483455,5.726349068722247,1.653250546346418,4.132106261589725
12.987161603498663,5.727476422792689,1.6536312893407215,12.740434657581442,6.5782431444177725,2.2549517581918925,0.9038524873654141
12.739800636203457,6.579017716184039,2.2564857389797783,7.81061023510434,8.190757723939699,2.860874169406721,5.218904778565136
