x1,y1,theta1,x2,y2,theta,length
1.6857948466346142,9.17891514271217,4.160498953108907,5.315746334711143,4.171008329376538,5.542645078412912,6.476528256478989
5.315746334711143,4.171008329376538,5.542645078412912,9.324605682173193,1.1981376382440274,-0.23125931982154452,5.002841070714814
9.324605682173193,1.1981376382440274,-0.23125931982154452,10.582080159585448,1.3483751817284118,0.09537227932930127,1.2757119397498529
10.582080159585448,1.3483751817284118,0.09537227932930127,12.99887590632922,1.6719895599898387,0.8257153841729561,2.5076252746313226
12.99887590632922,1.6719895599898387,0.8257153841729561,12.74072603455603,6.5784301135235514,2.256401046599219,5.038212835454007
12.74072603455603,6.5784301135235514,2.256401046599219,7.810088251980456,8.19090877480764,2.8616741857536327,5.22051549080244
7.810088251980456,8.19090877480764,2.8616741857536327,1.6857948466346142,9.17891514271217,4.160498953108907,6.494480619367545
