x1,y1,theta1,x2,y2,theta,length
2.454835543017516,9.021558636941995,1.4143302864305611,2.565606677109327,9.206708537468241,0.619728238305802,0.2211402788342111
2.5659870547472368,9.206979268994647,0.6181942575179135,8.241916046587704,9.687909346481003,-0.1472621556370195,5.7030997454910715
8.242232860374335,9.687862157251859,6.134389170754679,15.188821643442477,6.809182128903283,4.795223942930516,7.572703803131234
15.188836975060708,6.808994837387325,4.793689962142628,13.405723912816352,5.571010240337315,3.9438646056539817,2.2205021786905657
13.405353957868073,5.570627567971029,3.9453985864418692,12.987759228317621,4.913035145278412,3.641670390440509,0.7857142759760499
12.987551819776483,4.912921918524194,3.6401364096526265,11.425856286268193,4.868642100719141,4.048175299230207,1.5993135874989504
11.425701885290838,4.868444314109583,4.049709280018093,11.675906770725485,3.57438225336147,4.385651072565047,1.355818543520435
11.675760738220026,3.573953086704983,4.384117091777162,7.80993535110772,0.8704482094091286,3.394699483590923,4.729692853246311
7.809596877164098,0.8703609095971262,3.393165502803038,6.8674046099341535,0.9486048602145257,2.9713207861344877,0.9471119387531
6.867029934024101,0.9486693587266357,2.969786805346601,3.20396271520258,1.9021219384715735,2.285631373949606,3.7942960658782834
3.203808272729133,1.9023002450289406,2.28409739316172,2.454791090337385,9.021277394535018,1.4158642672184476,7.168310327160211
