x1,y1,theta1,x2,y2,theta,length
3.6331455580407397,5.95757025943282,0.8677178113027819,4.144057549245401,8.167558484522745,0.834643958455427,2.3313300255006313
4.144057549245401,8.167558484522745,0.834643958455427,6.300380882862452,8.31658696497158,5.538667619569625,2.3216977863976385
6.300380882862452,8.31658696497158,5.538667619569625,6.664158183806626,6.814612932357785,5.045106499090085,1.5991587911437737
6.664158183806626,6.814612932357785,5.045106499090085,7.6662592761308295,5.588498612330757,-0.570745348253095,1.596040361914333
7.6662592761308295,5.588498612330757,-0.570745348253095,9.078446940938846,5.141854723005679,-0.4099388025063025,1.485129154242286
9.078446940938846,5.141854723005679,-0.4099388025063025,10.906493684613046,4.3380719775348595,0.18964102199802638,2.0446576801476066
10.906493684613046,4.3380719775348595,0.18964102199802638,15.194907155416058,8.157697694602762,5.750216231054601,6.160230264149341
15.194907155416058,8.157697694602762,5.750216231054601,14.272140258028896,3.966809287620352,4.192470533331692,4.667330377122029
14.272140258028896,3.966809287620352,4.192470533331692,12.151143512081854,1.2074476633691025,3.5507718681612186,3.5044606449699027
12.151143512081854,1.2074476633691025,3.5507718681612186,9.463889327373241,1.434220519244009,2.9474863730631795,2.719830524558913
9.463889327373241,1.434220519244009,2.9474863730631795,7.580279595739856,1.8810139371627108,3.1468722905821886,1.9383842967921874
7.580279595739856,1.8810139371627108,3.1468722905821886,3.4218900752148524,1.026297908277253,2.7345560941584166,4.28948036701242
3.4218900752148524,1.026297908277253,2.7345560941584166,2.5480016677162522,2.1858144583982826,2.133156630806832,1.4842604176906433
2.5480016677162522,2.1858144583982826,2.133156630806832,1.8436539056124042,3.1608874067669466,2.1375397378580154,1.2029428031391005
1.8436539056124042,3.1608874067669466,2.1375397378580154,1.3626255098071203,4.888676596453337,1.1281596913155025,1.8804795784581052
1.3626255098071203,4.888676596453337,1.1281596913155025,3.6331455580407397,5.95757025943282,0.8677178113027819,2.613959380157168
