TIME,LB,UB,OPEN,GAP,TREE
0.03421211242675781,0.0,27.19051420559386,1,100.0,1
0.034271955490112305,24.46945841767368,27.19051420559386,1,10.007371568428756,1
0.18982696533203125,24.46945841767368,27.19051420559386,3,10.007371568428756,4
0.481201171875,24.46945841767368,27.19051420559386,4,10.007371568428756,8
0.6248431205749512,24.46945841767368,27.190513937682496,3,10.007370681720698,8
0.624920129776001,24.46945841767368,27.190513937682496,4,10.007370681720698,8
0.7768890857696533,24.46945841767368,27.190513937682496,4,10.007370681720698,8
1.1960880756378174,25.162051255163124,27.190513937682496,4,7.460185148277716,8
1.6009809970855713,25.30547081315826,27.190513937682496,4,6.93272340804053,8
2.8500399589538574,26.102509943934137,27.190513937682496,4,4.001410183867572,8
4.350583076477051,26.251708826199497,27.190513937682496,4,3.452693515226051,8
4.458690166473389,26.425755674592015,27.190513937682496,3,2.8125921593215146,8
8.413660049438477,26.63137362369005,27.190513937352367,2,2.0563800851671727,8
8.41372799873352,26.63137362369005,27.190513937352367,3,2.0563800851671727,8
13.340139150619507,26.798719257238815,27.190513937352367,3,1.4409241436784057,8
24.852041006088257,26.908609571970647,27.19051393732226,2,1.0367746854709756,8
24.852113962173462,26.908609571970647,27.19051393732226,3,1.0367746854709756,8
60.426624059677124,27.04831483718305,27.19051393732226,3,0.5229731974430494,8
76.77719616889954,27.086030652752058,27.19051393732226,2,0.38426373554781557,8
201.22157502174377,27.119198409658665,27.190513937317682,1,0.2622809109949923,8
201.2216441631317,27.119198409658665,27.190513937317682,2,0.2622809109949923,8
730.0943510532379,27.154773103528623,27.190513937317572,1,0.1314459663077464,8
730.094437122345,27.154773103528623,27.190513937317572,2,0.1314459663077464,8
4025.6548030376434,27.172624579266746,27.190513937317046,1,0.06579264405057424,8
4025.6548981666565,27.172624579266746,27.190513937317046,2,0.06579264405057424,8
4025.6549179553986,27.172624579266746,27.190513937317046,2,0.06579264405057424,8
