x1,y1,theta1,x2,y2,theta,length
7.727494823438498,3.713431357494443,5.878214379177777,15.144400666211098,3.124970318893669,7.605476746337008,7.910962867758309
15.1444187074381,3.125042251959238,1.325359400733194,13.672045773175768,4.5633536289505106,2.7550294950426117,2.3495624533784745
13.670253860473899,4.564085794734635,2.75196153346684,7.662134888932339,7.740499353785208,2.8440003807399776,6.797416814647418
7.658642103727959,7.741567549899988,2.84706834231575,3.6513442999687475,7.422653724553384,4.356505437595221,4.30415727422583
3.65119924029326,7.422261924692352,4.359573399170992,7.724501978927723,3.714715865370907,5.875146417602005,5.810525169256712
