x1,y1,theta1,x2,y2,theta,length
7.724918126792911,3.714180205735329,5.877635587340165,15.145154608519437,3.1241981758056925,1.3248292291826782,7.916977942443959
15.145154608519437,3.1241981758056925,1.3248292291826782,13.670980527455043,4.563682807363149,2.753720380607254,2.352136946499451
13.670980527455043,4.563682807363149,2.753720380607254,7.6595153802973295,7.741671836376209,2.8446922123626064,6.801132505856225
7.6595153802973295,7.741671836376209,2.8446922123626064,3.650468208206855,7.422634159036392,4.357832681480307,4.306925126955862
3.650468208206855,7.422634159036392,4.357832681480307,7.724918126792911,3.714180205735329,5.877635587340165,5.81334141556155
