x1,y1,theta1,x2,y2,theta,length
6.925717108672705,1.3260066665728296,3.081767402862253,0.9074714390645633,1.0836083985973024,2.063204159706188,6.274939246077167
0.9072316393055748,1.0840553213928448,2.061670178918302,2.5121647785469077,3.8229571052857394,0.7654564131549351,3.392921604612039
2.513270043089224,3.8240160799063467,0.7639224323670493,8.398849184155594,8.687097905938021,0.34054373491061185,7.642164292443604
8.4002033778427,8.687577439686946,0.33900975412272666,11.987642749781024,8.114731543915394,-1.1458836485505735,3.829080998756234
11.987913002039717,8.114133294711538,5.135767677841127,10.195190230814198,5.010508854270224,4.390253014928705,3.759446615492544
10.19474135881912,5.0091588448990825,4.39178699571659,10.178383697605593,3.1806044527551016,4.433204476989502,1.8398749087903186
10.177983498858303,3.179216356523634,4.431670496201616,8.522853788628357,1.0874961411612722,3.4790684269246355,2.708312892734564
8.521667808788159,1.0870822913226903,3.4775344461367483,6.927212884633579,1.325916698423373,3.080233422074368,1.6383226338663701
