x1,y1,theta1,x2,y2,theta,length
6.926799241017009,1.3261055202206695,3.0813251475509813,0.9070772862198134,1.082813150752993,2.0632032597061882,6.276547075079104
0.9070772862198134,1.082813150752993,2.0632032597061882,2.5120927033487197,3.8229567901423254,0.7638722313093397,3.394921497246768
2.5120927033487197,3.8229567901423254,0.7638722313093397,8.399985613559094,8.687785150372695,0.3403590844840175,7.645070934232695
8.399985613559094,8.687785150372695,0.3403590844840175,11.98838132925416,8.114779737270581,5.136466421498556,3.8306030658131007
11.98838132925416,8.114779737270581,5.136466421498556,10.194804380515224,5.010256327547435,4.391369922619346,3.761165203073754
10.194804380515224,5.010256327547435,4.391369922619346,10.17852002383422,3.1801479412265508,4.432116184623956,1.8415238299337617
10.17852002383422,3.1801479412265508,4.432116184623956,8.521934277366285,1.0867094715967245,3.477266578725668,2.7109096804211674
8.521934277366285,1.0867094715967245,3.477266578725668,6.926799241017009,1.3261055202206695,3.0813251475509813,1.6391066073944622
