TIME,LB,UB,OPEN,GAP,TREE
0.016489028930664062,0.0,25.463153078994246,1,100.0,1
0.016522884368896484,24.454130382276986,25.463153078994246,1,3.9626777311787444,1
0.05054903030395508,24.454130382276986,25.46315307899322,1,3.962677731174872,2
0.12140488624572754,24.454130382276986,25.46315307899322,2,3.962677731174872,4
0.32049989700317383,24.513950620105703,25.46315307899322,3,3.7277490966764684,8
0.4040648937225342,24.513950620105703,25.46315307899322,3,3.7277490966764684,8
0.9893879890441895,24.883493441107976,25.46315307899322,4,2.2764644900299276,13
1.1146159172058105,24.883493441107976,25.46315307899322,4,2.2764644900299276,13
1.2246580123901367,24.883493441107976,25.46315307899322,4,2.2764644900299276,13
1.5398409366607666,24.883493441107976,25.463153078989563,3,2.276464490015897,13
1.5398728847503662,24.883493441107976,25.463153078989563,4,2.276464490015897,13
1.843738079071045,24.883493441107976,25.463153078989563,4,2.276464490015897,13
2.8115339279174805,25.097917988754038,25.463153078989563,4,1.4343670994025195,13
3.7998268604278564,25.109716149662823,25.463153078989563,4,1.388032849782347,13
6.80766487121582,25.275845018691243,25.463153078986366,3,0.7356043444976992,13
6.807710886001587,25.275845018691243,25.463153078986366,4,0.7356043444976992,13
9.454179048538208,25.28636239483747,25.463153078986366,4,0.6943000483894985,13
17.994373083114624,25.368374863225732,25.46315307898631,3,0.37221712278356356,13
17.99441885948181,25.368374863225732,25.46315307898631,4,0.37221712278356356,13
26.85889196395874,25.3784108905083,25.46315307898631,4,0.33280320082568504,13
26.953294038772583,25.408966087466602,25.46315307898631,3,0.21280550508265664,13
52.684030055999756,25.415329933763797,25.463153078986075,2,0.18781313168063557,13
52.68410897254944,25.415329933763797,25.463153078986075,3,0.18781313168063557,13
78.01316785812378,25.425737676850424,25.463153078986075,3,0.14693939128272393,13
165.94613194465637,25.439139281837527,25.46315307898595,2,0.0943080264801994,13
165.9462239742279,25.439139281837527,25.46315307898595,3,0.0943080264801994,13
249.32197904586792,25.449749403151777,25.46315307898595,3,0.052639497522538124,13
557.5186660289764,25.451129852334347,25.463153078985936,2,0.04721813757429601,13
557.5187480449677,25.451129852334347,25.463153078985936,3,0.04721813757429601,13
1951.341204881668,25.457136469567303,25.463153078985933,2,0.023628689659786768,13
1951.3412790298462,25.457136469567303,25.463153078985933,3,0.023628689659786768,13
