x1,y1,theta1,x2,y2,theta,length
15.12613088342642,9.53890073854186,3.6784859293497676,12.594413995499414,8.281903709408619,3.799670411592731,2.826936715396816
12.594181250787056,8.281723775888459,3.8012043923806185,7.623095388922691,2.3985543561487113,4.905670559658283,7.731754100565049
7.623137951367991,2.3983372505792957,4.907204540446166,8.690272810771862,1.7603471339572079,6.103709554996969,1.2711155725366463
8.690767731750963,1.7602576976481217,6.105243535784852,13.591193950671316,2.344607461450748,6.970408700152356,4.943845991053165
13.591513685588026,2.344870563482459,0.6887573737606529,15.820304580639057,9.82121747481866,2.5111265497687905,7.88291937358204
15.820218790231149,9.821280075500798,2.5126605305566807,15.12656187367303,9.539157702466289,3.6800199101376543,0.8035722272705195
