x1,y1,theta1,x2,y2,theta,length
15.126326121780286,9.538994184257374,3.679360814359402,12.594168016047565,8.281750958397968,3.7997175991995324,2.827442246008995
12.594168016047565,8.281750958397968,3.7997175991995324,7.622993280062262,2.3983406227747723,4.906097989675082,7.732042742155261
7.622993280062262,2.3983406227747723,4.906097989675082,8.690499567478073,1.7602295972891087,6.104498342660134,1.2716158402553606
8.690499567478073,1.7602295972891087,6.104498342660134,13.591314394573697,2.3445326758194387,0.6884924444024993,4.944285772336874
13.591314394573697,2.3445326758194387,0.6884924444024993,15.820524951821382,9.821252247000615,2.5113280937729114,7.883446290794618
15.820524951821382,9.821252247000615,2.5113280937729114,15.126326121780286,9.538994184257374,3.679360814359402,0.8043201874348269
