TIME,LB,UB,OPEN,GAP,TREE
0.018393993377685547,0.0,31.990027817599263,1,100.0,1
0.018440961837768555,28.506290343869672,31.990027817599263,1,10.890073286566565,1
0.13980889320373535,28.506290343869672,31.990027817599263,2,10.890073286566565,4
0.34756898880004883,28.75765903471921,31.990027817599263,3,10.104301256974116,8
0.4599180221557617,28.75765903471921,31.990027817599263,3,10.104301256974116,8
0.8429288864135742,29.778659004976106,31.990027817599263,3,6.912681743298064,8
1.8555419445037842,30.829538006727923,31.990027817599263,3,3.62766114955642,8
1.9671900272369385,31.095046066856263,31.990027817599263,2,2.797689817108027,8
4.673012018203735,31.390056269933893,31.990027817599263,2,1.8754955484449303,8
12.540333032608032,31.685939948730706,31.990027817504775,1,0.9505708169708856,8
12.540385961532593,31.685939948730706,31.990027817504775,2,0.9505708169708856,8
34.720369815826416,31.837302447952254,31.99002781749902,1,0.47741555717942186,8
34.72041702270508,31.837302447952254,31.99002781749902,2,0.47741555717942186,8
122.08695697784424,31.913349774590696,31.9900278174933,1,0.23969357994954033,8
122.0870008468628,31.913349774590696,31.9900278174933,2,0.23969357994954033,8
652.6467788219452,31.95159316454181,31.99002781749223,1,0.12014573156890222,8
652.6468799114227,31.95159316454181,31.99002781749223,2,0.12014573156890222,8
4215.821024894714,31.970800350212496,31.990027817489334,1,0.06010456566820036,8
4215.821093797684,31.970800350212496,31.990027817489334,2,0.06010456566820036,8
4215.8211278915405,31.970800350212496,31.990027817489334,2,0.06010456566820036,8
