x1,y1,theta1,x2,y2,theta,length
1.286187583400488,9.411469761611954,4.150952012018545,5.216544397447571,4.132380989296599,5.586758029479507,6.886952835581839
5.2188819238038695,4.130429817659013,5.589825991055277,9.416469185915647,1.47249554437682,6.0224085732390265,4.973493308742753
9.419290032560987,1.4717487260033588,6.025476534814798,12.72688915261153,1.8990209614952662,7.123806778940918,3.409514185934537
12.728326098831877,1.9006365041677193,0.8436894333371027,12.566593884844458,6.4620194968265565,2.233476027161494,4.677498767721284
12.565035720557793,6.464010315318239,2.2365439887372647,1.2866027108412394,9.412129861540397,4.147884050442773,12.023341252232083
