x1,y1,theta1,x2,y2,theta,length
1.2858564290424594,9.413725511505714,4.150761464247377,5.218185723297786,4.130767951457349,5.587519940699642,6.891273154435159
5.218185723297786,4.130767951457349,5.587519940699642,9.417795773623343,1.4716555367448683,6.023903753397287,4.975921365678639
9.417795773623343,1.4716555367448683,6.023903753397287,12.727694918545202,1.8982929838087856,0.8432448422247005,3.412624468389909
12.727694918545202,1.8982929838087856,0.8432448422247005,12.566253985065202,6.463861965288603,2.2346137325846755,4.681989953368897
12.566253985065202,6.463861965288603,2.2346137325846755,1.2858564290424594,9.413725511505714,4.150761464247377,12.028218875616728
