x1,y1,theta1,x2,y2,theta,length
9.382175355168146,2.903743674345824,3.1906800388021335,7.758030897869009,1.2724497264951267,3.4606606574700067,2.353010676346079
7.756829291516654,1.2720556809635843,3.457592695894235,4.411867483883964,2.222788738045939,2.1383692183125835,3.5259052856339625
4.411111099758609,2.223976450941939,2.1353012567368124,4.801148710869738,5.600702644615368,1.9328157927359089,3.4385745140512824
4.800909154953386,5.601332472565238,1.9358837543116794,3.1961229560060587,7.322854143894265,1.349903093339364,2.4499632508304883
3.1961975245897327,7.323181524694008,1.346835131763593,9.091302724330122,8.95537920026567,0.4203107358806655,6.221780492764626
9.092138995936445,8.955754702830665,0.42337869745643697,10.453871682192222,9.474792441707292,-0.6688156235181384,1.5746528082304243
10.454115246149826,9.474598930954032,5.611301722085676,10.058304241383171,7.19194936130244,5.108156023659186,2.4651271116352604
10.058021614713647,7.191045893141075,5.111183605477861,10.066791828086634,7.171422264360516,5.154175447295755,0.021495920908946697
10.06728693536022,7.170578923694789,5.157243408871526,11.912349406792123,6.439701420423343,6.092971689481766,2.0241407151383877
11.913322484398803,6.439514432157622,6.096039651057538,14.32173990820408,6.007176726752203,5.203262832508094,2.5146224511681763
14.32197325998776,6.006739737713111,5.200194870932323,12.276863751698691,1.855632706867706,4.1662918198974035,4.700017171034046
12.275748095621156,1.8538060229561004,4.163223858321631,11.578965428741176,1.1442565873522366,3.2336315008629315,1.0334961024832818
11.5775951103787,1.1441339910674955,3.2305635392871603,9.38340815817785,2.903801530935691,3.1876120772263628,2.895979788679118
