x1,y1,theta1,x2,y2,theta,length
9.38255693175233,2.904463335634442,3.1888135532742177,7.7576870546775005,1.2719021131216748,3.458852887570406,2.3549172035018935
7.7576870546775005,1.2719021131216748,3.458852887570406,4.410709322042596,2.2234099531443965,2.137545608610016,3.528264032679249
4.410709322042596,2.2234099531443965,2.137545608610016,4.801231020227063,5.601050215619776,1.934511667260906,3.4399714589508212
4.801231020227063,5.601050215619776,1.934511667260906,3.195760413486511,7.322841141006895,1.3473401443534536,2.451490917334219
3.195760413486511,7.322841141006895,1.3473401443534536,9.091401891096119,8.95532206085059,0.4231285047342595,6.22253764228321
9.091401891096119,8.95532206085059,0.4231285047342595,10.453928877479303,9.475444034094428,5.611441967338714,1.5769961527264258
10.453928877479303,9.475444034094428,5.611441967338714,10.056934224089929,7.192067277224324,5.11748811033918,2.4677068348030673
10.056934224089929,7.192067277224324,5.11748811033918,10.065793654198336,7.172570993394018,5.160311056288031,0.02141147297442547
10.065793654198336,7.172570993394018,5.160311056288031,11.913438585276594,6.439438510069024,6.092585417300743,2.026774549370341
11.913438585276594,6.439438510069024,6.092585417300743,14.322338893803172,6.00686810320282,5.202760247772096,2.5152475775535743
14.322338893803172,6.00686810320282,5.202760247772096,12.276314333763711,1.8546495797844873,4.164836895334289,4.702019220758202
12.276314333763711,1.8546495797844873,4.164836895334289,11.578702783118493,1.1433783474710109,3.231610825965443,1.0357641372381194
11.578702783118493,1.1433783474710109,3.231610825965443,9.38255693175233,2.904463335634442,3.1888135532742177,2.898759173865466
