x1,y1,theta1,x2,y2,theta,length
14.195365356105096,5.711544626611407,4.81056375080937,15.06301722964821,4.349074731850805,4.68784528777852,1.6497449282931753
15.062983285334424,4.347839177458155,4.681709364626977,13.42180696134547,2.4181791360251332,-2.3250563507085293,2.560843529661654
13.419520369599924,2.4157467635604526,3.9576704327449543,11.54266655053709,0.7942076561976212,2.89615572752809,2.5612452618512815
11.54070799704952,0.794711485071101,2.890019804376548,10.833335137226351,2.35077999380487,2.2212041808584084,1.7842066830260832
10.8315162604769,2.3531467575359817,2.2273401040099507,6.963422545411687,4.320300575342852,3.6017868899554863,4.414241351050819
6.962235977253896,4.319710847802943,3.6079228131070282,6.193377612610815,1.358689289651345,3.8042723539563896,3.1473795698856155
6.1917671077959575,1.3574439656968187,3.7981364308048473,4.632493289439623,1.4162563960829604,2.7550294950426117,1.594539861127148
4.630898375982285,1.4169063396475208,2.748893571891069,2.3216742652462004,3.1718481281359336,2.564815877344791,2.9019055195589964
2.318612854996743,3.1738325235855394,2.570951800496335,0.7522416262488121,4.167073897331167,1.9082721001297376,1.8828526806856938
0.7513545185286095,4.16965710139898,1.9021361769781948,1.8226584192137618,6.4678242617882225,0.2638446955163296,2.625547692396867
1.823593220000244,6.468073663258418,0.25770877236478773,3.633765077172382,5.6384726734147605,0.337475773334841,2.0794833424954007
3.6361057523952534,5.639311223285337,0.3436116964863836,4.230956238320822,7.106968535712375,1.4726215563702154,1.6436212609591614
4.231157971248955,7.109131594389371,1.478757479521758,4.313744916657866,8.663084756440615,0.7731263170943645,1.5971762706179446
4.3153960869445225,8.664686147988684,0.7669903939428206,7.061589488762511,8.564124317322863,-0.3620194659410121,2.796358631940378
7.064771546625756,8.562911136382152,5.915029918087032,9.623743503752136,6.745659788278051,6.037748381117883,3.1445757341990386
9.627097572226281,6.7448262523995925,6.043884304269426,11.579122615810403,7.007929798414577,6.626797003665969,1.9749104854657502
11.58172792893527,7.008871175502519,0.3497476196379262,15.45183423056751,8.914729677963338,-0.7608544707912799,4.46845807507884
15.452453701291532,8.914132635542174,5.516194913236766,14.195035528414905,5.71499397497877,4.804427827657829,3.59705670069138
