x1,y1,theta1,x2,y2,theta,length
14.193966463722179,5.713647998345984,4.80821689178481,15.063543716480279,4.348274327933842,4.685397724635466,1.6537214394613762
15.063543716480279,4.348274327933842,4.685397724635466,11.539797026711266,0.7930541671821584,2.8891166621736404,5.131213555600939
11.539797026711266,0.7930541671821584,2.8891166621736404,10.833203716953546,2.3519931558031613,2.225123404372445,1.78671669591148
10.833203716953546,2.3519931558031613,2.225123404372445,6.961986994822933,4.320670338767302,3.603659429550296,4.41820851490529
6.961986994822933,4.320670338767302,3.603659429550296,6.193484553354964,1.3575129888565853,3.8003804856984256,3.150929660301831
6.193484553354964,1.3575129888565853,3.8003804856984256,4.631007312089842,1.4166077710086908,2.754185759149505,1.598090277316683
4.631007312089842,1.4166077710086908,2.754185759149505,2.3199187459633452,3.1731592420349637,2.5672768288893426,2.9044623141840447
2.3199187459633452,3.1731592420349637,2.5672768288893426,0.7510292278838886,4.166736414015919,1.9030743093847031,1.885920885400445
0.7510292278838886,4.166736414015919,1.9030743093847031,1.822895575289368,6.468510449083112,0.2604688143237279,2.629830688788685
1.822895575289368,6.468510449083112,0.2604688143237279,3.6375735765425476,5.637882996335059,0.34372456424594106,2.0856080621517954
3.6375735765425476,5.637882996335059,0.34372456424594106,4.231124502256297,7.1069607574358855,1.4786984986132325,1.64468943314779
4.231124502256297,7.1069607574358855,1.4786984986132325,4.313713401533117,8.664924602962648,0.7702458522599965,1.6016822568302842
4.313713401533117,8.664924602962648,0.7702458522599965,7.06361333551224,8.56385562238779,-0.36459435289139625,2.8007113965019004
7.06361333551224,8.56385562238779,-0.36459435289139625,9.625925576696869,6.744385854912306,-0.24351270577693956,3.148717244016963
9.625925576696869,6.744385854912306,-0.24351270577693956,11.580173560164047,7.008015001375176,0.34747807340721304,1.9773819532054282
11.580173560164047,7.008015001375176,0.34747807340721304,15.452270869168927,8.916563196731987,5.516734006551082,4.4736546500811425
15.452270869168927,8.916563196731987,5.516734006551082,14.193966463722179,5.713647998345984,4.80821689178481,3.6013211825970024
