x1,y1,theta1,x2,y2,theta,length
1.320166458827346,1.2675005689677117,2.3551904371802577,3.9790148313603786,8.226049483803923,0.6677505301255108,7.728432342506899
3.9790148313603786,8.226049483803923,0.6677505301255108,8.592810913929092,9.229807386390734,6.145537228730079,4.74452660722897
8.592810913929092,9.229807386390734,6.145537228730079,12.232859290922805,7.4316320019802715,6.029245489154305,4.0676341887948455
12.232859290922805,7.4316320019802715,6.029245489154305,13.648123042180421,7.133073534216724,5.558668568483389,1.479952284386902
13.648123042180421,7.133073534216724,5.558668568483389,14.233992125865504,1.6073555922911154,3.8365778790738334,5.776809989602727
14.233992125865504,1.6073555922911154,3.8365778790738334,8.21205007614744,3.1544521827653234,2.9789363245965377,6.369401573264733
8.21205007614744,3.1544521827653234,2.9789363245965377,6.773643361383732,3.112745204061011,3.456643748674195,1.4443257742477569
6.773643361383732,3.112745204061011,3.456643748674195,4.754741052718223,1.7709566315527483,3.470511645253805,2.431579135154312
4.754741052718223,1.7709566315527483,3.470511645253805,3.8603214873142817,1.678519547246804,3.3692948890865044,0.9025105925781718
3.8603214873142817,1.678519547246804,3.3692948890865044,2.0262569172591256,0.9739028929837574,3.1398577313036853,1.9755536885458398
2.0262569172591256,0.9739028929837574,3.1398577313036853,1.320166458827346,1.2675005689677117,2.3551904371802577,0.7846672941234276
