x1,y1,theta1,x2,y2,theta,length
14.022179033580167,4.717253275284071,-2.3246269639877903,10.632160317579162,1.2791258836770905,2.942175151164661,4.868440027750101
10.631945216963357,1.279169794061887,2.9391071895888885,9.555878159407373,3.720508820901525,2.580155685223648,2.7157688620319944
9.555318439954567,3.720858894171472,2.5832236467994196,3.743317301239425,3.204392387104921,2.794912995527642,5.849847664034404
3.742485668621732,3.204695640853612,2.7918450339518674,1.8352398307493272,5.146139549464342,2.1168934872821845,2.72573584935781
1.8349536858845394,5.146612911356136,2.1138255257064134,1.4876119615336152,6.133412343618147,2.2396119503130376,1.048187925135756
1.487332584412512,6.133764651460101,2.242679911888807,0.431384108263237,6.99798912456733,1.3376312470362794,1.4296366067574682
0.4314600299097716,6.99830891825423,1.3345632854605078,6.09053108721527,7.633084498086568,0.04295146206079825,5.767745624572354
6.091207082502894,7.6331130430897085,0.039883500485026674,7.8561642702725205,7.627576373718983,-0.291456349698272,1.7659939204159347
7.8570623989132935,7.627305579386016,5.988660995905542,11.094969599170986,5.480522991265737,5.792311455056184,3.8860097557389346
11.09545455784647,5.4802646682779725,5.7953794166319526,11.957420217941506,5.144341437338589,6.280117345603815,0.9273887300103277
11.9579175637412,5.144340911769665,6.283185307179586,15.17309855282599,6.227036996563789,5.316777410811633,3.482661507883002
15.17315140302961,6.226960056908865,5.31370944923586,14.022785632035403,4.717898508611645,3.9576704327449552,1.9821473618354957
