x1,y1,theta1,x2,y2,theta,length
3.7706972120782565,8.424912222053596,0.06636418074107645,6.610302787921745,8.612534387353131,-1.7763568394002505e-15,2.845821373672536
6.954295864570376,8.51041719089647,-0.6435081910194367,9.500704135429624,6.60058280910353,-0.6435081910194366,3.1830272458429896
9.82510961633032,6.57096285920691,6.283185307179586,15.104890383669678,8.757037140793091,5.497787143782137,5.85843247501073
15.184345602241278,8.674383678446718,4.71238898038469,13.72465439775872,5.752062930960006,4.712388980384691,3.284966450137449
13.731298272224603,5.420195406980724,-1.0299069964168075,14.614701727775397,3.8108045930192764,4.712388980384689,1.8475106123807852
14.522339899057094,3.6335412202177793,3.9269908169872414,11.712660100942907,3.192458779782221,3.9269908169872396,2.8931302531081964
11.564857147077813,2.992794425432979,4.71238898038469,12.079142852922187,0.6532055745670211,4.71238898038469,2.3972562452857726
11.933639689016838,0.49914755018615475,3.9269908169872414,6.954360310983163,1.1394058404071188,2.971596822186487,5.085249559265732
6.726808439156071,1.3591082926448814,2.356194490192345,5.934744951437203,5.873891707355118,0.7853981633974485,4.6745839283178725
5.978018964424391,5.888457968132627,0.0,6.61698103557561,5.096542031867373,-1.5707963267948954,1.108702000467558
6.50824070674477,4.935494187718998,3.9269908169872414,4.763759293255229,4.872505812281003,3.141592653589793,1.7861657551767864
4.505718753880791,4.705017041295104,3.9269908169872414,2.9162812461192096,0.7139829587048956,3.9269908169872405,4.307835945890984
2.784976540031142,0.7150098930733895,3.141592653589793,0.9500234599688575,4.959990106926611,1.5707963267948968,4.761197017479468
1.0073160203581757,5.288006405277371,0.8825351973065879,3.4582373702350986,8.264440204129357,0.78539816339745,3.8557433495519335
