TIME,LB,UB,OPEN,GAP,TREE
0.017766952514648438,0.0,25.371441998232456,1,100.0,1
0.017808914184570312,22.18647294828203,25.371441998232456,1,12.55336235982295,1
0.11051297187805176,22.18647294828203,25.371441998232456,2,12.55336235982295,4
0.16115784645080566,22.938609715531236,25.371441998116914,1,9.588860904186074,4
0.16120386123657227,22.938609715531236,25.371441998116914,2,9.588860904186074,4
0.48148488998413086,23.841785888202285,25.371441998116914,3,6.029046792169565,8
0.547752857208252,23.841785888202285,25.371441998116914,3,6.029046792169565,8
0.8110818862915039,23.841785888202285,25.371441998116914,3,6.029046792169565,8
0.9081699848175049,24.186650798787177,25.371441998116914,3,4.669782661220728,8
1.6410338878631592,24.42548912310756,25.37144199601792,2,3.7284158821513946,8
1.641084909439087,24.42548912310756,25.37144199601792,3,3.7284158821513946,8
2.024690866470337,24.729933051389704,25.37144199601792,2,2.5284686015438265,8
4.317456007003784,24.878840007370847,25.371441994252883,1,1.9415608580451198,8
4.317502021789551,24.878840007370847,25.371441994252883,2,1.9415608580451198,8
11.042579889297485,25.12014521789133,25.371441993910903,1,0.990471003106102,8
11.042626857757568,25.12014521789133,25.371441993910903,2,0.990471003106102,8
33.43023490905762,25.245180759823857,25.371441993698436,1,0.49765099636804033,8
33.4302818775177,25.245180759823857,25.371441993698436,2,0.49765099636804033,8
117.45420980453491,25.307989281694432,25.37144199369065,1,0.25009501632581965,8
117.45426201820374,25.307989281694432,25.37144199369065,2,0.25009501632581965,8
711.7917988300323,25.3396629520618,25.37144199367782,1,0.12525516533091874,8
711.7918918132782,25.3396629520618,25.37144199367782,2,0.12525516533091874,8
