x1,y1,theta1,x2,y2,theta,length
12.784138322762312,1.1566405508220095,3.7582529303198204,7.598935781593518,1.5277815705690563,2.129165333585269,5.3888199065099265
7.598127574659577,1.5290842698920313,2.1260973720094984,8.102732062214658,3.692544126924182,1.242524438187369,2.3289389953664896
8.10344317868659,3.6946469503585724,1.2455923997631408,8.763939904557876,6.2510527581492275,0.9173205111556137,2.652602337560241
8.764988680100249,6.2524176909666345,0.9142525495798421,14.821103829560826,8.78071519438698,-0.7025632008516225,6.809824442472319
14.821608772863307,8.780285426326538,5.577554144752192,12.786119402392119,1.1580452293214905,3.7613208918955916,8.175354275799858
