x1,y1,theta1,x2,y2,theta,length
12.784225540954452,1.1555985161238587,3.758489059857174,7.596939319056468,1.5287742697155697,2.125796836991015,5.392520208756771
7.596939319056468,1.5287742697155697,2.125796836991015,8.10311036739723,3.6932780652186876,1.2444623270470783,2.3304242008836376
8.10311036739723,3.6932780652186876,1.2444623270470783,8.764210976336026,6.252070316963389,0.9159666565277209,2.6551983849486076
8.764210976336026,6.252070316963389,0.9159666565277209,14.821516560326513,8.781420164214483,5.578253008423957,6.812992160100999
14.821516560326513,8.781420164214483,5.578253008423957,12.784225540954452,1.1555985161238587,3.758489059857174,8.180307038987808
