TIME,LB,UB,OPEN,GAP,TREE
0.016353130340576172,0.0,24.097444547062395,1,100.0,1
0.016389131546020508,22.56616032012271,24.097444547062395,1,6.354550267556721,1
0.12207293510437012,22.56616032012271,24.097444547062395,3,6.354550267556721,4
0.28975701332092285,22.56616032012271,24.097444427932917,3,6.354549804605823,7
0.3471810817718506,22.56616032012271,24.097444427932917,4,6.354549804605823,8
0.43622493743896484,22.56616032012271,24.097444427932917,4,6.354549804605823,8
0.5880401134490967,22.803127336468147,24.097444427932917,4,5.3711798997425735,8
0.8762040138244629,22.857158636776198,24.097444427932917,4,5.146959856535753,8
1.628221035003662,23.440193983201855,24.09744441977771,3,2.727469457451775,8
1.6282660961151123,23.440193983201855,24.09744441977771,4,2.727469457451775,8
1.9896221160888672,23.702624837830307,24.09744441977771,3,1.6384292668950344,8
2.095560073852539,23.71891387400889,24.09744441977771,2,1.5708327371766588,8
4.555902004241943,23.764262398657333,24.097444414440876,1,1.3826446076741497,8
4.555946111679077,23.764262398657333,24.097444414440876,2,1.3826446076741497,8
11.882622003555298,23.92805795111508,24.097444412394378,1,0.7029229256865747,8
11.88266396522522,23.92805795111508,24.097444412394378,2,0.7029229256865747,8
33.26722812652588,24.012304724833758,24.09744441219142,1,0.35331417681200233,8
33.26729893684387,24.012304724833758,24.09744441219142,2,0.35331417681200233,8
108.74773406982422,24.05466529240055,24.097444412189937,1,0.17752554610208582,8
108.74782109260559,24.05466529240055,24.097444412189937,2,0.17752554610208582,8
416.4311170578003,24.076021223875635,24.097444412189937,2,0.08890232486007653,8
1950.4913170337677,24.086724200399797,24.097444412176998,1,0.044486923981797835,8
1950.4913930892944,24.086724200399797,24.097444412176998,2,0.044486923981797835,8
