x1,y1,theta1,x2,y2,theta,length
12.79823536151173,8.056554634787739,3.8487577968050735,7.8732735858709235,2.5010916256060947,5.009981253234504,7.513014625639288
7.873384731995131,2.5007304084148445,5.01151523402239,8.668585108447354,2.0731505823096006,6.2218260756641595,0.9613906211115772
8.669569844250336,2.0730912784776825,6.223360056452047,13.408857746696395,2.593525001835659,6.942797045970416,4.782356739658424
13.409501685353222,2.5940254422904507,0.6611457195787114,15.625813684453476,9.578393193334348,2.483514895586851,7.490300396083762
15.625616050280179,9.578545587810584,2.485048876374739,12.798814676477848,8.057048790152397,3.8472238160171885,3.345018745242849
