x1,y1,theta1,x2,y2,theta,length
12.798422068554475,8.05676662374984,3.847788167827937,7.87298309504871,2.5008958458559087,5.010922050889392,7.513880874416045
7.87298309504871,2.5008958458559087,5.010922050889392,8.668772754429067,2.073062601265394,6.223055661256655,0.9621785340340052
8.668772754429067,2.073062601265394,6.223055661256655,13.409245090339546,2.5934979255814588,0.6605668291855165,4.783612299852602
13.409245090339546,2.5934979255814588,0.6605668291855165,15.626113115957503,9.578648790254626,2.4846712890071556,7.491670061618673
15.626113115957503,9.578648790254626,2.4846712890071556,12.798422068554475,8.05676662374984,3.847788167827937,3.3461026422556746
