x1,y1,theta1,x2,y2,theta,length
9.10293065150069,9.426674750218929,0.1505308836327011,10.17989386270795,9.218464402247086,5.538037260862975,1.1487330790196173
10.17989386270795,9.218464402247086,5.538037260862975,10.61472391715247,7.360788519050499,5.290752448750679,1.9824711650712499
10.61472391715247,7.360788519050499,5.290752448750679,13.765218569624498,5.774442826218594,5.13903217316557,3.629427022489412
13.765218569624498,5.774442826218594,5.13903217316557,12.570177821815063,2.1875617324052135,4.303627664253459,3.8602048332503984
12.570177821815063,2.1875617324052135,4.303627664253459,11.54934393507744,0.9585294325015578,3.3174852615933794,1.6857702691404797
11.54934393507744,0.9585294325015578,3.3174852615933794,9.27834655395675,2.307800869931157,3.079066762860399,2.7629221816470757
9.27834655395675,2.307800869931157,3.079066762860399,7.7510166002883745,1.545732067126312,3.354464081811811,1.7499788242835979
7.7510166002883745,1.545732067126312,3.354464081811811,4.471493930051093,2.452224006994294,2.33633556387007,3.446386534950546
4.471493930051093,2.452224006994294,2.33633556387007,3.7008815737144847,5.200300379781467,1.9226536559524432,2.877053542494899
3.7008815737144847,5.200300379781467,1.9226536559524432,2.6062836628470185,8.232041313155602,1.08557768466014,3.3380187180534673
2.6062836628470185,8.232041313155602,1.08557768466014,9.10293065150069,9.426674750218929,0.1505308836327011,6.736191090830832
