x1,y1,theta1,x2,y2,theta,length
8.218195277884362,6.788487963608928,3.4667965806215486,4.540632048861995,5.557610112336344,3.617126697834345,3.878232353886876
4.540238168533773,5.557406797660993,3.6201946594101133,2.184382432397517,3.694536599111045,4.786020058203201,3.04255403372473
2.184408966256902,3.6941878325814206,4.789088019778971,6.725101024693655,1.2965350019855881,6.642136811544827,5.199785145934758
6.72561315356717,1.2967274797026118,0.3620194659410113,7.723919314647121,3.5403291934597405,0.7025632008516218,2.4816102871048766
7.724483126215095,3.5408055688099322,0.6994952392758524,8.713247056126319,3.777275218617934,0.24236896448593193,1.0211767789498867
8.714220382887035,3.77751748211657,0.2454369260617026,11.513978205235356,4.5625752274017275,-0.18714565612204787,2.9118914707944348
11.514498188212603,4.562475727851265,6.092971689481766,13.395298596087388,3.098227178863519,5.138835639416898,2.392525855661115
13.39549027815747,3.097803251753711,5.135767677841127,13.448814004072323,0.600441988463485,5.921165841238575,2.5728313505758917
13.449039157266194,0.6003573446834197,5.924233802814346,15.53694068107249,3.0364651610114772,7.553321399548897,3.285238082108699
15.537109193581284,3.0370118841537934,1.2732040539450824,15.088433090166097,9.06192502299002,2.5525440310417102,6.074142274016384
15.088152064812805,9.062112571861347,2.5556119926174783,8.218682085464371,6.788653464165774,3.46986454219732,7.266249243030161
