x1,y1,theta1,x2,y2,theta,length
4.540334802220992,5.557495249788106,3.61800987613332,2.1841034119870977,3.6944888261320514,4.7882398116565295,3.043206208726808
2.1841034119870977,3.6944888261320514,4.7882398116565295,6.725668083269811,1.2964235888658222,0.35966787693875935,5.200909225882636
6.725668083269811,1.2964235888658222,0.35966787693875935,7.72417363714519,3.5408053069225915,0.70151348175044,2.4826352764291197
7.72417363714519,3.5408053069225915,0.70151348175044,8.713766782168422,3.777384903604451,0.24381333741017555,1.022071973439067
8.713766782168422,3.777384903604451,0.24381333741017555,11.514205173311485,4.5626690729112855,-0.18898650263091255,2.912658568021333
11.514205173311485,4.5626690729112855,-0.18898650263091255,13.395476492025153,3.0981309735900777,5.136883532756954,2.3931649483368442
13.395476492025153,3.0981309735900777,5.136883532756954,13.448619265146753,0.6000987764169814,5.923383000013526,2.573934601677998
13.448619265146753,0.6000987764169814,5.923383000013526,15.5371197227605,3.036681753459635,1.271802027673758,3.2861569358474036
15.5371197227605,3.036681753459635,1.271802027673758,15.088276267904165,9.062296977268733,2.553155846205275,6.074936008656195
15.088276267904165,9.062296977268733,2.553155846205275,8.218277673392567,6.788514777259999,-2.8138376212576297,7.267096729378373
8.218277673392567,6.788514777259999,-2.8138376212576297,4.540334802220992,5.557495249788106,3.61800987613332,3.8786399333994557
