TIME,LB,UB,OPEN,GAP,TREE
0.029031991958618164,0.0,33.12837650129784,1,100.0,1
0.029061079025268555,30.870185501985507,33.12837650129784,1,6.816485556495258,1
0.14552998542785645,30.870185501985507,33.12837650129784,2,6.816485556495258,4
0.22108101844787598,31.51177947752852,33.12837650129727,1,4.879795494069694,4
0.22110700607299805,31.51177947752852,33.12837650129727,2,4.879795494069694,4
0.422760009765625,32.18758519929439,33.12837650129651,1,2.8398352148808126,4
0.42278599739074707,32.18758519929439,33.12837650129651,2,2.8398352148808126,4
1.1014139652252197,32.6493769244217,33.12837650129551,1,1.4458890759560137,4
1.1014471054077148,32.6493769244217,33.12837650129551,2,1.4458890759560137,4
3.1374380588531494,32.87803331613246,33.12837650129551,2,0.7556759841619883,4
9.09666109085083,33.000886288465495,33.128376501295385,1,0.38483688696578705,4
9.096705913543701,33.000886288465495,33.128376501295385,2,0.38483688696578705,4
28.52359700202942,33.063944227112394,33.128376501295385,2,0.19449270078318384,4
111.89730787277222,33.09606422970339,33.128376501295385,2,0.09753653817214503,4
493.30862402915955,33.11217677609867,33.128376501295385,2,0.04889984631779406,4
2594.1894130706787,33.12026922820982,33.12837650129536,1,0.02447229216082587,4
2594.1894800662994,33.12026922820982,33.12837650129536,2,0.02447229216082587,4
