x1,y1,theta1,x2,y2,theta,length
9.167786654720429,6.587863750794648,5.646583280207046,13.033380919442694,0.5040805436114261,4.135612204139687,7.333732946422373
13.033226422852646,0.5038435160236205,4.1340782233518025,6.34998453267197,1.5009900501856828,2.6139032625571352,6.882950418663146
6.3491531111809545,1.501475950618955,2.612369281769247,0.44195591771989146,8.987468746202376,0.9848156658225795,9.697597606584806
0.4420411557324799,8.987597004645435,0.9832816850346959,9.16731670986076,6.588210236015335,-0.6350680461846545,9.210039671318643
