x1,y1,theta1,x2,y2,theta,length
9.167772689062595,6.587998093302554,5.647849579248038,13.033617195510498,0.5038089595289665,4.134757099611383,7.334508907810431
13.033617195510498,0.5038089595289665,4.134757099611383,6.349721156567469,1.5009476365804362,2.6127223008545624,6.883835802054008
6.349721156567469,1.5009476365804362,2.6127223008545624,0.44181146132575916,8.987732600947773,0.9842223869292508,9.698886842800233
0.44181146132575916,8.987732600947773,0.9842223869292508,9.167772689062595,6.587998093302554,5.647849579248038,9.211144948630682
