x1,y1,theta1,x2,y2,theta,length
2.86726355644892,5.598533381673121,4.811840103271617,2.41889254708317,4.646656543760777,3.937495253960454,1.1015196200057424
2.41889254708317,4.646656543760777,3.937495253960454,2.14090263542778,4.069419291492873,4.589670203194573,0.6521749492341189
2.14090263542778,4.069419291492873,4.589670203194573,3.3733684847792267,2.3023834090035384,5.983343836743972,2.26640442368807
3.3733684847792267,2.3023834090035384,5.983343836743972,4.855830143939565,2.505983566014013,6.193897250154399,1.5215378321344528
4.855830143939565,2.505983566014013,6.193897250154399,7.103066626687993,1.5080285943917424,6.239102638758181,2.477743632292375
7.103066626687993,1.5080285943917424,6.239102638758181,8.133306932940418,1.8406372005303189,0.4033372662821565,1.0928945939250272
8.133306932940418,1.8406372005303189,0.4033372662821565,10.045642531276396,2.3567586159690754,5.924164719809047,2.0331847606771802
10.045642531276396,2.3567586159690754,5.924164719809047,11.234597463058144,0.8679231424905754,5.713226750463782,1.9567780924086837
11.234597463058144,0.8679231424905754,5.713226750463782,13.174564279447452,0.8759495995702941,0.6094735036158584,2.0074833508347383
13.174564279447452,0.8759495995702941,0.6094735036158584,14.975565837886593,7.855165738064001,2.5883673465201436,7.599798580209514
14.975565837886593,7.855165738064001,2.5883673465201436,12.99175957606976,6.96761052803548,3.741105244486983,2.3969655233406226
12.99175957606976,6.96761052803548,3.741105244486983,10.25954223441776,5.821048585150532,3.308828633191708,2.966448309650769
10.25954223441776,5.821048585150532,3.308828633191708,7.414813910993626,6.174022372932461,2.4434246534425688,2.905196445831316
7.414813910993626,6.174022372932461,2.4434246534425688,6.845891375659217,7.25988191704144,2.2641483594991847,1.2467034609394345
6.845891375659217,7.25988191704144,2.2641483594991847,3.677146054821585,8.754998929687677,3.0073363716269057,3.5226772566605113
3.677146054821585,8.754998929687677,3.0073363716269057,1.1724104585728066,7.671030565930748,4.5891075730465305,2.9770536554366522
1.1724104585728066,7.671030565930748,4.5891075730465305,2.86726355644892,5.598533381673121,4.811840103271617,2.8937527704947597
