x1,y1,theta1,x2,y2,theta,length
12.276744698302709,8.992671382294587,3.399301425954581,1.9068508039843988,5.96298610107497,4.597340421293266,11.0725065688859
1.9067932771909875,5.962483383425306,4.598874402081153,4.660451670164847,3.8889005181264578,5.869010494450462,3.6718584701228476
4.661855751692518,3.888285373784082,5.870544475238348,8.597505108036508,2.4231667693933487,6.315398903725185,4.209955665782338
8.59891246538922,2.423212112784838,0.0337475773334841,9.965581868426442,2.9408078905724078,0.18407769454627632,1.47082828612972
9.967040729835018,2.9410792294499912,0.1825437137583913,13.252928742914294,2.9363750562568547,0.5721748338813442,3.3240891124218255
13.253958541914441,2.937039408145519,0.5737088146692298,15.221549290883381,9.30947235015181,2.327048855222518,6.9172373667685205
15.221080454239965,9.30996850860821,2.3285828360104035,12.278226482869442,8.993064087867484,3.4008354067424658,3.1210720350252754
