x1,y1,theta1,x2,y2,theta,length
12.27688992916805,8.992681125159326,3.400689781676758,1.9061368157329461,5.963112323649304,4.598404830935201,11.074032712687725
1.9061368157329461,5.963112323649304,4.598404830935201,4.660725536186901,3.8887498672483995,5.870232940732559,3.673350716570437
4.660725536186901,3.8887498672483995,5.870232940732559,8.597394972034076,2.4228593484461585,0.032269929915073305,4.211192703265656
8.597394972034076,2.4228593484461585,0.032269929915073305,9.966809415263672,2.941233489350317,0.18385355632392744,1.4737714577108432
9.966809415263672,2.941233489350317,0.18385355632392744,13.253840799156027,2.9364147980708806,0.5727673316069445,3.3253994101537083
13.253840799156027,2.9364147980708806,0.5727673316069445,15.221915728225454,9.31008420357312,2.327963805259361,6.919261615432058
15.221915728225454,9.31008420357312,2.327963805259361,12.27688992916805,8.992681125159326,3.400689781676758,3.123638367992199
