x1,y1,theta1,x2,y2,theta,length
13.495097892441708,1.8612005496770483,3.847223816017188,12.789327475011369,1.662210938377408,3.0004664211043144,0.7458476468232349
12.786545798086633,1.6626207753913071,2.994330497952771,11.51363181331254,2.3242490837567202,3.1231848841351644,1.4487880035395904
11.511003195485392,2.324292068967953,3.129320807286708,9.639348358732452,1.5622480570505457,2.7182139561333547,2.0822266712266604
9.637717500038715,1.5629825771428747,2.7120780329818133,9.06402395569685,3.000075203392327,2.313243028131547,1.6020130229867258
9.062242709928041,3.0019907988835914,2.3193789512830896,6.577130578429852,3.578464652734734,3.7613208918955907,2.619079908891143
6.575572414007652,3.5773447554177915,3.7674568150471344,6.041465788292571,0.42204563384868293,3.7797286613502186,3.2905550361434113
6.039899782321968,0.42089649853461025,3.773592738198677,1.1415295432836272,1.7101319132103705,1.9389517158874514,5.188903952626034
1.1409043804912764,1.7117846672250288,1.932815792735908,2.061861253799451,3.4820259160675673,1.2455923997631406,2.0536281873540845
2.062804246270818,3.4848276908820486,1.2517283229146834,2.6240094423936937,9.424258303231838,0.5338253141842031,6.038021141508005
2.625468590136614,9.425112960857145,0.5276893910326605,4.011340792964043,8.964886335195756,-0.7731263170943625,1.5251471986304632
4.013422784490294,8.962847146023242,5.50392306693368,4.741659150632858,7.768433748310917,5.737088146692298,1.41150172345105
4.743898654606443,7.767076402975109,5.743224069843841,7.474361879502724,7.73129544250193,6.620661080514427,2.746588285506377
7.477097118827611,7.732254158215431,0.3436116964863836,8.441855915735895,8.253643658819572,-0.16566992509164835,1.129818853985721
8.443883741356023,8.253305377873193,6.111379458936394,10.112634233297305,6.622404045441184,6.577709618453629,2.4859520634814527
10.113409267037762,6.6226449150102935,0.30066023442558565,10.60920706094993,9.479561601440315,0.6197282383057989,3.084030884004055
10.610584794515553,9.480537656199992,0.6135923151542565,13.761692078472773,8.39749910578139,-0.9756117810952679,3.4232334509347466
13.763105475753646,8.395408151304279,5.301437602932776,13.789592905412249,2.514662035559133,4.724660826687774,5.897784258192633
13.790448742504449,2.5143903729434838,4.724660826687774,13.790448742504449,2.5143903729434838,4.724660826687774,0.0
13.788554866088004,2.5088010189053054,4.7307967498393175,13.497216263868697,1.8629977811674954,3.853359739168731,0.7224224866506223
