x1,y1,theta1,x2,y2,theta,length
14.602691421554674,0.8839754279130103,3.7858645845017618,9.061154293011969,3.2510723672873048,3.156932461468647,6.130800356782815
9.059790592128772,3.2510492157368533,3.160000423044421,6.853131121971717,2.4336640789764923,2.546408107890165,2.440736292603379
6.852540621454329,2.434063748851521,2.543340146314393,6.758953271288712,4.483536278732228,1.932815792735907,2.1351752721039903
6.758466607628075,4.484809408385999,1.9358837543116794,4.080156962207129,7.457840022341938,1.0891263593988052,4.163874385290622
4.080330914528506,7.458172753890297,1.0860583978230338,9.906885873832191,6.521186923274211,0.28532042654672884,6.072201329330922
9.908160131479043,6.521564827440354,0.28838838812250056,10.275566776591175,6.794072349791041,0.5921165841238559,0.46322675204222813
10.276809021147765,6.794908583680825,0.5890486225480862,13.4328811536694,7.850709438881988,-0.5062136600022622,3.3791281023224555
13.433732008666492,7.850234911631329,5.773903685601553,14.603242369815145,0.884390708207379,3.7889325460775325,7.222929044354567
