x1,y1,theta1,x2,y2,theta,length
14.603360942122418,0.8836229812265566,3.7874432692199473,9.060474772799811,3.251411319274082,3.1584831382786445,6.132835583261691
9.060474772799811,3.251411319274082,3.1584831382786445,6.85200415931813,2.4336083044445123,2.545965093414222,2.442732353716371
6.85200415931813,2.4336083044445123,2.545965093414222,6.7586603263142715,4.485285273920048,1.935304128569713,2.1382320094305203
6.7586603263142715,4.485285273920048,1.935304128569713,4.079871464146443,7.458896627037458,1.0888251402741527,4.1647647638226255
4.079871464146443,7.458896627037458,1.0888251402741527,9.907145364128144,6.520865574364244,0.2878685497263128,6.07435583978077
9.907145364128144,6.520865574364244,0.2878685497263128,10.27560500338131,6.7942974472246425,0.5924677394924189,0.46465270917612833
10.27560500338131,6.7942974472246425,0.5924677394924189,13.433257135689079,7.8511771619673025,5.774664758067767,3.3814528610014993
13.433257135689079,7.8511771619673025,5.774664758067767,14.603360942122418,0.8836229812265566,3.7874432692199473,7.225265580610735
