x1,y1,theta1,x2,y2,theta,length
9.67943522032877,7.77603944410649,2.8961557275280905,4.948924620324187,9.094419038189558,2.903825631467519,4.910792092248857
4.948439895156532,9.094536278253456,2.9053596122554044,0.6096101382784113,9.830207333835203,4.112602492321406,4.46098174236793
0.6095415119399556,9.83010674519704,4.114136473109291,1.9150267267935845,7.539122273034158,5.315243430023745,2.695356744907073
1.9151919515629774,7.5388826658299894,5.316777410811632,4.791062969141603,3.616399554965987,5.580622106327963,4.864344683788252
4.791440070794109,3.6160803193970468,5.582156087115849,8.38376250696269,1.7975177761290708,5.597495894994705,4.027373617976777
8.383976838139052,1.7973421317562666,5.5959619142068195,9.208983599853124,0.8672533177410684,6.1512629594214205,1.2601569057991726
9.209379481249595,0.867201348603677,6.152796940209307,10.571365227054136,1.7806856086792957,6.530156214029174,1.6590049209940303
10.571644534566188,1.780755676458989,0.2454369260617026,13.267911663684542,1.4699238936944807,0.7179030087304776,2.7412596409972614
13.26814477307836,1.4701274830610676,0.7194369895183657,13.19399541812485,6.94880369107691,2.2580197197676615,5.517706080429908
13.193837379221897,6.948996253548,2.259553700555549,9.679901171185627,7.775923402395118,2.8976897083159807,3.6215536152996997
