x1,y1,theta1,x2,y2,theta,length
9.679481707073407,7.776021145690235,2.897530393089522,4.948574444211094,9.09451248390416,2.9042454828632835,4.911204380753013
4.948574444211094,9.09451248390416,2.9042454828632835,0.6094885385248777,9.83028741745777,4.113653771026429,4.461415058038504
0.6094885385248777,9.83028741745777,4.113653771026429,1.9150971753060764,7.5390131467416905,5.316092706895543,2.6957411892772436
1.9150971753060764,7.5390131467416905,5.316092706895543,4.791380309013782,3.616052934379904,5.580727778000389,4.8649738565958796
4.791380309013782,3.616052934379904,5.580727778000389,8.383858520843779,1.797479291911878,5.5965132699123155,4.027533699603674
8.383858520843779,1.797479291911878,5.5965132699123155,9.2089833616555,0.8670554876591005,6.152507054885962,1.2605861036356092
9.2089833616555,0.8670554876591005,6.152507054885962,10.571406926677504,1.780758887189002,0.24578370762541765,1.6595306464746136
10.571406926677504,1.780758887189002,0.24578370762541765,13.267976131606687,1.4697354720148768,0.717869007848352,2.7415915107168654
13.267976131606687,1.4697354720148768,0.717869007848352,13.194098108110316,6.948833038311025,2.258060469994292,5.518263982277841
13.194098108110316,6.948833038311025,2.258060469994292,9.679481707073407,7.776021145690235,2.897530393089522,3.6223538694628
