x1,y1,theta1,x2,y2,theta,length
8.779846735252775,2.1219591809746103,2.926835343285803,7.013764466441235,3.1231386482556722,2.675262494072558,2.032540132556203
7.0125461796075195,3.1237482147711852,2.678330455648329,1.2204504176521864,6.01109668891498,1.3621749396424496,6.658118761281068
1.2204883046969717,6.011274105683576,1.359106978066678,2.274615855314748,6.394391107224822,-0.02111628440704605,1.244966845033531
2.275999629924372,6.394362095149985,-0.02080936565466044,8.486205754059718,6.265857079906876,6.316932884513074,6.2115490158712365
8.487902538489953,6.265919052062527,0.03681553890925539,9.537718058990949,6.373366345044174,0.28838838812250006,1.055892577701447
9.538625803925138,6.373637752974569,0.29145634969827183,14.863940318997502,8.801317408688249,-0.7547185476397363,5.9906061467937475
14.864391140397053,8.800892925801929,5.52539879796408,14.469369345779223,7.112204574987369,4.38104913020139,1.84784421862554
14.46889615344353,7.110819753245707,4.384117091777162,13.318301827091764,2.642427957801888,3.8625636238960457,4.632582264399282
13.316940013667127,2.6412355015459994,3.859495662320273,8.781883205789516,2.121515364148972,2.9299033048615764,4.586086852216978
