x1,y1,theta1,x2,y2,theta,length
1.2200012422702462,6.011258858751695,1.3605584254142844,8.486490137274986,6.265819779079013,0.03630249314159716,7.459262264843593
8.486490137274986,6.265819779079013,0.03630249314159716,9.53804578925062,6.373366243790436,0.29042966590715064,1.0576542598782723
9.53804578925062,6.373366243790436,0.29042966590715064,14.864984936874674,8.801581225484817,5.527364159646769,5.992675769688697
14.864984936874674,8.801581225484817,5.527364159646769,14.469077656850285,7.1115711900248275,-1.900522884994321,1.850082906723343
14.469077656850285,7.1115711900248275,-1.900522884994321,13.318117713345709,2.641408785176645,3.860898542944953,4.63454760276544
13.318117713345709,2.641408785176645,3.860898542944953,8.781683207916295,2.12121456740646,2.9270939082335197,4.587702938263966
8.781683207916295,2.12121456740646,2.9270939082335197,7.013562857191843,3.1232877662469374,2.6777719537058124,2.034759687864212
7.013562857191843,3.1232877662469374,2.6777719537058124,1.2200012422702462,6.011258858751695,1.3605584254142844,6.660367411633001
