x1,y1,theta1,x2,y2,theta,length
9.321261453458115,8.17275154782231,0.07056311624273949,14.791635196810205,9.074922814765156,-0.8958447801252154,5.761016569239638
14.792725317877865,9.073557802664165,5.3842725654786,14.355641580262734,6.962724057380362,4.4025248612317895,2.3135240316165016
14.354726160567262,6.959854381928244,4.405592822807561,13.140326103632258,0.9117177984034114,3.5649713510462293,6.322590472893432
13.139269867122868,0.9112460503357491,3.561903389470459,11.594428647621077,1.4101367044178963,2.4144857601319996,1.7251490779129075
11.591841758249878,1.4124468588308823,2.4114177985562275,9.725983413358872,3.0718254229191175,3.0710295373470533,2.5549729723383185
9.72411051129105,3.0719610146941534,3.074097498922825,8.814575204793464,2.6417436328775654,4.058913164745407,1.0476715801948386
8.813443948582162,2.6402586364817604,4.061981126321179,8.293792355549131,1.96074166687754,3.6999616603801666,0.8684400920896753
8.292416315593256,1.959882011074511,3.696893698804395,7.446771025094735,1.8102146257084446,3.233631500862931,0.873932215367244
7.445116455691193,1.8100569890046432,3.236699462438703,6.270102717104829,1.7024484757709253,2.8255926112853507,1.1958102415416632
6.2680515535642884,1.7031241154830064,2.82252464970958,4.6657644262168105,3.3190080592375293,2.2794954507980627,2.2960595020884136
4.664701376266372,3.3202536870367116,2.2764274892222915,1.0543394608765124,8.67516797913273,1.0615147052168643,6.695604405716549
1.054904107231053,8.676178671212563,1.0584467436410923,9.317479028918028,8.172490576554633,0.06749515466696909,8.520478223376594
