TIME,LB,UB,OPEN,GAP,TREE
0.03154897689819336,0.0,33.56559540515127,1,100.0,1
0.03161501884460449,31.99586306748094,33.56559540515127,1,4.6766110319896965,1
0.21905183792114258,31.99586306748094,33.56559540515127,2,4.6766110319896965,4
0.2860128879547119,32.320928239963465,33.565595405151264,1,3.7081635232866503,5
0.5167088508605957,32.320928239963465,33.565595405151264,2,3.7081635232866503,8
0.9067239761352539,32.320928239963465,33.565595405151264,3,3.7081635232866503,13
1.5707509517669678,32.41947803116326,33.565595405151264,4,3.414559938990721,19
2.438102960586548,32.41947803116326,33.565595405151264,5,3.414559938990721,26
2.7350709438323975,32.41947803116326,33.565595405151264,5,3.414559938990721,26
3.4654839038848877,32.71858727264787,33.565595405151264,5,2.5234414056406136,26
3.6495120525360107,33.00798323916541,33.565595405151264,5,1.6612610598895425,26
3.8911569118499756,33.012617160277834,33.565595405151264,4,1.6474554918473598,26
5.9822869300842285,33.11483111808239,33.565595405151264,4,1.342935471955588,26
6.155352830886841,33.313112093260656,33.565595405151264,3,0.7522086494907196,26
11.87921690940857,33.335868360018424,33.565595405151264,3,0.6844122452169709,26
28.2256920337677,33.4491790599099,33.565595405151264,3,0.3468323556789806,26
71.69616389274597,33.50701356796379,33.565595405151264,3,0.17452941465916808,26
218.98660898208618,33.53620923091445,33.565595405151264,3,0.08754849685253124,26
219.480721950531,33.539519794302734,33.565595405151264,2,0.07768553047781723,26
743.9474098682404,33.55087105853528,33.565595405151264,2,0.04386737800493556,26
3022.0657019615173,33.55822650403588,33.565595405151264,2,0.02195373276248715,26
