x1,y1,theta1,x2,y2,theta,length
11.878433373124881,5.917509207157845,2.9329712664373457,7.9176473440041315,8.671076866225112,2.7427576487395253,4.826963035764493
7.917301932390946,8.671221973161485,2.744291629527412,0.6628752931571871,9.833681148490378,4.24452484007957,7.426806070130073
0.662826661723438,9.833584861620427,4.246058820867455,2.9593306526231915,7.436098165608102,5.500855105357908,3.396332846999429
2.9596023542725742,7.435827771430243,5.499321124570024,8.310435138574524,1.779119047933271,5.416486162024196,7.786519179837067
8.310682950706779,1.778827102953629,5.414952181236313,9.188277693489717,0.753773065438651,6.174272671239706,1.3687181205377887
9.188539844905822,0.7537445878581934,6.1758066520275925,13.209487215429789,4.092420636968826,7.370777685790503,5.249905663448336
13.209651972377033,4.092735647600365,1.0891263593988052,13.320933789933937,6.082032718997423,2.4052818754046856,2.025322084457878
13.320764408482487,6.082185968789011,2.406815856192571,11.878778250769777,5.917436500970147,2.934505247225235,1.4813425601089616
