x1,y1,theta1,x2,y2,theta,length
7.9175693314018005,8.671153944849534,2.743866859818084,0.6626281665855875,9.833599744306978,4.244771181900558,7.427356320692857
0.6626281665855875,9.833599744306978,4.244771181900558,2.9595026584318456,7.435935040223248,-0.7829155837628331,3.396956163723334
2.9595026584318456,7.435935040223248,-0.7829155837628331,8.310636722749974,1.778897348721889,-0.8670346061503136,7.786965430109834
8.310636722749974,1.778897348721889,-0.8670346061503136,9.18842129026401,0.7536174967128033,-0.10825641246139539,1.3690644017660547
9.18842129026401,0.7536174967128033,-0.10825641246139539,13.20957749741234,4.092438301883051,1.0888404138570558,5.250249727896123
13.20957749741234,4.092438301883051,1.0888404138570558,13.320972794031062,6.082205037347009,2.406158806718067,2.0258943644653873
13.320972794031062,6.082205037347009,2.406158806718067,11.87855845706451,5.917405684475541,2.9338681870445207,1.4818514675004162
11.87855845706451,5.917405684475541,2.9338681870445207,7.9175693314018005,8.671153944849534,2.743866859818084,4.827257528997263
