x1,y1,theta1,x2,y2,theta,length
11.513028427689743,6.62282154639166,0.2699806186678728,14.667568372781359,8.359083922214841,-0.49087385212340584,3.806625917457473
14.668717123947653,8.35854681998501,5.767767762450011,14.942011329123645,3.598386143217653,4.074252972624262,4.988097112888088
14.940474324358926,3.5966439486473947,4.049709280018093,9.112381422558771,2.511739736110742,3.277811376315767,5.995833802331438
9.106656617053684,2.509839304404387,3.3379421944391554,7.2331233775047306,1.9585955678997484,2.7488935718910694,2.027046134375744
7.231700309680285,1.9593855322014535,2.7243498792848984,6.595380333084902,3.441818468784848,1.7671458676442584,1.723646275400216
6.593204159399304,3.4471954032248604,1.8653206380689396,4.0153964702511145,7.131345301023536,1.3744467859455352,4.605236138441669
4.016386423678708,7.1330414488527865,1.2762720155208536,11.51035980857121,6.622133290655376,0.24543692606170353,7.941434389167803
