x1,y1,theta1,x2,y2,theta,length
11.577609004315425,6.641182876529936,0.2520541894909485,14.745170844388852,8.317926802583527,5.8228714451604375,3.761878699218136
14.745170844388852,8.317926802583527,5.8228714451604375,14.978377211654639,3.6404311647119814,3.9883295042563955,4.954516975322608
14.978377211654639,3.6404311647119814,3.9883295042563955,9.143162062470319,2.5232843634122055,3.4996035475927054,5.993199160999625
9.143162062470319,2.5232843634122055,3.4996035475927054,7.272942047701845,1.9380861107945868,2.671014129437735,2.0697975872196035
7.272942047701845,1.9380861107945868,2.671014129437735,6.631632343686988,3.3485350670156784,1.9837048845109104,1.6313497339939047
6.631632343686988,3.3485350670156784,1.9837048845109104,4.019589565892472,7.145189847011663,1.083815264495858,4.857380675183684
4.019589565892472,7.145189847011663,1.083815264495858,11.577609004315425,6.641182876529936,0.2520541894909485,7.85039417645414
