x1,y1,theta1,x2,y2,theta,length
6.722117117912714,1.900210891177762,2.5847576275873054,4.685305377547656,2.8746885544538205,3.3578839446816686,2.2845250785276576
4.684740938841929,2.8745641606035073,3.3594179254695544,3.745035109410938,1.8459756268471237,3.78279662292599,1.4176788375575766
3.7444463782449557,1.8455371841574968,3.7812626421381053,3.202962512663397,1.6275844664247023,3.482136388500406,0.5854112391152999
3.2022393605092323,1.627328924683746,3.48060240771252,0.38597699174730105,0.957452127800553,2.3408546823134886,2.9943916158495503
0.38575229301383557,0.9576845700499845,2.339320701525603,2.484828090239575,6.8922723691662915,0.5031456984264893,6.434927764856041
2.4853416412133247,6.892554179597106,0.5016117176386048,9.03974303502459,5.781561307416907,0.4233786974564363,6.6923496512116
9.040310818058337,5.781817209909498,0.4249126782443226,9.938544119691416,7.100570890641666,0.734776797397221,1.6134156248245666
9.939086011874604,7.101059709072966,0.7332428166093364,12.638789638537718,8.099422973445927,-0.5476311412751732,2.946756488422789
12.63915996228178,8.099196818585565,5.734020185116528,12.874202117062884,7.221473331993018,4.425534573050074,0.9644547266930273
12.8739976643736,7.220779679952561,4.424000592262188,12.462405028257558,6.60113031037376,4.163223858321631,0.7465317628681042
12.462006471992199,6.600477739127577,4.164757839109516,10.711006857670395,3.161252029656214,4.172427743048943,3.859375884969687
10.710613237764084,3.160595945828104,4.170893762261058,8.76570112219212,0.6354081780753629,3.314932482620871,3.223417099129778
8.765168266274607,0.6353155658718544,3.3133985018329852,6.722766583978988,1.8998053024747068,2.58322364679942,2.437106081641926
