x1,y1,theta1,x2,y2,theta,length
4.6849802946711625,2.874874907623291,3.3586736753678093,3.744875523877783,1.8457183727484636,-2.501326273565065,1.4184844402825507
3.744875523877783,1.8457183727484636,-2.501326273565065,3.2026492938601567,1.6274713700082213,-2.8019174184409854,0.586222215374575
3.2026492938601567,1.6274713700082213,-2.8019174184409854,0.38534109831563523,0.9576099656101595,2.339341165365425,2.9958120630171443
0.38534109831563523,0.9576099656101595,2.339341165365425,2.4847594428653768,6.892516832720643,0.5019076059349353,6.435500456497609
2.4847594428653768,6.892516832720643,0.5019076059349353,9.040328650581081,5.781580008254973,0.42368525783879946,6.693546874411793
9.040328650581081,5.781580008254973,0.42368525783879946,9.93881522115041,7.1009741632299255,0.7342229481138582,1.6142254662546618
9.93881522115041,7.1009741632299255,0.7342229481138582,12.639128100623319,8.099586634443453,5.734759454866111,2.947610607071327
12.639128100623319,8.099586634443453,5.734759454866111,12.874345316791976,7.221507863936821,-1.8577530051928763,0.9649821036856935
12.874345316791976,7.221507863936821,-1.8577530051928763,12.462181189165094,6.600820906905856,-2.119191365010187,0.7477492272527587
12.462181189165094,6.600820906905856,-2.119191365010187,10.710721199683695,3.160723974267108,-2.1110901274655345,3.860362702408982
10.710721199683695,3.160723974267108,-2.1110901274655345,8.765675170328512,0.6351278787150176,3.313771689852281,3.224000782368135
8.765675170328512,0.6351278787150176,3.313771689852281,6.722163883595045,1.9002075311563131,2.583308053182136,2.4384076383636444
6.722163883595045,1.9002075311563131,2.583308053182136,4.6849802946711625,2.874874907623291,3.3586736753678093,2.2850407953327307
