x1,y1,theta1,x2,y2,theta,length
4.615709948480775,2.363563357837363,3.1814761540748195,0.7428323274023301,1.3082337693300883,2.3439226438892593,4.257362955291663
0.7425054374544167,1.3085693020362845,2.3423886631013744,2.8376997115602736,6.52559672381303,0.6366020269725412,5.912694932808589
2.8388125684671914,6.526419083851049,0.6350680461846555,12.130434145560567,7.886401098354373,-0.877437010670586,9.587275179014602
12.131081340059852,7.885786402975506,5.404214315721113,12.357498878285378,7.16425420957188,4.628703044682817,0.7755112710382956
12.35678024842324,7.163033132203996,4.628020037050979,10.164707237979762,4.930145710685088,4.3058840715949955,3.212952355332536
10.164180468011772,4.928922100003483,4.3074180523828804,10.169569797802112,3.148016208139796,4.466952054322986,1.8006344579726101
10.169219247815017,3.1466233271563353,4.4654180735351,8.565163785889661,1.1011979563869851,3.4330490032880636,2.6522508420403117
8.564016095035216,1.1008542726166892,3.4315150225001796,4.617107781809527,2.3636182166486077,3.1799421732869333,4.194852773783896
