x1,y1,theta1,x2,y2,theta,length
4.616505141703621,2.3639092095110534,3.1808177525377523,0.7421112026523856,1.307927762015789,2.343205185155782,4.259566972209397
0.7421112026523856,1.307927762015789,2.343205185155782,2.838459998790229,6.526569614227844,0.636332816021975,5.915255615532648
2.838459998790229,6.526569614227844,0.636332816021975,12.130089483277759,7.887866923246204,5.405811486167375,9.587622306346686
12.130089483277759,7.887866923246204,5.405811486167375,12.357462023442562,7.164318873312282,4.627923527324661,0.7778879588427134
12.357462023442562,7.164318873312282,4.627923527324661,10.164494754146984,4.930612437809849,4.306128052600708,3.2141593711615277
10.164494754146984,4.930612437809849,4.306128052600708,10.169672875427004,3.1473236595616663,4.466113196312145,1.8032011464297986
10.169672875427004,3.1473236595616663,4.466113196312145,8.56460222907501,1.1005301078507381,3.4324124017442914,2.6541371738958404
8.56460222907501,1.1005301078507381,3.4324124017442914,4.616505141703621,2.3639092095110534,3.1808177525377523,4.196458686254303
