x1,y1,theta1,x2,y2,theta,length
2.129443343885692,3.7073142992332806,1.7487380981896308,2.3519391352200456,5.051433725501097,1.4802914603096433,1.3641747886165883
2.35195805287809,5.051642932920075,1.4818254410975293,2.544890269338805,8.459144883977688,0.2899223689103838,3.488211844482106
2.54502942004893,8.459186358039238,0.28838838812250056,4.53605854420961,5.848634794200586,-0.3727573314562115,3.364780195667051
4.536260385976532,5.848555920248006,5.911961956511261,10.867688209895762,7.339021783783915,6.068427996875594,6.517474990829057
10.867990161051548,7.338955612120291,6.06689401608771,12.897474874384699,5.713995771348162,5.117359908386502,2.6087154827732264
12.89761917275221,5.713658916326344,5.115825927598613,12.816590322606674,4.970105349432456,4.014427721896724,0.7619650495717903
12.816317536124386,4.969780101402145,4.012893741108838,11.685198261726608,4.594448085063878,3.8441558544414174,1.2025148415698348
11.684978455363426,4.5942614691178125,3.8456898352293027,11.500869676713563,4.303273125968017,3.848757796805075,0.34805194531406025
11.500526158463934,4.3029794015845,3.847223816017188,3.1619952555602904,2.0267164399876707,2.7580974566183856,8.658379200885687
3.16169362779863,2.0268383936947463,2.7565634758304975,2.129485105443055,3.7070825076544454,1.7502720789775164,1.9848316602748701
