x1,y1,theta1,x2,y2,theta,length
2.1294345572626003,3.7071177205400403,1.7490521211719854,2.3519630945009133,5.0515988362872335,1.4806106889552217,1.364541787688172
2.3519630945009133,5.0515988362872335,1.4806106889552217,2.54502904315521,8.459436370681333,0.2895950627080905,3.4886072124648035
2.54502904315521,8.459436370681333,0.2895950627080905,4.536224046152534,5.848488083680284,5.9106212263972315,3.3654256010367147
4.536224046152534,5.848488083680284,5.9106212263972315,10.867814037267907,7.339072112700191,6.067472283614054,6.5177465607777165
10.867814037267907,7.339072112700191,6.067472283614054,12.89767078059405,5.713787832987537,5.116906545239053,2.609236982584582
12.89767078059405,5.713787832987537,5.116906545239053,12.816479512654615,4.969742588122013,4.014066198381841,0.7625174343650045
12.816479512654615,4.969742588122013,4.014066198381841,11.685115729308514,4.594467198598369,3.845373609769032,1.2028181208633835
11.685115729308514,4.594467198598369,3.845373609769032,11.500875471190572,4.303139125631167,3.8490842513611128,0.34841552409917653
11.500875471190572,4.303139125631167,3.8490842513611128,3.161788453004491,2.0266656472100655,2.7573679335652854,8.659052567961083
3.161788453004491,2.0266656472100655,2.7573679335652854,2.1294345572626003,3.7071177205400403,1.7490521211719854,1.9851449613125225
