TIME,LB,UB,OPEN,GAP,TREE
0.018939971923828125,0.0,23.33833487319383,1,100.0,1
0.018984079360961914,20.84610764040039,23.33833487319383,1,10.678684860486708,1
0.09509015083312988,20.84610764040039,23.33833487319383,2,10.678684860486708,1
0.33392810821533203,21.89760370419465,23.33833487319383,2,6.173238908547788,1
0.9553170204162598,22.56078219423169,23.33833487319383,2,3.3316544782945376,1
3.073233127593994,22.933651647765295,23.33833487319383,2,1.7339849977615576,1
6.91865611076355,23.134601714042404,23.33833487319383,3,0.8729549912553178,4
8.288285970687866,23.134601714042404,23.33833487319383,3,0.8729549912553178,4
9.435230016708374,23.134601714042404,23.33833487319383,3,0.8729549912553178,4
11.092072010040283,23.134601714042404,23.33833487319383,3,0.8729549912553178,4
12.754142999649048,23.134601714042404,23.33833487319383,3,0.8729549912553178,4
14.860352039337158,23.134601714042404,23.33833487319383,3,0.8729549912553178,4
16.953768968582153,23.134601714042404,23.33833487319383,3,0.8729549912553178,4
19.927067041397095,23.134601714042404,23.33833487319383,3,0.8729549912553178,4
22.874096155166626,23.134601714042404,23.33833487319383,3,0.8729549912553178,4
31.500956058502197,23.134601714042404,23.33833487319383,3,0.8729549912553178,4
40.28139400482178,23.134601714042404,23.33833487319383,3,0.8729549912553178,4
72.32192897796631,23.206125276059602,23.338334873191094,2,0.566491130793407,4
72.32200217247009,23.206125276059602,23.338334873191094,3,0.566491130793407,4
105.25448703765869,23.214791471112395,23.338334873191094,3,0.5293582543483601,4
234.20997714996338,23.272016606318765,23.338334873191094,3,0.2841602335071029,4
353.49607515335083,23.281140385430923,23.338334873191094,3,0.24506670279151144,4
929.438169002533,23.30512813849738,23.338334873191027,2,0.14228407842322596,4
929.4382560253143,23.30512813849738,23.338334873191027,3,0.14228407842322596,4
1451.318979024887,23.314586857818913,23.338334873191027,3,0.10175539729440279,4
