x1,y1,theta1,x2,y2,theta,length
8.05205294071419,2.678208446772162,5.1725832167503825,13.150043025416469,2.9450478362585275,6.930525199667327,5.409982423886474
13.152354719183226,2.946803218609355,0.6504078540635119,15.078002272414986,6.748233226195,1.1198059751565173,4.27783708980672
15.079590031996664,6.751493839357304,1.1167380135807465,15.472342339624145,9.364481971304444,2.4942527611020524,2.9167000408149493
15.471992013830418,9.364745832013858,2.4973207226778245,8.05177242624432,2.678778818026662,5.169515255174611,10.717195760956379
