x1,y1,theta1,x2,y2,theta,length
8.051330443091802,2.6772358367475664,5.169860644172315,13.150938752695437,2.9447839377078164,0.6497157906546076,5.413913081498171
13.150938752695437,2.9447839377078164,0.6497157906546076,15.078212904314935,6.748706121995847,1.117175735455082,4.280863515711994
15.078212904314935,6.748706121995847,1.117175735455082,15.472847455481189,9.365593626755736,2.495728703447522,2.9222376875830074
15.472847455481189,9.365593626755736,2.495728703447522,8.051330443091802,2.6772358367475664,5.169860644172315,10.721320588397855
