x1,y1,theta1,x2,y2,theta,length
11.848625220303068,6.91606485234455,4.109224145914977,11.044708159436196,5.517839833476963,3.725934488494564,1.6353888447123492
11.044708159436196,5.517839833476963,3.725934488494564,2.939847620110109,4.7852428805912695,4.19951056583103,8.324380009278968
2.939847620110109,4.7852428805912695,4.19951056583103,3.098192352244231,3.52773638141851,5.233127437271074,1.3440678169231488
3.098192352244231,3.52773638141851,5.233127437271074,3.693789109829507,2.671694844921132,5.6670471820582256,1.0523890007504115
3.693789109829507,2.671694844921132,5.6670471820582256,6.737963621115799,2.0594226272304876,0.08038435890315228,3.1212362851944517
6.737963621115799,2.0594226272304876,0.08038435890315228,7.879540192007772,2.4226127097471,0.2450852442308465,1.2003948884526
7.879540192007772,2.4226127097471,0.2450852442308465,11.409438116689579,2.881669758420096,-0.25242024031726834,3.569779180581581
11.409438116689579,2.881669758420096,-0.25242024031726834,13.340776027214561,1.7666730792140863,0.009975513822608414,2.2695765570933206
13.340776027214561,1.7666730792140863,0.009975513822608414,14.702625335709708,3.022340175581151,1.5275593158731569,1.9954067841058518
14.702625335709708,3.022340175581151,1.5275593158731569,13.62616343099936,4.826200103512496,1.703481559456408,2.173863227916991
13.62616343099936,4.826200103512496,1.703481559456408,14.384524823654928,8.198162811735358,2.4714711611794073,3.7807952232802347
14.384524823654928,8.198162811735358,2.4714711611794073,11.848625220303068,6.91606485234455,4.109224145914977,3.1630035954439215
