x1,y1,theta1,x2,y2,theta,length
8.648978574908272,2.3774206028061675,1.9174759848570515,9.103014512448064,3.693972885009419,0.8738496915748805,1.4803680569062054
9.103292418233021,3.6965384188423154,1.5707963267948966,7.9785316090394645,8.183061070351757,0.5154175447295759,5.053142655778527
7.978914887364754,8.1833143422818,0.4908738521234052,10.964243499333778,5.774152112142383,-1.104466167277661,4.151633828465204
10.965275604895288,5.771839654193608,5.154175447295755,11.187988523716978,1.8319578228724953,3.9116510091083856,4.069950839180066
11.18666317996539,1.8306728901861193,3.9085830475326135,8.649473696426757,2.376042922405442,1.9205439464328231,2.907285236158069
