x1,y1,theta1,x2,y2,theta,length
8.650008500453527,2.3708567843677426,1.9128772272041956,9.082340286718107,3.910695773285928,1.4551935916100214,1.6675758025347462
9.082340286718107,3.910695773285928,1.4551935916100214,8.087401248422289,8.24576669719795,0.547798457334365,4.844558615013917
8.087401248422289,8.24576669719795,0.547798457334365,10.967998348110221,5.7658898746724025,5.100414069781031,4.195322884047317
10.967998348110221,5.7658898746724025,5.100414069781031,11.185042045839348,1.8272863123049423,3.914391100871179,4.064838367617555
11.185042045839348,1.8272863123049423,3.914391100871179,8.650008500453527,2.3708567843677426,1.9128772272041956,2.9110823848044673
