x1,y1,theta1,x2,y2,theta,length
1.8946625527529557,3.2872389325047635,4.681377736497969,1.7451467865543284,1.1661223046707985,5.408699844820293,2.1685202973990103
1.7451467865543284,1.1661223046707985,5.408699844820293,2.0729109643692794,0.9899462203731069,6.171256660632949,0.38127840790632783
2.0729109643692794,0.9899462203731069,6.171256660632949,6.293554369433004,3.310027013441547,0.6595359016293104,4.836403938723754
6.293554369433004,3.310027013441547,0.6595359016293104,7.579837713463592,4.519510955799998,0.25971836408575577,1.7769810396157544
7.579837713463592,4.519510955799998,0.25971836408575577,10.50682135184187,3.758100575414285,6.005374063346951,3.0363322113319757
10.50682135184187,3.758100575414285,6.005374063346951,11.628133277300837,3.5556761652429216,0.40735841298406045,1.1600164229581247
11.628133277300837,3.5556761652429216,0.40735841298406045,13.636664305668685,7.27396334137104,1.5006215191918266,4.257280890883487
13.636664305668685,7.27396334137104,1.5006215191918266,12.924461096307205,9.03843328101568,2.640468784759084,1.9382018101263312
12.924461096307205,9.03843328101568,2.640468784759084,10.304087233598585,8.586714343823662,3.017109174576803,2.6897494635841497
10.304087233598585,8.586714343823662,3.017109174576803,9.585828801299252,8.910737330927892,2.8882812634291177,0.7914078990545664
9.585828801299252,8.910737330927892,2.8882812634291177,4.824549277064813,9.050370848830518,3.2021399330914804,4.7643331333078125
4.824549277064813,9.050370848830518,3.2021399330914804,1.5723115830008447,8.429177238903819,4.045945994998074,3.3433811406415543
1.5723115830008447,8.429177238903819,4.045945994998074,1.8946625527529557,3.2872389325047635,4.681377736497969,5.185299707287166
