x1,y1,theta1,x2,y2,theta,length
8.073670247532906,3.4556828429786077,3.6508742751678263,2.0809572096689695,0.5151379935761125,2.7841751300124375,6.720643696112678
2.08047704389482,0.5153175349060853,2.7826411492245535,0.6422772141934707,3.79952901679847,1.6137477888556924,3.6329476629752935
0.642247202346456,3.800253305459323,1.6122138080678088,1.2564518576918715,5.713566887154331,0.7593204900033923,2.0237303462208183
1.2569346964674768,5.714024679929638,0.7577865092155067,2.721724316583999,6.134262062083398,0.1257864246066226,1.5342377628833617
2.7224804618821166,6.134356715660512,0.12425244381873694,8.4264188776062,6.205425305582779,0.159534001940107,5.70476883752369
8.427167513069945,6.205546648397898,0.16106798272799233,9.378408641906391,6.504874648853055,0.3104450338742285,0.9974865232321305
9.379138966446012,6.505108956803907,0.31046115509126565,12.599645147090586,7.5304402057933775,0.13652429012182354,3.3802170422106967
12.600393487226196,7.53054178912148,0.1349903093339364,13.530670811156625,7.1434264062148625,-1.3207574583695363,1.1067219669595079
13.530725098069635,7.14321360519886,4.960893868022165,8.074339127630068,3.4560574867534184,3.652408255955711,6.736434421702483
