x1,y1,theta1,x2,y2,theta,length
8.073809075897941,3.455747833650091,3.652101722638707,2.080459234855967,0.515019843235341,2.783745527127414,6.721364442745768
2.080459234855967,0.515019843235341,2.783745527127414,0.6421525790036513,3.7995180258218806,1.6122440632282864,3.633477517353181
0.6421525790036513,3.7995180258218806,1.6122440632282864,1.2566384344173047,5.714006445604611,0.7587637895218432,2.0249741330682336
1.2566384344173047,5.714006445604611,0.7587637895218432,2.721812568300977,6.13431671386019,0.12444611579583989,1.5346975320442233
2.721812568300977,6.13431671386019,0.12444611579583989,8.426604086450189,6.205397548617238,0.16070272922492812,5.705629136865801
8.426604086450189,6.205397548617238,0.16070272922492812,9.378916274316843,6.5050739503528865,0.31046946688909943,0.998614852910488
9.378916274316843,6.5050739503528865,0.31046946688909943,12.600327151161615,7.530600102382955,0.1348628173097445,3.381150685014439
12.600327151161615,7.530600102382955,0.1348628173097445,13.531101406989375,7.143224121119711,4.9620462134436405,1.107364262065445
13.531101406989375,7.143224121119711,4.9620462134436405,8.073809075897941,3.455747833650091,3.652101722638707,6.737787311913322
