x1,y1,theta1,x2,y2,theta,length
13.240923137526737,2.059994623122857,3.9269908169872414,9.612686077204607,1.7008027159490111,2.8532042654672933,3.712703668017041
9.610957185576286,1.701318236543547,2.8501363038915213,9.075314715729247,2.0181298477758425,2.5212367233067003,0.6259053044368258
9.071893686108034,2.0205745043753365,2.5210377794883767,6.8276676051998635,2.9505655848568946,3.6232626209858845,2.576591362521798
6.82623931149592,2.9498165992295133,3.626330582561656,5.88740741703177,0.6405411362360123,3.767456815047135,2.645084821787698
5.8863137852205725,0.6397504663697268,3.764388853471363,1.5671207643893106,1.9859883223216448,2.043262409463675,4.733561533267187
1.5661203482244,1.9879617625548538,2.040194447887903,1.7319581971680291,3.495433792818795,1.3591069780666782,1.5629628882780364
1.7324832029250392,3.4978929448707206,1.3621749396424492,2.82661007911384,9.05389597121454,0.5184855063053466,5.7764739119734125
2.8280777311891305,9.054729242253327,0.5154175447295755,3.9429376691345923,9.003298496908553,-0.41527450924128595,1.1695109432195894
3.9444145383789717,9.002645930497641,-0.41685028704578175,4.968250196996648,8.54989983251947,5.899690110208175,1.1194784601293788
4.9719583767343725,8.548403761707347,5.902758071783946,8.013687985209307,7.437056619226956,5.915029918087033,3.2384020027265947
8.017709195121805,7.43549213580796,5.911961956511261,9.86461570556155,7.014894361220191,6.709631966211795,1.9558598425282616
9.866439821070477,7.015724597284407,0.4295146206079795,11.020006965242128,8.654441610392574,0.5154175447295751,2.0721800986431496
11.022824967432458,8.65603747746674,0.5123495831538042,13.487205140822995,8.139906459671069,-0.9081166264282994,2.634392907978964
13.488466814339638,8.1382805314486,5.3720007191755155,13.65050198033212,6.15635155490452,-1.6061023169556259,2.0295697114243607
13.650432744198707,6.154372383436987,-1.6054265824842135,13.566091602315407,3.7198704715037048,-1.6054265824842133,2.4359624355521134
13.56594442867927,3.715591353569275,-1.6049258709106753,13.242220877130626,2.0613010270670498,3.930058778563013,1.7322528915808961
