TIME,LB,UB,OPEN,GAP,TREE
0.022773027420043945,0.0,35.72335097651476,1,100.0,1
0.02280592918395996,33.26762374752224,35.72335097651476,1,6.874291358072668,1
0.12490105628967285,33.26762374752224,35.72335097651476,2,6.874291358072668,4
0.2085249423980713,34.03312119530867,35.72335097651475,1,4.731442417922317,6
0.323469877243042,34.03312119530867,35.72335097651475,3,4.731442417922317,8
0.636145830154419,34.03312119530867,35.723350976514595,2,4.7314424179219,13
0.6362080574035645,34.03312119530867,35.723350976514595,3,4.7314424179219,13
1.1353518962860107,34.03312119530867,35.723350976514595,3,4.7314424179219,19
1.2741930484771729,34.03312119530867,35.723350976514595,3,4.7314424179219,19
1.7205698490142822,34.19912401340237,35.723350976514595,3,4.26675247827196,19
2.901144027709961,34.91940433276126,35.723350976514595,3,2.2504793693118796,19
3.0037059783935547,35.10411437901265,35.723350976514595,2,1.7334224829833205,19
5.865408897399902,35.311157229022754,35.723350976514595,2,1.1538496143959938,19
15.394048929214478,35.51527805957075,35.723350976514524,1,0.582456324101762,19
15.394099950790405,35.51527805957075,35.723350976514524,2,0.582456324101762,19
44.59921193122864,35.61854787198478,35.72335097651445,1,0.29337422628289545,19
44.59931683540344,35.61854787198478,35.72335097651445,2,0.29337422628289545,19
167.48343300819397,35.67078180531317,35.72335097651445,2,0.14715632706417944,19
662.6646070480347,35.69703563115803,35.72335097651442,1,0.07366426899225617,19
662.6647078990936,35.69703563115803,35.72335097651442,2,0.07366426899225617,19
2948.9750390052795,35.71018219232661,35.72335097651442,2,0.03686323882790925,19
