x1,y1,theta1,x2,y2,theta,length
13.0454702085066,0.7351051759429834,3.8134762386837036,7.743804634988837,1.6721525916537237,3.1001751723168813,5.435901334373687
7.743228019711037,1.672175818591726,3.1017091531047667,6.247694258051077,1.543855384838678,2.7811071684366686,1.509672732408051
6.246859327327678,1.5441715280020645,2.779573187648782,4.643738922567299,3.29218726288587,2.265689623707092,2.380865687942708
4.643248425386485,3.2927760596572737,2.2641556429192065,0.5911455383261782,8.913462808709308,1.0246991663076068,7.061100415498354
0.5912906064652249,8.913701307455321,1.0231651855197228,9.486427998572331,7.500030470973274,-0.1365242901218231,9.140345816009981
9.487328598506357,7.499907136601501,6.14819499784565,13.190995693432786,7.073198116196615,5.451767720145567,3.7603124084441446
13.191210077209295,7.0729626334534075,5.4502337393576825,13.045954966358504,0.7354912683805707,3.8150102194715885,6.428564798793766
