x1,y1,theta1,x2,y2,theta,length
13.045994191390596,0.7350409322767439,3.814148951688769,7.7437244806010295,1.6722052074393452,3.101482755460064,5.436648573426689
7.7437244806010295,1.6722052074393452,3.101482755460064,6.247502711253961,1.5436727375142736,2.779837558033387,1.510458983957254
6.247502711253961,1.5436727375142736,2.779837558033387,4.643337901813937,3.2926553586306873,2.2653882787437336,2.3822965521889294
4.643337901813937,3.2926553586306873,2.2653882787437336,0.5909913345688552,8.913939100478256,1.0242873532452403,7.061854281313911
0.5909913345688552,8.913939100478256,1.0242873532452403,9.48707296886724,7.49991576635089,6.147090845548611,9.141707757962727
9.48707296886724,7.49991576635089,6.147090845548611,13.19120934984453,7.073185450132677,5.450979471438725,3.760889565233308
13.19120934984453,7.073185450132677,5.450979471438725,13.045994191390596,0.7350409322767439,3.814148951688769,6.429495262431601
