x1,y1,theta1,x2,y2,theta,length
6.77601924373779,2.6646090597418803,4.81056375080937,7.174048566082213,1.5291150630706813,5.6481172609949315,1.26687508484612
7.173869227474746,1.5292644752758116,5.651185222570702,9.165497083568875,2.2327304489001443,6.5838455416051715,2.3575271264156785
9.168306055759619,2.2335004103596425,0.2975922728498144,13.147521081137583,0.894342672480507,0.35895150436524115,4.319145969636062
13.148645593298498,0.8947680954938668,0.3620194659410113,14.290326915829063,3.0354753713989755,1.5278448647340983,2.5094901614242033
14.290492590256635,3.0396317444354275,1.53091282630987,14.119673164435524,3.9597112932716256,1.549320595764497,0.9414812316839272
14.119716554130855,3.961715281090998,1.5462526341887264,14.930326686897265,8.779800589822829,2.601631416254048,5.208576679475559
14.930068874619105,8.779954206724218,2.6046993778298186,11.570284511099793,6.441426862914545,3.4667965806215495,4.401975073232332
11.568234127741162,6.440737972388536,3.4637286190457774,4.085755662183212,7.065996906207613,4.1877675509278,7.779647176463536
4.085208382044172,7.0650469556947675,4.190835512503572,6.776080809135514,2.6657621883834643,4.813631712385142,5.415762348880923
