x1,y1,theta1,x2,y2,theta,length
6.776214344762468,2.669112641871605,4.810612782663648,7.1711566633798975,1.5301148746881832,5.64504929941916,1.2691717786964876
7.1711566633798975,1.5301148746881832,5.64504929941916,9.168369951419075,2.2349425209629654,0.30372715352356083,2.367505247347288
9.168369951419075,2.2349425209629654,0.30372715352356083,13.149811190808396,0.8945072718841279,0.3608012776709301,4.3240428838757055
13.149811190808396,0.8945072718841279,0.3608012776709301,14.291064094999916,3.035650566819767,1.5306838497274584,2.5102935254668353
14.291064094999916,3.035650566819767,1.5306838497274584,14.119369137877387,3.9609949186728337,1.5481850623465858,0.9468415249244648
14.119369137877387,3.9609949186728337,1.5481850623465858,14.930917286913656,8.78033184597367,2.603929243119891,5.212018657286354
14.930917286913656,8.78033184597367,2.603929243119891,11.569212743032002,6.440423278967101,3.4655759761730414,4.405064609821348
11.569212743032002,6.440423278967101,3.4655759761730414,4.084479995285372,7.066959394926195,4.189982268136956,7.783831346161705
4.084479995285372,7.066959394926195,4.189982268136956,6.776214344762468,2.669112641871605,4.810612782663648,5.416373712446105
