x1,y1,theta1,x2,y2,theta,length
12.35854783566021,8.538572952238187,3.4667965806215486,1.3755599843137134,5.993131792995889,4.531379247414185,11.400673611507601
1.375464040239317,5.9926059217987895,4.534447208989955,4.510650709320779,3.6681710457621275,5.933437687541658,4.022203228726945
4.512734190068107,3.6674132535306794,5.93650564911743,7.0717920503548255,3.2689760039296036,5.776971647177326,2.5944275685263958
7.072513205263516,3.268574179774855,5.773903685601553,7.622232445008539,2.6869357058416945,5.678796876752645,0.8045003836497673
7.623214995674269,2.686256581439673,5.681864838328416,8.01311892664441,2.5210562699630676,5.737088146692297,0.42489493727238437
8.014611000181835,2.520143081402306,5.734020185116528,8.616467755615554,2.1579369741024443,6.298525115058442,0.7242565695125621
8.618056213163527,2.1579674111161293,0.018407769454627694,9.970984499071744,3.2571925383161835,0.2761165418194157,1.7815641582966206
9.972746357633666,3.257688597072444,0.2730485802436441,13.503707989787259,2.5609210122127926,0.558369006790374,3.6480309977091387
13.504685007967716,2.5615318259668176,0.5614369683661447,14.562367249201577,7.059706915866814,1.2118448224296583,4.661771774803038
14.562988879335926,7.061363496866305,1.2087768608538851,15.71208737751203,9.776271891451515,2.31937895128309,3.0842999905336
15.711889215452196,9.776484132820057,2.3224469128588607,12.360108062038405,8.539101537428513,3.469864542197323,3.7136414650446086
