x1,y1,theta1,x2,y2,theta,length
12.359383417029976,8.538745542320214,3.468287704562686,1.3747877480614374,5.992623433344423,4.53212235616555,11.402624131233209
1.3747877480614374,5.992623433344423,4.53212235616555,4.51179994587231,3.667500701182092,5.934701276821974,4.024859272057394
4.51179994587231,3.667500701182092,5.934701276821974,7.072054918193797,3.2690129642519556,5.774740908539293,2.595715837448455
7.072054918193797,3.2690129642519556,5.774740908539293,7.622677920031273,2.6864239389141393,5.680181863428025,0.8058635398229644
7.622677920031273,2.6864239389141393,5.680181863428025,8.013263859635483,2.5211942634700217,5.734145083576932,0.4256167653360916
8.013263859635483,2.5211942634700217,5.734145083576932,8.616871751087347,2.1571485639339048,0.01742529285902253,0.7271021931293709
8.616871751087347,2.1571485639339048,0.01742529285902253,9.971740108185088,3.257964304105802,0.2746128450453386,1.7843036682904776
9.971740108185088,3.257964304105802,0.2746128450453386,13.505009366939195,2.5610127798339075,0.5588526050969707,3.6504934088471943
13.505009366939195,2.5610127798339075,0.5588526050969707,14.5628101982966,7.0612986753021945,1.2116135258121283,4.664273072311774
14.5628101982966,7.0612986753021945,1.2116135258121283,15.712487071531138,9.776537370244727,2.3216059024879727,3.0856796772638893
15.712487071531138,9.776537370244727,2.3216059024879727,12.359383417029976,8.538745542320214,3.468287704562686,3.715313077492841
