x1,y1,theta1,x2,y2,theta,length
2.918359719406826,9.08202224426359,4.075786953412149,2.829877590353971,8.881578635100942,4.517579848352158,0.22089644747000436
2.830144611589948,8.881037363712863,4.519107401111098,6.947295751768078,1.1886282856575667,6.034680419542112,8.797374322047586
6.947792803761594,1.1885028424327533,6.036214400329997,13.452472469156945,5.355486969134065,6.866098006576131,7.77053219840081
13.453185589093387,5.355955913129905,0.5813787186086581,15.032956021706932,6.74736864896163,1.762543925280603,2.2124814574539444
15.03290812442249,6.747614795934356,1.7640779060684872,2.9186603204852757,9.082406686766827,4.074252972624262,12.577953879560003
