x1,y1,theta1,x2,y2,theta,length
2.9183855460831354,9.082841739486728,4.075620951688001,6.947237668988723,1.188349191659941,-0.24724910611076306,9.020231019055068
6.947237668988723,1.188349191659941,-0.24724910611076306,13.452609169141112,5.355581446881792,0.5816774137925822,7.771291012767507
13.452609169141112,5.355581446881792,0.5816774137925822,15.033210093340513,6.747705560444988,1.7629550178140916,2.213694125101889
15.033210093340513,6.747705560444988,1.7629550178140916,2.9183855460831354,9.082841739486728,4.075620951688001,12.579324388951028
