TIME,LB,UB,OPEN,GAP,TREE
0.01871800422668457,0.0,32.994117328652194,1,100.0,1
0.018756866455078125,32.339255957789916,32.994117328652194,1,1.984782209323098,1
0.13864898681640625,32.339255957789916,32.994117328652194,2,1.984782209323098,4
0.3844420909881592,32.339255957789916,32.994117328652194,3,1.984782209323098,8
0.738400936126709,32.339255957789916,32.994117328652194,4,1.984782209323098,13
0.8577640056610107,32.339255957789916,32.994117328652194,4,1.984782209323098,13
1.0372869968414307,32.339255957789916,32.994117328652194,4,1.984782209323098,13
1.4953839778900146,32.339255957789916,32.994117328652194,4,1.984782209323098,13
1.6045310497283936,32.437624149409956,32.994117328652194,4,1.6866436331635946,13
3.086695909500122,32.64751522992688,32.994117328652194,4,1.0504966545182368,13
3.968932867050171,32.71214027270203,32.994117328652194,3,0.8546282755238163,13
8.587563037872314,32.817799320846795,32.994117328652194,3,0.5343922555924357,13
8.90403699874878,32.857413763964594,32.994117328652194,2,0.414327085419214,13
22.86860704421997,32.90460434749928,32.994117328652194,2,0.2712998206961614,13
77.71950602531433,32.94913779804615,32.994117328652194,2,0.13632590973113246,13
265.19531893730164,32.971536943975075,32.994117328652194,2,0.06843760798992826,13
984.6819839477539,32.98281533068838,32.994117328652194,2,0.034254584995361555,13
4463.1087028980255,32.98846100204651,32.994117328652194,2,0.017143439690593877,13
4463.108797073364,32.98846100204651,32.994117328652194,2,0.017143439690593877,13
