x1,y1,theta1,x2,y2,theta,length
2.506100563265483,9.386235242742304,4.071185011048492,2.5199033791015486,9.055106658203893,5.200194870932325,0.3552312991310758
2.5203204148192455,9.054319592426774,-1.0855871430582076,6.889196343238769,0.9355870855840551,6.010136726935938,9.240888129737609
6.8896840038894,0.9354512621690946,6.0132046885117125,10.899118219733053,3.262907770536511,6.958136853849272,4.6570965539425995
10.899825305446909,3.263475944178847,0.6780195082454533,13.228052116766042,5.706758496742648,0.6227961998815704,3.375319148876548
13.22839418363907,5.707003629772578,0.6197282383057992,15.173513225297235,6.797952215536622,1.6843109050984375,2.299113521601131
15.1734807126985,6.798230172338964,1.6873788666742053,2.506243346616563,9.38642686876534,4.06811704947272,13.060812348757548
