x1,y1,theta1,x2,y2,theta,length
2.5060039604182363,9.386528553247922,4.069968734650585,6.889387164399768,0.9352560384346328,-0.2715957302417346,9.59798304958659
6.889387164399768,0.9352560384346328,-0.2715957302417346,10.899405813721838,3.263060568331057,0.6769332629322421,4.657907456583844
10.899405813721838,3.263060568331057,0.6769332629322421,13.228231443107823,5.7069364857171685,0.6215417409687667,3.3761698005362835
13.228231443107823,5.7069364857171685,0.6215417409687667,15.173959480729549,6.79781959425734,1.6869458291028734,2.300100642357787
15.173959480729549,6.79781959425734,1.6869458291028734,2.5060039604182363,9.386528553247922,4.069968734650585,13.061956379587688
