x1,y1,theta1,x2,y2,theta,length
9.533138135508919,7.127657114094831,5.755495916146925,13.169433917359482,7.171717330318834,5.095884177356098,3.715726244594606
13.169521738736615,7.171499427098515,5.09281621578033,11.94944596342331,5.9263222037919,3.9975539332299785,1.8109745810606463
11.948949997019625,5.925750361218131,4.000621894805753,11.446298339542272,5.047245946611179,4.7062530572331465,1.0184594684725201
11.446295011090099,5.046591063925582,4.709321018808918,11.662340856232827,4.60613406640352,5.0345249458406744,0.4958671940257803
11.662576348241426,4.605423957217209,5.031456984264904,11.777876765469674,3.495327470911925,-1.472751341944965,1.1165004927417244
11.777951848846804,3.494564164754843,-1.4727401614062525,11.814937520401765,1.3140042354743193,3.53735969686429,2.252974881228957
11.81473058446892,1.3139180451246961,3.5342917352885173,9.580029378482292,3.60210453908757,3.1201169225593968,3.2920488564741666
9.579527923029532,3.6021153405072757,3.1231848841351653,7.986097203323131,1.9487225162039667,4.276738436625168,2.3212239036951776
7.985788567639809,1.948057855503778,4.279806398200938,7.735691841357323,0.8463704017356868,3.7091655451074805,1.1526776578295088
7.7352738702387525,0.8461039125068102,3.706097583531709,2.631610106836891,2.392052883977714,2.172116795646066,5.370733899856118
2.631272090898226,2.392548844127717,2.1690488340702965,2.9096015903257166,6.430948704790247,0.9694758579437224,4.066326247582028
2.9099772834820543,6.431493583342761,0.966407896367954,6.64558868908336,8.223591788844717,0.6749515466696786,4.149672984267579
6.646170471971376,8.224057750413431,0.6780195082454533,7.495309109477154,9.306276660978817,0.7393787397608818,1.3763032438418934
7.495867358577184,9.30678557256351,0.7363107781851077,8.203368057412188,9.65969436714735,-0.282252464970959,0.8111562097167263
8.20385472518272,9.659552523473545,5.997864880632855,9.532592825037288,7.1279768239933405,5.7524279545711545,2.8895507370502442
