x1,y1,theta1,x2,y2,theta,length
9.532980718845497,7.127498135378953,5.752919308787964,13.16990534472034,7.171522993556543,5.09530614401191,3.7165639854662373
13.16990534472034,7.171522993556543,5.09530614401191,11.948917315232487,5.925806341302993,3.997657582778668,1.8124522759648423
11.948917315232487,5.925806341302993,3.997657582778668,11.446097315479518,5.046911443555995,4.7077544923603405,1.0189445494158758
11.446097315479518,5.046911443555995,4.7077544923603405,11.662545956816134,4.605783153895693,5.0330853706660115,0.4967159258496167
11.662545956816134,4.605783153895693,5.0330853706660115,11.777997462750315,3.4954660861991904,4.8104755862150705,1.1167447812692617
11.777997462750315,3.4954660861991904,4.8104755862150705,11.814886497749033,1.3135860365902872,3.536209062061609,2.2544826374321505
11.814886497749033,1.3135860365902872,3.536209062061609,9.579419900696994,3.602407253681072,3.120191098269926,3.2933710308094306
9.579419900696994,3.602407253681072,3.120191098269926,7.985817203999749,1.9483875090505185,4.27805107848813,2.322077307337267
7.985817203999749,1.9483875090505185,4.27805107848813,7.735910709970959,0.8461635659928605,3.709415014997564,1.1531810294108884
7.735910709970959,0.8461635659928605,3.709415014997564,2.6314485448173937,2.3918670312569628,2.169132244611886,5.371877836929593
2.6314485448173937,2.3918670312569628,2.169132244611886,2.9095297377671785,6.431185253618414,0.9672341091630738,4.067304856257556
2.9095297377671785,6.431185253618414,0.9672341091630738,6.646153800423693,8.22392918921009,0.6753683266344733,4.150895035208263
6.646153800423693,8.22392918921009,0.6753683266344733,7.495811614635513,9.30682391132488,0.7392942795910851,1.3771742397313926
7.495811614635513,9.30682391132488,0.7392942795910851,8.203730912244703,9.659888071045529,5.999561585654956,0.8117200858969288
8.203730912244703,9.659888071045529,5.999561585654956,9.532980718845497,7.127498135378953,5.752919308787964,2.8906703443638033
