x1,y1,theta1,x2,y2,theta,length
4.834550453342365,1.864785055757439,0.43871850533529333,8.694916514106424,4.338596138824963,-0.18100973297050227,4.602788458304448
8.695075453680996,4.338567001861498,6.100641593421195,11.627922142678985,0.5848138512843987,6.379826096816378,4.822865056442688
11.628039541817538,0.5848252762280477,0.09817477042468103,14.246907653375144,6.106969096568163,1.6873788666742051,6.16260276217375
14.246855481292522,6.107412153553607,1.688912847462091,13.405208065851106,7.242772440275497,2.320912932070973,1.419522832486642
13.404902326115954,7.243100461895936,2.3224469128588607,10.742766019420214,9.50121047953204,3.3578839446816646,3.5234260094931953
10.742530694842598,9.501158490333378,3.3594179254695544,10.114478376175565,8.3328192409049,3.9592044135328406,1.3569728294718861
10.114287361812735,8.332615607797422,3.9576704327449543,5.056841628242267,5.816166618612176,3.0096703058316296,5.659392851078799
5.056684436874996,5.816187605746738,3.0081363250437416,1.8840777717088077,8.396521076908211,3.6048548515312544,4.159510901139181
1.8839124975874972,8.396438524829822,3.6063888323191424,2.1682584746529816,3.3068676274570823,4.592738478929607,5.161277246811789
2.168201971794192,3.3064027209696087,4.591204498141725,1.534420156171049,1.0202956069512061,5.476311412751739,2.4198774033172814
1.534598732611822,1.0201097055812212,5.477845393539624,4.8343600550470045,1.8646959658745443,6.720369831726994,3.4551844224241406
