x1,y1,theta1,x2,y2,theta,length
2.1052228375131037,7.312820139247712,1.7027186745530618,0.7434690822850408,9.744910398238932,0.9878836273983529,2.8456431924055425
0.7437168767593031,9.745284700803106,0.9848156658225816,4.921104044020015,9.174184584039578,-0.1712812234275286,4.273816281995465
4.921884751087032,9.174049550710242,-0.1712555393352934,7.92041933400971,8.651142160072853,5.927301764390117,3.0440462252287968
7.9211745372318685,8.65085962270677,5.924233802814346,9.629236971108034,7.64342367633048,6.132855189966796,1.9856933492365552
9.629721261455732,7.643351563470278,6.135923151542565,12.791096067199415,8.349660382850969,5.7340201851165284,3.2610295804370164
12.791473371928122,8.349428625772566,5.730952223540756,13.16056466507142,7.044606908769355,4.896466674930966,1.374472993853469
13.160674150248466,7.044014396875907,4.893398713355195,13.276664773255453,6.249985146505929,4.798291904506286,0.8024670076779117
13.27671997994496,6.249335993588028,4.795223942930514,13.305875698792017,1.4237404059188972,3.86869954704759,4.851127322691905
13.30549955276966,1.4234076968610556,3.865631585471816,10.587477947795916,1.7161794378104942,3.3839616180757264,2.7605415153220108
10.586733479813425,1.715994865604511,3.3870295796514958,9.20274048505704,0.8103766661659367,3.0096703058316248,1.6721041940448662
9.202065530265498,0.8104666623649422,3.0066023442558563,8.357781948608537,1.7447600568532895,2.5065246074051393,1.2755631504275056
8.357202912101515,1.745186293271623,2.509592568980909,4.664867023692938,3.1250204750550976,3.4913402732277175,3.9573230354347535
4.664319761226858,3.124819544705988,3.4944082348034904,3.807455149632855,1.6988927241738514,3.8932432396537573,1.678560386874187
3.8067175075553594,1.698205678526166,3.890175278077986,3.266515324008967,1.440378850195946,3.491340273227718,0.5998745701817502
3.2656461235063965,1.4400633219729677,3.4882723116519476,0.11840212737095646,0.6988398715517105,2.3377867207377183,3.2796487883792143
0.11827365833470399,0.6989739595624618,2.334718759161946,2.105272780495289,7.312435237171591,1.699650712977288,6.95663702616429
