x1,y1,theta1,x2,y2,theta,length
2.1053176909293168,7.312803311884083,1.7000054637654556,0.7431331024307319,9.745328709154284,0.9861817993555793,2.846561764243939
0.7431331024307319,9.745328709154284,0.9861817993555793,7.920652611177075,8.65113583552124,-0.3580994460922014,7.319682143587809
7.920652611177075,8.65113583552124,-0.3580994460922014,9.629301672887216,7.643310579831319,-0.14784747136406273,1.9864484665840507
9.629301672887216,7.643310579831319,-0.14784747136406273,12.791375060462633,8.349756221337037,5.732322996138646,3.2618801293609403
12.791375060462633,8.349756221337037,5.732322996138646,13.160633173523147,7.044296765994109,-1.388170855252192,1.3752357733751501
13.160633173523147,7.044296765994109,-1.388170855252192,13.276721636493583,6.249546402163329,-1.4858811091672388,0.8031953998987116
13.276721636493583,6.249546402163329,-1.4858811091672388,13.306123928118081,1.4235626422036054,3.865909056051521,4.851769783055233
13.306123928118081,1.4235626422036054,3.865909056051521,10.586872967970185,1.716191291029545,3.3847523655726564,2.7617762500455214
10.586872967970185,1.716191291029545,3.3847523655726564,9.202129171754862,0.8101287369669113,3.008892610653285,1.67306903123178
9.202129171754862,0.8101287369669113,3.008892610653285,8.357297841053072,1.745236235058353,2.5067705176729973,1.2767025343105
8.357297841053072,1.745236235058353,2.5067705176729973,4.664656591410844,3.1252169284577636,3.493512057930917,3.957820364699349
4.664656591410844,3.1252169284577636,3.493512057930917,3.8072535271721835,1.6984733206954985,3.8915054550165977,1.6796136340811394
3.8072535271721835,1.6984733206954985,3.8915054550165977,3.2660725200592773,1.440180756272308,-2.7933079119473994,0.6009767492768215
3.2660725200592773,1.440180756272308,-2.7933079119473994,0.11833013849718213,0.6986652130335668,2.334931751147606,3.280583902298891
0.11833013849718213,0.6986652130335668,2.334931751147606,2.1053176909293168,7.312803311884083,1.7000054637654556,6.957313741301691
