x1,y1,theta1,x2,y2,theta,length
11.346243096254337,3.992150129082817,1.629087596734551,12.728833227623507,6.588613109241845,1.6965827514015206,2.9591563316552247
12.72875525521922,6.589219571738552,1.6996507129772904,11.282900704738568,8.14758791899577,2.0770099867971594,2.1368339761065207
11.282542883312583,8.14823460207648,2.073942025221387,10.88242887798643,9.210201609229637,2.8900198043765446,1.1768130901308558
10.882081995425692,9.210290553339236,2.8930877659523193,8.569192673215799,7.091041848703856,2.788777072376098,3.2383929667881053
8.568923743591,7.091141148038823,2.7857091108003247,8.255946047934422,9.350314589075145,2.4789129532231935,2.359301602298692
8.255560657419807,9.350613701235904,2.4819809147989678,6.946532775338069,9.15137888176661,3.2305635392871617,1.348330726890944
6.945775539724093,9.151312018838597,3.227495577711389,0.3392944559677373,9.299065968634135,4.252194744019004,6.666674472413348
0.33915813852624055,9.29878978330003,4.2552627055947685,2.0358369716491387,6.925565526288477,4.5927384789296095,2.990728022661568
2.0357742217522667,6.925045586665131,4.589670517353839,1.4996936783364583,6.429677519470481,3.963806355896496,0.7473684134379595
1.499182117625142,6.429125153770579,3.9668743174722683,0.295695288543179,4.283981772171365,5.141903600992672,2.495492998326598
0.2958723048502364,4.283597536790402,5.144971562568442,3.3836446176903103,3.6498619315308822,5.519262874812538,3.1955665894813814
3.384097798290888,3.6494274017443553,5.516194913236766,4.223862960901279,0.2814526973841313,5.967185264875143,3.5229769404166555
4.224218157455143,0.281337348058759,5.9702532264509145,6.479778437251802,2.1819917798320776,6.700428081484481,2.9947456521137203
6.480441597763344,2.1822853467095498,0.41417481272912315,9.210256395331776,2.3578218993217734,-0.6872233929727669,2.754963564319952
9.210681058777798,2.3574734290585617,5.592893952631048,9.413317237636974,1.591144988510109,5.439495873842484,0.8120512476615392
9.413733696619115,1.5906786043256353,5.442563835418254,13.471879548211293,0.7852556391871294,7.2741368961537045,4.21465452550148
13.472024916330975,0.7854783463461332,0.9940195505498955,11.346280986800986,3.991509409703591,1.6321555583103202,3.9186689891009183
