x1,y1,theta1,x2,y2,theta,length
10.511683338225076,8.540349821639412,2.4217191471058657,7.241758190025303,9.476419959679168,2.9893054886751296,3.417119526375961
7.241758190025303,9.476419959679168,2.9893054886751296,3.3049634053429156,9.424844457536034,3.849895492193822,4.000154867643955
3.3049634053429156,9.424844457536034,3.849895492193822,2.624946705906079,4.678602185858902,4.976416193081877,4.870182633898226
2.624946705906079,4.678602185858902,4.976416193081877,3.284912816533305,3.8456191575067717,5.815131743948401,1.0874182964766903
3.284912816533305,3.8456191575067717,5.815131743948401,6.581292242841306,3.609961892121695,5.734170278792386,3.340527398179375
6.581292242841306,3.609961892121695,5.734170278792386,7.241576552495774,2.8100344842717235,5.5799347947453475,1.050189015814062
7.241576552495774,2.8100344842717235,5.5799347947453475,13.842698895063704,1.3211986418290413,0.9032248762804199,7.027231048435598
13.842698895063704,1.3211986418290413,0.9032248762804199,11.367807933258172,6.69531440268339,2.0311142724873847,6.15476200831458
11.367807933258172,6.69531440268339,2.0311142724873847,10.511683338225076,8.540349821639412,2.4217191471058657,2.0482742178267634
