x1,y1,theta1,x2,y2,theta,length
14.10899324361268,2.7567825170102878,2.1843886419491527,10.287831981666683,6.116325035178636,1.8775924843720206,5.095305227283411
10.28763611430741,6.116947430204149,1.8745245227962535,10.924025680499943,9.109074924424306,2.156776987767212,3.0870307238962074
10.923740698280385,9.10950300208002,2.1598449493429825,7.29609027311571,9.73119760935008,3.046485844740882,3.7029977665154927
7.295327722674712,9.731268478176231,3.0495538063166547,3.047478665841642,9.793463998065889,4.025165587411924,4.278406826986761
3.0471844460864213,9.79310547301546,4.028233548987695,3.3969566254110486,7.761767083863737,4.427068553837958,2.0937552476445838
3.396768785804981,7.761128677254838,4.424000592262188,1.7881552562307237,6.148925196725248,4.285942321352483,2.284889561889962
1.7878613160314958,6.14827670095234,4.289010282928253,1.7309776748782022,4.495163808493345,5.200194870932322,1.662452901344457
1.7312873708575776,4.494580013108527,5.203262832508095,3.1536272063388227,3.5817666787813907,5.804583301359265,1.695825023389602
3.1543062948315224,3.5814144777775625,5.807651262935037,6.465985562092739,2.2466717468799495,6.7157678893633355,3.593341774931771
6.466450490609109,2.246886808713042,0.43565054375952206,7.319593798643997,4.431466822938692,0.389631120122953,2.389992580937623
7.320043039905185,4.431649651433775,0.3865631585471816,14.739223264822737,0.6725567439617984,0.7179030087304805,8.4109450934886
14.739422945169716,0.6727312090165742,0.7209709703062513,14.109420383756175,2.756173612588103,2.1813206803733816,2.2410660782626204
