x1,y1,theta1,x2,y2,theta,length
14.109272120717575,2.7565474703593598,2.1827775342296363,10.287571410647839,6.116482563279969,1.8756673049270915,5.096053795878987
10.287571410647839,6.116482563279969,1.8756673049270915,10.92409512026615,9.109483510110296,2.1581329721101357,3.088064441237322
10.92409512026615,9.109483510110296,2.1581329721101357,7.295952306368713,9.73123115024335,3.048989466279594,3.703634276495478
7.295952306368713,9.73123115024335,3.048989466279594,3.046896267500416,9.793234886639773,4.025440871989946,4.279633120574829
3.046896267500416,9.793234886639773,4.025440871989946,3.396987185610911,7.761196688226205,4.426357889194905,2.094808651863559
3.396987185610911,7.761196688226205,4.426357889194905,1.7878148252254762,6.14851867942204,4.286857104862099,2.2857154542374434
1.7878148252254762,6.14851867942204,4.286857104862099,1.7311123834347608,4.494495813376832,5.200437600645981,1.6634007165471538
1.7311123834347608,4.494495813376832,5.200437600645981,3.154220664384811,3.5814282901743684,5.804917361507959,1.696710304221155
3.154220664384811,3.5814282901743684,5.804917361507959,6.466486709577811,2.246589503262223,0.4334599004062619,3.593993276465758
6.466486709577811,2.246589503262223,0.4334599004062619,7.320091002422088,4.431989306854527,0.38668900331537565,2.3913625816234867
7.320091002422088,4.431989306854527,0.38668900331537565,14.739771903065302,0.6725589267360169,0.7183089393155343,8.411624222926212
14.739771903065302,0.6725589267360169,0.7183089393155343,14.109272120717575,2.7565474703593598,2.1827775342296363,2.242199375151037
