x1,y1,theta1,x2,y2,theta,length
8.858628240430725,1.279616846704688,2.847916604825605,3.3021455713980212,3.8640849845854053,2.661151703255279,6.1283759309778425
3.3021455713980212,3.8640849845854053,2.661151703255279,2.0861806523415285,4.670301808373217,2.010929625140518,1.4744751821574698
2.0861806523415285,4.670301808373217,2.010929625140518,2.227877652024465,5.997563557575524,1.2071197846783865,1.3512927110323276
2.227877652024465,5.997563557575524,1.2071197846783865,3.293021412936886,7.76515853751683,1.3574093480677227,2.067474598221985
3.293021412936886,7.76515853751683,1.3574093480677227,3.2574619673090184,9.583525516228832,0.8314822673470499,1.8637158706229284
3.2574619673090184,9.583525516228832,0.8314822673470499,7.277015357597338,9.590254005061102,6.175742238121618,4.0692065291104855
7.277015357597338,9.590254005061102,6.175742238121618,10.87423284735947,8.90872669552247,5.633120111562064,3.66980809349736
10.87423284735947,8.90872669552247,5.633120111562064,11.745617538034452,6.934840871252236,4.464521952834745,2.1926803117498777
11.745617538034452,6.934840871252236,4.464521952834745,9.886750723191748,5.240481594440188,4.580051660803236,2.56992810110356
9.886750723191748,5.240481594440188,4.580051660803236,11.34128688730436,3.213308253620016,5.705832056281985,2.536686842250029
11.34128688730436,3.213308253620016,5.705832056281985,13.95943510301684,2.4532285290724687,5.612671829079449,2.7339260256880524
13.95943510301684,2.4532285290724687,5.612671829079449,14.639984035695841,0.6719120431291074,4.0951878722244714,2.004083798332024
14.639984035695841,0.6719120431291074,4.0951878722244714,8.858628240430725,1.279616846704688,2.847916604825605,5.9128840885588385
