x1,y1,theta1,x2,y2,theta,length
13.655573206959136,1.7219530726347032,3.9269908169872414,11.38984984040302,0.8682580170334377,3.141592653589794,2.4263348209164075
11.20086867063634,0.9024152146022159,2.4264057692134795,9.276563551705609,2.5738436182526696,2.4264057692134795,2.548847406039153
9.194397384410797,2.5838330620408545,3.141592653589793,6.447501659895935,1.2390826630610756,3.141592653589793,3.0666356827612518
6.397574536521286,1.2900324007991317,2.356194490192345,7.963579051726244,4.640280875361971,1.5707963267948966,3.777578451977093
7.961783369227233,4.742462361695945,2.0994355701753893,6.655262121247348,6.963060110383368,2.356194490192344,2.5771316885086097
6.552217773186679,7.023174084724781,3.127531746280775,0.4587556609425646,7.03312551273909,3.92699081698724,6.113619665617752
0.43108265225934467,6.965020542002771,4.71238898038469,2.9060088063289182,4.609466243343802,6.283185307179582,3.4559743379667736
2.972523934703892,4.631732411165019,0.7853981633974483,3.7850413110716876,9.175942223476913,1.403895848021584,4.625717664629267
3.8893026379517885,9.281144207225111,0.7853981633974483,5.35965807419128,9.58426017989632,-4.440892098500626e-16,1.5101975525328588
5.636850624560302,9.57590171438997,-0.2361717501783282,9.42423734439631,8.66441797334016,-0.23617175017832814,3.895523170998771
9.529936556039045,8.574233262395571,5.497787143782138,11.07226058513806,4.965289639136705,5.49778714378214,3.929463297332917
11.167595773906537,4.9448936910446974,6.283185307179586,15.71969006512937,9.041964639107466,6.283185307179589,6.1576926970844745
15.755971623446802,9.019680129634116,5.497787143782138,13.789260269246789,1.8655900003080061,4.426554422562006,7.466715655737101
