x1,y1,theta1,x2,y2,theta,length
12.481987132543091,5.985029590759482,1.3529710549151353,13.307265113790526,8.028215540188425,2.172116795646069,2.2958046204626896
13.306951989444718,8.028604951308521,2.1843886419491527,10.11654456389452,7.383763781361337,3.35328200231801,3.3916003817549294
10.115065301031665,7.383264329726531,3.3507011866601424,9.835624955532877,7.404239676731067,2.7826411492245526,0.2840300187177949
9.834621292075946,7.404596162084344,2.779573187648782,8.769016193435435,8.760615241302197,2.7673013413456973,1.7583988705780744
8.768310078584339,8.760891389991384,2.770369302921468,3.296459058754452,7.159923942812116,4.147884050442776,5.7548159431705574
3.2959570693323603,7.159127641819979,4.150952012018545,4.083707421024132,2.1128406677976623,5.424156065963628,5.151672866010276
4.084755903256799,2.111770164772437,5.436427912266712,7.614667822024973,1.4316568101635234,6.706564004636023,3.636831787717679
7.616274756340705,1.4323641494636243,0.4295146206079795,9.114587384095222,3.379576342222764,0.18407769454627698,2.5072837646685464
9.116186772042711,3.3799656250265278,0.1718058482431918,12.595567775341424,1.7265791880552883,0.4908738521234066,3.9502318560384975
12.597262457206973,1.7276503885134342,0.5890486225480862,12.48158592558951,5.9831902798000085,1.356039016490906,4.347953035538065
