TIME,LB,UB,OPEN,GAP,TREE
0.02325296401977539,0.0,22.339719203960414,1,100.0,1
0.023287057876586914,17.312194961221948,22.339719203960414,1,22.504867661215634,1
0.14414405822753906,17.312194961221948,22.33971920389698,1,22.504867660995583,4
0.14418601989746094,17.312194961221948,22.33971920389698,2,22.504867660995583,4
0.18450212478637695,18.624554240079206,22.33971917744364,1,16.630311723504686,5
0.32569313049316406,18.624554240079206,22.33971917744364,5,16.630311723504686,8
0.5940890312194824,18.624554240079206,22.33971917744364,8,16.630311723504686,13
0.6921470165252686,18.624554240079206,22.33971917744364,8,16.630311723504686,13
0.867854118347168,19.38915484639716,22.33971917744364,8,13.207705556234819,13
0.9617919921875,19.83117148452707,22.33971917744364,8,11.229092330979014,13
1.2211520671844482,19.90133243949214,22.33971917744364,8,10.915028602568707,13
1.3847360610961914,20.648202890513396,22.33971917744364,7,7.571788496957316,13
2.043761968612671,21.00440316692038,22.339719158208986,6,5.977317717523451,13
2.0438060760498047,21.00440316692038,22.339719158208986,7,5.977317717523451,13
2.157806158065796,21.09309134370603,22.339719158208986,6,5.580319992719649,13
2.782135009765625,21.473156782860812,22.339719158208986,5,3.8790209008950125,13
3.0806751251220703,21.642853807933783,22.339719158208986,4,3.1194006752727335,13
4.888453006744385,21.645832921472714,22.33971910303627,3,3.106064934671662,13
4.88850212097168,21.645832921472714,22.33971910303627,4,3.106064934671662,13
10.453875064849854,21.987661330811758,22.339719079581727,3,1.5759273763283181,13
10.453926086425781,21.987661330811758,22.339719079581727,4,1.5759273763283181,13
10.601500988006592,22.015239767947026,22.339719079581727,3,1.452477134912906,13
28.385905027389526,22.161730294570724,22.339719078126333,2,0.7967368924074092,13
28.385959148406982,22.161730294570724,22.339719078126333,3,0.7967368924074092,13
89.58813500404358,22.250481018488163,22.33971907342071,2,0.39945916347140076,13
89.58818912506104,22.250481018488163,22.33971907342071,3,0.39945916347140076,13
406.97444796562195,22.294980739548397,22.339719073009416,2,0.20026363498488095,13
406.97454810142517,22.294980739548397,22.339719073009416,3,0.20026363498488095,13
407.0984971523285,22.311511076860473,22.339719073009416,2,0.12626835662863617,13
2295.890851020813,22.317329109154738,22.33971907293571,1,0.10022491199586679,13
2295.8909220695496,22.317329109154738,22.33971907293571,2,0.10022491199586679,13
