x1,y1,theta1,x2,y2,theta,length
9.06942524669007,3.0063680847645986,2.9989324403164277,7.6961977567239845,2.745858813147934,3.2336315008629315,1.405657848013887
7.695149563103396,2.7457620252003916,3.2320975200750457,5.425426946111128,3.3229497777859427,2.103087660191214,2.449692694833288
5.424912509759867,3.323823726842434,2.1015536794033283,7.699913230721231,8.547985242671086,0.37735927381986833,5.910313203468364
7.700966472309575,8.548401003520333,0.37582529303198203,12.417125245691775,6.718805343055865,-1.0630486860047494,5.180188885417327
12.41777533312536,6.717635897038253,5.218602640386951,11.401266197146025,2.2037653561438586,3.569573293409887,4.817559304817648
11.40029062654806,2.203321328989567,3.568039312622002,9.070284402535641,3.0062433215612234,2.997398459528543,2.565106511399545
