x1,y1,theta1,x2,y2,theta,length
9.070353568288326,3.006416123315569,2.99741106961567,7.695102434438913,2.745673153300136,3.233701253246244,1.4077922382684673
7.695102434438913,2.745673153300136,3.233701253246244,5.424312923502682,3.3233800142546994,2.102686111758088,2.450987276277228
5.424312923502682,3.3233800142546994,2.102686111758088,7.699686734720944,8.54846846440599,0.37600110660997327,5.912172526862669
7.699686734720944,8.54846846440599,0.37600110660997327,12.418152503191067,6.718079269239693,5.2197823308686635,5.182753198028082
12.418152503191067,6.718079269239693,5.2197823308686635,11.401369902910997,2.202959266256814,3.5685671250017257,4.819536960783509
11.401369902910997,2.202959266256814,3.5685671250017257,9.070353568288326,3.006416123315569,2.99741106961567,2.566476872715758
