x1,y1,theta1,x2,y2,theta,length
6.875981236197632,1.8366166754611468,2.919165439346375,0.43833308953495265,0.8933227318951209,2.173650776433953,6.626954991386667
0.4381628191009048,0.8935706471524543,2.1721167956460676,2.195493528831174,4.214451272772873,0.8498253564886458,3.8695039505909867
2.19599444487946,4.215019691021216,0.8482913757007595,8.204756191972306,9.149853475871122,0.28225246497095346,7.78138822686142
8.20543175109397,9.150048877784767,0.2807184841830723,12.426491551891086,8.364016919414393,-1.2394564766115963,4.400065410400012
12.426602455930063,8.363694657351546,5.0421948497801035,11.685758869986325,7.218813817139315,3.9177869322599275,1.4420288872545197
11.68521149617182,7.218276689102311,3.9162529514720417,9.737929851565614,5.2356655726418735,4.529845266626299,2.797583782416019
9.737817487258699,5.235055477277584,4.5313792474141845,10.642012472164975,2.9555552710293322,4.6096122675963525,2.4802612855824284
10.641945371773934,2.954904553158447,4.608078286808467,8.783142531075873,0.6381208499899564,3.279650924499501,3.0213793612242625
8.78260345042879,0.6380466844502221,3.2781169437116153,6.876663547610144,1.836461785428646,2.9176314585584886,2.288267560299317
