x1,y1,theta1,x2,y2,theta,length
6.876366894770322,1.8366900849662449,2.9184189320061065,0.43801695761063214,0.8931601799116109,2.172673088336538,6.628019214934449
0.43801695761063214,0.8931601799116109,2.172673088336538,2.195498355738519,4.214546684802122,0.8484501694927042,3.87018907346279
2.195498355738519,4.214546684802122,0.8484501694927042,8.205078462928801,9.150105872935743,0.2815416229804927,7.782511667253291
8.205078462928801,9.150105872935743,0.2815416229804927,12.426941826268003,8.363763392235908,5.043393703127097,4.401029529414193
12.426941826268003,8.363763392235908,5.043393703127097,11.685452594972496,7.218504949035086,3.9171222824637026,1.4430840410615096
11.685452594972496,7.218504949035086,3.9171222824637026,9.73762304445111,5.23524380739733,4.530291764777951,2.7984714476732555
9.73762304445111,5.23524380739733,4.530291764777951,10.642134558029344,2.9547902880730614,4.609688278386408,2.48135600283591
10.642134558029344,2.9547902880730614,4.609688278386408,8.783193959998245,0.6378553489321925,3.2783102512703963,3.0218956958567826
8.783193959998245,0.6378553489321925,3.2783102512703963,6.876366894770322,1.8366900849662449,2.9184189320061065,2.28929128798105
