x1,y1,theta1,x2,y2,theta,length
9.223169850981838,2.502931430877688,3.01580622898317,7.783429713756622,2.0621636796685143,3.2428353855902463,1.5264988322901836
7.779786587679043,2.0617926543117746,3.2397674240144743,4.844739306719338,2.854614507575203,2.362330413343887,3.0715844627925186
4.842214792909512,2.857123882856216,2.359262451768116,3.965679627889309,6.85172255610739,1.0952622825503466,4.175060778394886
3.9668930577568893,6.854078630498766,1.0921943209745764,10.10086674879287,9.025801222035382,-0.6657476619423663,6.741087702736465
10.101985421402976,9.024909798555449,5.614369683661447,10.58985104367911,7.4915594629463556,5.218602640386951,1.6728909176522926
10.590944649991215,7.489098830513692,5.221670601962723,10.641277159618834,7.408263628474221,5.316931043014497,0.09526044105177434
10.643629372668418,7.407017083251083,5.3198453723874035,13.498878745585461,5.719856474232176,5.089748254204558,3.3968957537759383
13.499787506753561,5.7175420683663525,5.086680292628786,11.428621105732025,1.3836699376214052,3.3686218101968675,5.008666367466179
11.426852857013786,1.3832667990773837,3.3655538486210967,9.22578347639092,2.502593121673325,3.0127382674073986,2.561091769407835
