x1,y1,theta1,x2,y2,theta,length
9.223671059551982,2.5037083757570575,3.0133678463485536,7.781674526685229,2.0613444045187364,3.2443679259202716,1.5295127030957285
7.781674526685229,2.0613444045187364,3.2443679259202716,4.84414866079214,2.8536738077631734,2.3593075246848056,3.0745771040294314
4.84414866079214,2.8536738077631734,2.3593075246848056,3.9663446942387104,6.8555252910106,1.0957898804171111,4.1822846004168515
3.9663446942387104,6.8555252910106,1.0957898804171111,10.096617596283357,9.03077252935776,5.6116491025872195,6.7427393417593375
10.096617596283357,9.03077252935776,5.6116491025872195,10.585736530731774,7.49691956216513,5.224697421241103,1.6731089116314772
10.585736530731774,7.49691956216513,5.224697421241103,10.640085111664387,7.410850538510833,5.326523674168996,0.10182625292789282
10.640085111664387,7.410850538510833,5.326523674168996,13.499787858306401,5.721049792159565,5.086479965566336,3.4019757833919035
13.499787858306401,5.721049792159565,5.086479965566336,11.426471103373837,1.3819641811105565,3.365630296388057,5.015415095129272
11.426471103373837,1.3819641811105565,3.365630296388057,9.223671059551982,2.5037083757570575,3.0133678463485536,2.5640979221261224
