x1,y1,theta1,x2,y2,theta,length
14.991497695881595,9.5628843613133,3.920854893835699,12.82068921158238,7.705804479548208,3.8717675086233587,2.8568054369300895
12.820197501266543,7.705364103461993,3.8733014894112445,7.646589202854107,2.442468818355075,5.049864753719532,7.493990305042424
7.646644290644796,2.44231172908126,5.051398734507417,8.62372075888873,2.068868244664992,6.290855211119014,1.1229986261316798
8.624707112015404,2.0688762348348204,0.009203884727313847,13.356866028581372,2.609761184864356,0.7056311624273955,4.7808038955063905
13.357511242551183,2.6103120421881787,0.7071651432152806,14.594709466577129,7.016416390247754,1.1642914180052046,4.594446855226098
14.59508814383908,7.017294358859976,1.1627574372173162,15.751483587948798,9.731427497292238,2.501922665041482,3.1612691741223737
15.751451865275307,9.731451106222924,2.5034566458293668,14.991965717555958,9.56334739686911,3.922388874623586,0.8733443013850825
