x1,y1,theta1,x2,y2,theta,length
14.99139659928179,9.56275032145561,3.9227746475110945,12.82025091743847,7.70542196879152,3.8719498224838484,2.857225790451486
12.82025091743847,7.70542196879152,3.8719498224838484,7.646474371377881,2.4422279061457868,5.050236357228147,7.494428341850137
7.646474371377881,2.4422279061457868,5.050236357228147,8.624089195906505,2.0688282795148347,0.008630578792477245,1.123879542341709
8.624089195906505,2.0688282795148347,0.008630578792477245,13.35725503847274,2.609702580047226,0.7066444285904443,4.781897962748735
13.35725503847274,2.609702580047226,0.7066444285904443,14.594821511245073,7.0168637228832695,1.1634880188048544,4.595614059978948
14.594821511245073,7.0168637228832695,1.1634880188048544,15.751656893484016,9.731613478152614,2.502834690724699,3.1624504725288207
15.751656893484016,9.731613478152614,2.502834690724699,14.99139659928179,9.56275032145561,3.9227746475110945,0.8747115927815566
