x1,y1,theta1,x2,y2,theta,length
12.587528543421113,8.820536222409673,2.451301299041255,4.898948621358459,8.444789105554568,3.236699462438703,7.768092936275635
4.895895191565346,8.444492683433747,3.2397674240144743,2.4312604858911593,7.969549224538894,3.9055150859568433,2.5475014730015655
2.42951187811292,7.967867035393448,3.9085830475326135,1.7914658663944563,1.628542857936799,5.614369683661448,6.592691660552582
1.7904706022782537,1.6257035438739953,5.617437645237219,1.8373371643290897,1.5910562424819767,5.675728915176872,0.05829126993965339
1.8379192747701576,1.5904557000653754,5.678796876752644,7.656217713493057,4.033331477742982,6.494874655907805,6.492676739860757
7.6591018557182995,4.03394571214288,0.2086213871524472,11.293683953502448,3.997452137763691,0.536893275759974,3.668399472518036
11.295841879258662,3.9987448989038716,0.5399612373357456,12.985916913439722,7.409252583831756,1.4081943632790188,3.8433624292245088
12.986388489201868,7.412178285512455,1.41126232485479,12.589212947762078,8.819142052090836,2.448233337465484,1.5184728810279793
