x1,y1,theta1,x2,y2,theta,length
12.588924829318913,8.82077592474792,2.449595526268754,4.897205174207321,8.444635243728978,3.2380174147493577,7.771744824847605
4.897205174207321,8.444635243728978,3.2380174147493577,2.4301785770526942,7.969809162283204,3.9076628053476066,2.550315551746989
2.4301785770526942,7.969809162283204,3.9076628053476066,1.788283592636757,1.6262756894904369,5.605973270840896,6.593436223891738
1.788283592636757,1.6262756894904369,5.605973270840896,1.8416096293247572,1.5862409825694348,5.672660953601101,0.06668768276020476
1.8416096293247572,1.5862409825694348,5.672660953601101,7.657905141751128,4.034122636777865,0.2104957997698921,6.496656085623253
7.657905141751128,4.034122636777865,0.2104957997698921,11.294545210481814,3.99694664657017,0.5392061541808955,3.6709878995329106
11.294545210481814,3.99694664657017,0.5392061541808955,12.986470666951025,7.410203981423319,1.4101816971260166,3.8468313837388353
12.986470666951025,7.410203981423319,1.4101816971260166,12.588924829318913,8.82077592474792,2.449595526268754,1.5225274968949836
