x1,y1,theta1,x2,y2,theta,length
6.916539707817821,1.3264388569482894,3.074097498922825,0.9042034379068729,1.0911376465291012,2.070874063645615,6.263093041167277
0.9037030880688207,1.0920533113526838,2.067806102069844,2.3888741534110616,3.7219943053334874,0.6074563920027141,3.2378522689825586
2.391322750760186,3.7236914726304535,0.6043884304269426,8.7555687768,6.197587411723202,0.5092816215780338,6.830828810026521
8.75821766002381,6.199070170823476,0.5123495831538042,12.216860746167477,7.793716341263526,-0.7485826244881916,4.132277218157283
12.217224776651372,7.793375832943083,5.531534721115623,10.429999440166233,3.6086500590233617,-2.1596234991738856,4.893786560418569
10.428295395595198,3.6060988606934816,-2.159734862122301,8.51097329245335,1.0837791988208132,3.4913402732277175,3.203679637309415
8.508650505609051,1.0829397156109328,3.4882723116519476,6.919526447054899,1.3262366700945483,3.071029537347054,1.636248478323137
