x1,y1,theta1,x2,y2,theta,length
6.919446554234664,1.3265763748256802,3.073957507430321,0.90346447258377,1.089486491934907,2.0707916625553215,6.2670268963874065
0.90346447258377,1.089486491934907,2.0707916625553215,2.389793718725508,3.723075823235264,0.6058045350502946,3.2433665604165256
2.389793718725508,3.723075823235264,0.6058045350502946,8.756869458490325,6.198062268263517,0.5109665466977322,6.833919699739496
8.756869458490325,6.198062268263517,0.5109665466977322,12.217355605053074,7.795322487071898,5.532082622039272,4.137453817275583
12.217355605053074,7.795322487071898,5.532082622039272,10.433064043774376,3.6113069703455936,4.123986069286182,4.892026094343896
10.433064043774376,3.6113069703455936,4.123986069286182,8.51136035414464,1.0829537941985348,3.4884875999526317,3.211684540225167
8.51136035414464,1.0829537941985348,3.4884875999526317,6.919446554234664,1.3265763748256802,3.073957507430321,1.639127742335669
