TIME,LB,UB,OPEN,GAP,TREE
0.03560900688171387,0.0,29.892305509794372,1,100.0,1
0.03563714027404785,27.178773701475492,29.892305509794372,1,9.077693279395184,1
0.1687610149383545,27.178773701475492,29.892305509794372,3,9.077693279395184,4
0.38874197006225586,27.178773701475492,29.892305509794372,4,9.077693279395184,8
0.4784879684448242,27.178773701475492,29.892305509794372,4,9.077693279395184,8
0.7702040672302246,27.678074988978665,29.892305509794372,4,7.40735946275607,8
0.9865090847015381,27.977659013273254,29.892305509794372,4,6.405148294412336,8
1.1053509712219238,28.110158454969934,29.892305509794372,3,5.961892281077177,8
1.9636201858520508,28.718104700379307,29.892305509794372,3,3.9281038695069284,8
4.162909030914307,29.287045158080044,29.892305509794372,3,2.024803177245768,8
11.634287118911743,29.585507228087216,29.892305509794372,3,1.0263453302610999,8
12.729140043258667,29.719606307274,29.892305509794372,2,0.5777379816481125,8
34.46749520301819,29.73751938563168,29.892305509794372,2,0.5178125993392431,8
113.20215010643005,29.814598471519766,29.892305509794372,2,0.25995665757245007,8
462.18110609054565,29.853395364130233,29.892305496924838,1,0.13016772091603293,8
462.18116998672485,29.853395364130233,29.892305496924838,2,0.13016772091603293,8
2436.87273812294,29.872831292912,29.89230549452555,1,0.06514787431540832,8
2436.8728079795837,29.872831292912,29.89230549452555,2,0.06514787431540832,8
