x1,y1,theta1,x2,y2,theta,length
7.6602332225898015,7.966447721813996,2.7811071684366677,1.2951435633726462,9.427327431345198,4.166291819897402,6.873991290167811
1.2949883687302801,9.427071644587372,4.1678258006852875,9.149339859093526,1.505532634039421,6.292389191906901,11.604147005207286
9.15045960739183,1.5055447424373096,0.010737865515199488,12.550439052955573,4.4508050315191285,1.073786551519949,4.566786857366462
12.551133031352924,4.452089395305895,1.0753205323078343,12.6143459798492,5.781296090830319,2.077009986797158,1.3768588109940605
12.613771507541502,5.782329753266777,2.078543967585044,7.661668203998874,7.965905884960572,2.7795731876487806,5.460781153242202
