x1,y1,theta1,x2,y2,theta,length
7.661141891677601,7.966114100356127,2.7805409521023874,1.2943863295629379,9.427529033909012,4.1669881814309715,6.876300133248274
1.2943863295629379,9.427529033909012,4.1669881814309715,9.150554730887924,1.505022079830459,0.01085548483296558,11.607259547922933
9.150554730887924,1.505022079830459,0.01085548483296558,12.551431512054325,4.452147375058845,1.075165688073017,4.5687590091787875
12.551431512054325,4.452147375058845,1.075165688073017,12.614505536363064,5.782014012386808,2.077818331461667,1.3776747823401312
12.614505536363064,5.782014012386808,2.077818331461667,7.661141891677601,7.966114100356127,2.7805409521023874,5.462312021835421
