x1,y1,theta1,x2,y2,theta,length
2.9689335494864064,3.719065000380043,4.752272480869717,6.654667936564057,2.033769341410689,6.4457872706954635,4.323913571019492
6.657392320114383,2.0342249762348046,0.16566992509164924,8.02178764510751,2.869182215554191,0.49700977527494783,1.6113794838224134
8.024467550992135,2.87062915662576,0.49394181369917645,11.176431542903149,3.824454982572035,-0.38042723539564,3.3523952423716943
11.1784983182907,3.823621120923922,5.899690110208175,13.303661363743801,1.3510754132069889,6.332272692391927,3.4652742946064263
13.304797355768113,1.3511320577857142,0.0521553467881118,14.446485822421819,2.7217932870406023,1.1075341288534326,1.9278317926446722
14.447844355361951,2.724513733464373,1.1044661672776614,14.77759374707745,3.2918683321467523,1.2486603613389118,0.6584096729913491
14.778526362150453,3.2946698882631384,1.2517283229146834,14.602289169755618,8.402750979794005,2.5126605305566807,5.2509669326093285
14.6009272405867,8.403736095251297,2.515728492132452,2.9688942997592616,3.7200428070896594,4.749204519293944,12.987946782538675
