x1,y1,theta1,x2,y2,theta,length
2.967522324510762,3.718023879003795,4.752333499448666,6.654824025276429,2.0331210402446316,0.16547003059581064,4.325549816349822
6.654824025276429,2.0331210402446316,0.16547003059581064,8.023023948677324,2.870058580310843,0.49545707672095257,1.615660073441382
8.023023948677324,2.870058580310843,0.49545707672095257,11.176689311624672,3.8254852852433237,5.899963303919686,3.3553377862951046
11.176689311624672,3.8254852852433237,5.899963303919686,13.304272429879058,1.3496806022998928,0.05064925610100818,3.470302998627707
13.304272429879058,1.3496806022998928,0.05064925610100818,14.446704729177675,2.722683350291029,1.1084426075573024,1.9312269822969097
14.446704729177675,2.722683350291029,1.1084426075573024,14.778856896802,3.2943483250388206,1.2489169276530196,0.6633697414160855
14.778856896802,3.2943483250388206,1.2489169276530196,14.603085923720572,8.403756174734614,2.5150911881157803,5.25351506911483
14.603085923720572,8.403756174734614,2.5150911881157803,2.967522324510762,3.718023879003795,4.752333499448666,12.994386566189906
