TIME,LB,UB,OPEN,GAP,TREE
0.027846097946166992,0.0,19.69576860265975,1,100.0,1
0.027878999710083008,16.96224810339346,19.69576860265975,1,13.878719609333507,1
0.10696220397949219,16.96224810339346,19.69576860265975,2,13.878719609333507,1
0.35117101669311523,18.100700114738103,19.695754869888674,1,8.098469775276943,1
0.35120511054992676,18.100700114738103,19.695754869888674,2,8.098469775276943,1
1.2348570823669434,18.82043219423829,19.695754869888674,2,4.444219992748781,1
4.209648132324219,19.241192416652304,19.695754869888674,2,2.307920951693585,1
14.41591501235962,19.467836449593126,19.695754869888674,2,1.1571956586644738,1
48.06858801841736,19.579808812530242,19.695754869888674,2,0.5886855219532251,1
181.85195207595825,19.63637588161735,19.695754869796147,1,0.30148114947274857,1
181.85203099250793,19.63637588161735,19.695754869796147,2,0.30148114947274857,1
737.3395490646362,19.66613012570165,19.69575486977754,1,0.1504118236227173,1
737.3396182060242,19.66613012570165,19.69575486977754,2,0.1504118236227173,1
4012.3679411411285,19.678639584520575,19.695754869767676,1,0.0868983461678457,1
4012.3680481910706,19.678639584520575,19.695754869767676,2,0.0868983461678457,1
4012.3680720329285,19.678639584520575,19.695754869767676,2,0.0868983461678457,1
