x1,y1,theta1,x2,y2,theta,length
12.115991292501961,5.045870589529249,4.448544284868358,3.4851059303088556,5.141814344921686,1.7426021750380891,9.386158183561944
3.4851038986605927,5.141894684082677,1.718058482431918,10.705756445567596,6.580443699958694,-0.19634954084936207,7.9588016395858086
10.708679449295037,6.579876060994515,6.080699843178682,12.116277139591535,5.047160930694424,4.4546802080199015,2.3336797613728195
