x1,y1,theta1,x2,y2,theta,length
12.105472188306472,4.9972351728752455,4.465296369665661,3.487731312725768,5.086507663161179,1.618101686107832,9.497304077184403
3.487731312725768,5.086507663161179,1.618101686107832,10.701548849953301,6.5817633340521,6.067157785407996,7.8531873559985526
10.701548849953301,6.5817633340521,6.067157785407996,12.105472188306472,4.9972351728752455,4.465296369665661,2.3452634365847214
