TIME,LB,UB,OPEN,GAP,TREE
0.01844000816345215,0.0,30.328105587494676,1,100.0,1
0.018468141555786133,25.00922585374156,30.328105587494676,1,17.537790873249502,1
0.10489106178283691,25.00922585374156,30.328105564558552,1,17.537790810886115,4
0.10492801666259766,25.00922585374156,30.328105564558552,2,17.537790810886115,4
0.1798110008239746,26.038308584635764,28.4810108378708,2,8.576599570640976,6
0.24884414672851562,26.038308584635764,28.4810108378708,3,8.576599570640976,8
0.37836599349975586,26.038308584635764,27.34344634030309,3,4.773128227598752,11
0.4687461853027344,26.038308584635764,27.34344634030309,4,4.773128227598752,13
0.5514681339263916,26.038308584635764,27.343233041622145,3,4.772385383250078,13
0.5514950752258301,26.038308584635764,27.343233041622145,4,4.772385383250078,13
0.6482892036437988,26.038308584635764,27.343233041622145,4,4.772385383250078,13
0.9279420375823975,26.21172516610706,27.343231085209744,3,4.138157321556377,13
0.9279701709747314,26.21172516610706,27.343231085209744,4,4.138157321556377,13
1.219360113143921,26.27614454280488,27.343231085209744,4,3.9025619872044475,13
1.2943320274353027,26.696789156381193,27.343231085209744,3,2.364175348604719,13
1.989199161529541,26.75378331879913,27.343231047880106,2,2.1557354653837666,13
1.989243984222412,26.75378331879913,27.343231047880106,3,2.1557354653837666,13
2.7785801887512207,26.790262265836226,27.343231047880106,3,2.022324212802756,13
4.939719200134277,27.036781554967845,27.343230363797126,2,1.1207483708107278,13
4.939764022827148,27.036781554967845,27.343230363797126,3,1.1207483708107278,13
7.422375202178955,27.08882026242889,27.343230363797126,3,0.9304317667786597,13
14.454413175582886,27.186455713651878,27.343230363797126,3,0.5733581879660438,13
22.036134004592896,27.24078460510443,27.343230363797126,3,0.37466589473764406,13
48.50846004486084,27.264307417482787,27.343229918277455,2,0.288636349950424,13
48.508541107177734,27.264307417482787,27.343229918277455,3,0.288636349950424,13
154.5221722126007,27.30355097214442,27.343229918277455,3,0.14511433452311487,13
184.2444941997528,27.320210502251225,27.343229918277455,2,0.0841868941417298,13
667.1951761245728,27.323351988508684,27.343229874446923,1,0.0726976514095573,13
667.1952481269836,27.323351988508684,27.343229874446923,2,0.0726976514095573,13
3386.372323036194,27.33328038044376,27.343229874446923,2,0.036387413077562894,13
