x1,y1,theta1,x2,y2,theta,length
13.16981340807627,0.6130175793828884,3.7551849687440493,7.234880642012959,1.311748531669918,2.1399031991004684,6.063331184819817
7.234626895562628,1.3121462022163541,2.1383692183125835,7.823398960692848,3.5126589897427376,0.8636311835796169,2.3348862284405336
7.823736107718703,3.5130521171030784,0.8620972027917303,8.226074143583995,3.8335900111063035,0.9848156658225827,0.5200893375743114
8.226577168557514,3.8343497023680717,0.9863496466104673,8.56794597288527,6.418210672591098,0.9510680884890967,2.626351913837336
8.568223848602033,6.418600062088985,0.9495341077012118,15.015904950762316,9.006826360531718,-0.6964272777000795,7.0640601090509145
15.016046672663796,9.006707770059855,5.585224048691621,13.170115016600779,0.6132306385586943,3.756718949531934,8.729533525626907
