x1,y1,theta1,x2,y2,theta,length
13.169898021486556,0.6128786217430351,3.7565624720959803,7.234593532701023,1.3116505425274345,2.1388026434085483,6.064082845496317
7.234593532701023,1.3116505425274345,2.1388026434085483,7.823635323932901,3.5130935111367205,0.8619485817428227,2.335994979392944
7.823635323932901,3.5130935111367205,0.8619485817428227,8.226939847064266,3.834442855815146,0.9860350565584547,0.5213921992328989
8.226939847064266,3.834442855815146,0.9860350565584547,8.568121885196494,6.418703449887313,0.9510275819439865,2.626757777025058
8.568121885196494,6.418703449887313,0.9510275819439865,15.016166676313377,9.00684878423314,5.58633913401066,7.064582866080587
15.016166676313377,9.00684878423314,5.58633913401066,13.169898021486556,0.6128786217430351,3.7565624720959803,8.730419207219114
