x1,y1,theta1,x2,y2,theta,length
7.3465698269164506,0.8223791431076442,2.356194490192345,5.108430173083549,5.636620856892357,2.356194490192348,5.312714530861823
5.02883453604314,5.636601916654479,3.141592653589793,3.7673887686602234,3.2663980833455217,3.926990816987243,2.740112012467037
3.6432910182360163,3.2245872829261826,3.141592653589793,0.7477089817639836,4.755189412370454,2.356194490192345,3.2811275753288367
0.7330783133178711,4.865933917848729,1.5707963267948966,2.8829216866821286,7.10406608215127,1.5707963267948983,3.143198831552299
2.8836472616554962,7.2359202181921844,2.356194490192345,1.6263527383445038,8.551303086511178,1.5707963267948966,1.8390457178012525
1.6524069955266727,8.62876376620017,0.7853981633974483,10.09759300447333,9.578459538503191,-0.7853981633974607,8.539872854874957
10.16748529568239,9.497299251838815,4.71238898038469,9.008514704317612,4.726700748161184,5.497787143782139,4.954082187902476
9.058424349290382,4.693739097816222,6.283185307179586,11.92457565070962,6.82326090218378,6.283185307179588,3.593462719388682
12.007097015247423,6.787234074115289,5.497787143782138,12.316902984752579,4.371765925884711,5.497787143782138,2.461034362166484
12.391620156301038,4.344453000686476,6.283185307179586,14.396379843698965,6.162546999313523,6.283185307179585,2.7423559331870897
14.473322535314926,6.135434912336096,5.497787143782138,14.945900769388436,2.044565087663905,4.712388980384691,4.130763014931255
14.861059977961038,1.934797461525601,3.9269908169872414,7.480940022038961,0.7499792337710358,3.141592653589796,7.484956911489595
