x1,y1,theta1,x2,y2,theta,length
4.800384342186726,1.9713914323096635,0.3834951969714103,6.546761843769201,2.7373262622941184,0.015339807878853917,1.9096725283836007
6.547465044925451,2.7373359181327235,0.01227184630308513,11.6054844220043,0.6795274759462452,0.14726215563702066,5.469742618894747
11.606132586771444,0.6796249580515846,0.15033011721279282,12.629239238578823,1.5497675127612922,1.3314953238847347,1.360189718504793
12.629383184232685,1.5503659178502962,1.3345632854605078,12.056126650610576,3.106733140946275,1.4450099021882754,1.6732425237344102
12.056209875963741,3.1073898909236073,1.4419419406125027,14.337206228921984,6.182280131361118,1.4266021327336464,3.8394924560121835
14.33730092612664,6.182941559151816,1.4296700943094176,13.86686145286906,7.4806228149005465,1.9418248863134724,1.3854741546869513
13.866583344620073,7.4813376083004,1.9418736658253695,13.081623736462127,9.387106742155177,2.5187964537082195,2.0685678283956763
13.081101557106786,9.38748117035196,2.5218644152839946,10.74292062487206,9.522147158951082,3.374757733348411,2.350545910333904
10.742203734922294,9.521975345370171,3.377825694924182,9.46685730144166,8.671766934869469,4.687845287778516,1.5729084926693448
9.466848372918381,8.671374262374144,4.69091324935429,10.019604323117122,8.117085579375825,5.052932715295302,0.8184743828753169
10.019804399457064,8.116519124333362,5.049864753719532,9.69309513552046,7.0019139761292015,4.344233591292136,1.172452361792165
9.692817322076522,7.001199712181926,4.3411656297163645,8.623467741826014,4.712840648980769,3.549631543167374,2.5422331226494803
8.622954511551264,4.712620678215975,3.5465635815916023,7.697096872312562,4.97865324568267,2.791141380334994,0.9783733247594438
7.696376524160811,4.978916631974826,2.7909693524129615,5.165439293946429,5.908448259574706,2.6200391857086753,2.6964383068582025
5.164784967564132,5.908826024769008,2.6169712241329037,1.8546748584915993,8.469543383555015,3.629398544137424,4.246682583402301
1.8544205690655664,8.469408008186399,3.6324665057131984,2.2304922139773167,3.3043062115517596,4.574330709474978,5.241281714830761
2.2303896018025355,3.303568752868108,4.571262747899211,1.4499788241189442,0.939587382153535,5.47631141275174,2.543797527281347
1.4501978034492886,0.9393594452895017,5.47937937432751,4.799673377171624,1.9711054703826767,6.663612542575226,3.5602084557939815
