x1,y1,theta1,x2,y2,theta,length
6.547094875889628,2.737483597858472,0.013740031166607403,11.605785582939717,0.6793716908671661,0.14900840359917725,5.4705726969473245
11.605785582939717,0.6793716908671661,0.14900840359917725,12.629452564585769,1.5496786476236932,1.3344061124502808,1.3609163645414153
12.629452564585769,1.5496786476236932,1.3344061124502808,12.056010295790074,3.1073515441592545,1.4445473027878952,1.6745399459207257
12.056010295790074,3.1073515441592545,1.4445473027878952,14.33742616791481,6.1824899990559805,1.4285167208323302,3.840095103009948
14.33742616791481,6.1824899990559805,1.4285167208323302,13.081331892158005,9.387573223872085,2.519579385532325,3.455884580537512
13.081331892158005,9.387573223872085,2.519579385532325,10.742637413765715,9.52218780101793,-2.9064830207713293,2.35116773120793
10.742637413765715,9.52218780101793,-2.9064830207713293,9.466525966762633,8.671672039376189,4.689755242240071,1.5739692441919342
9.466525966762633,8.671672039376189,4.689755242240071,10.01997912593223,8.116739332803308,-1.2311828671113993,0.8195987243382681
10.01997912593223,8.116739332803308,-1.2311828671113993,9.693095406001845,7.001874172322703,-1.9418701756677463,1.1728710990758402
9.693095406001845,7.001874172322703,-1.9418701756677463,8.622979257604436,4.712345864180581,-2.736696828854272,2.54382407058675
8.622979257604436,4.712345864180581,-2.736696828854272,7.696722876271966,4.978679996382381,2.790963533957617,0.9788462685757786
7.696722876271966,4.978679996382381,2.790963533957617,5.165195854512194,5.908512970736374,2.6179666392972574,2.6971033648711846
5.165195854512194,5.908512970736374,2.6179666392972574,1.8543504355446563,8.469772979754945,3.630795118169029,4.247816243322626
1.8543504355446563,8.469772979754945,3.630795118169029,2.2304883187083644,3.3036139798678503,-1.7091331337422155,5.242602705662932
2.2304883187083644,3.3036139798678503,-1.7091331337422155,1.449863652019344,0.9392033340226107,5.477689324124261,2.5444980303824307
1.449863652019344,0.9392033340226107,5.477689324124261,4.799904376492616,1.9711814433392496,0.38252304240673163,3.5610672205314255
4.799904376492616,1.9711814433392496,0.38252304240673163,6.547094875889628,2.737483597858472,0.013740031166607403,1.9105979700134583
