x1,y1,theta1,x2,y2,theta,length
6.719256945744098,8.703133940699477,0.12425244381873694,8.127902623778036,9.205498497113075,-0.20555342557667577,1.513213401744629
8.12876500077608,9.205318065638291,6.076097900815024,11.273079310493337,5.8556297272131825,5.161845351235181,4.615689178351005
11.273424501919754,5.854914126420862,5.160311370447297,11.60347941761051,1.7244227009868254,3.591049024440286,4.293771648590935
11.603201427534648,1.7242891086522552,3.5895150436524004,9.575541714748613,3.1956093591645516,3.127786826498823,2.6582589648508077
9.574788267674943,3.195699259366458,3.129320807286708,9.36601437019416,3.1528340413887834,3.55887364994019,0.2147764213267409
9.365465056707505,3.152303231367117,3.5603694086825737,7.696166779388906,1.1365131330054223,3.4775344461367483,2.6420806484025996
7.695533896197519,1.1362924939314571,3.4760004653488625,2.7425074972353367,2.5013666423377536,2.239611950313036,5.1763956448352495
2.7421982799908418,2.5017583221766606,2.2380779695251505,2.609018126319462,9.209028222720974,0.7163690279425914,6.784842390641489
2.6092954395686734,9.209269315899428,0.7148350471547088,6.718268076394469,8.703010513854629,0.1227184630308521,4.1929940188008175
