x1,y1,theta1,x2,y2,theta,length
6.7183474997514026,8.702867388233697,0.12412924903471231,8.1284396269795,9.205711955458312,6.076923251758844,1.5147997618534959
8.1284396269795,9.205711955458312,6.076923251758844,11.273532140321196,5.854961292831332,5.161821524108446,4.617077617070599
11.273532140321196,5.854961292831332,5.161821524108446,11.603236903920807,1.7237262931621757,3.5892630913521795,4.295120264897436
11.603236903920807,1.7237262931621757,3.5892630913521795,9.576115331020668,3.195970124851236,3.1282624479783387,2.6585696032903505
9.576115331020668,3.195970124851236,3.1282624479783387,9.363908679076761,3.1518166940761776,3.565224260775172,0.21848090639841655
9.363908679076761,3.1518166940761776,3.565224260775172,7.695818085268756,1.1361476549232599,3.476983303783021,2.6410003050634336
7.695818085268756,1.1361476549232599,3.476983303783021,2.7421561669292998,2.501514889367786,2.239054709612785,5.177226702718776
2.7421561669292998,2.501514889367786,2.239054709612785,2.6089961994861484,9.209308337879317,0.715558949937939,6.785609541479348
2.6089961994861484,9.209308337879317,0.715558949937939,6.7183474997514026,8.702867388233697,0.12412924903471231,4.193562417559912
