x1,y1,theta1,x2,y2,theta,length
3.055439023115215,3.9239392657098215,4.319689898685965,2.022156454594924,1.8970599096244976,5.105088062083414,2.302884874995327
2.0354244685336402,1.865855310778591,5.497787143782138,6.4885096933739455,0.6904526766873424,6.283185307179589,4.6124127100055565
6.536622449026332,0.7061457767046696,0.39269908169872414,8.51301341258497,3.06441757318916,0.8828364062035501,3.081647986143547
8.559183948739504,3.157183388356951,1.1780972450961724,8.667797950872012,3.8008362092420716,1.9634954084936207,0.6615186895431515
8.627168835728693,3.875169484721604,2.356194490192345,5.700426546519134,5.097216103608045,1.5707963267948957,3.2424320105700684
5.7020222192101695,5.114787693902762,1.1780972450961724,9.602386414835413,5.837121794773115,-2.220446049250313e-15,4.007620627556914
9.67293768117778,5.812216078745714,5.890486225480862,13.148424910469958,2.065068592309386,5.890486225480858,5.1175751611393965
13.239871681300997,2.0582844105631963,6.283185307179586,14.076274225444816,2.7064148020420413,7.46128255227576,1.0757978748239174
14.108046967192879,2.808730650336639,1.5707963267948966,12.234128401292466,8.921823582176795,2.7488935718910703,6.422848661967056
12.202764974084554,8.933004957438667,3.141592653589793,10.314731286173883,7.743712776916946,3.1415926535897967,2.247467147882633
10.256479367516667,7.756517963030416,2.748893571891069,9.585084960422932,8.77302977589311,2.356194490192346,1.2282861003666379
9.48210269148698,8.815279017571617,2.748893571891069,3.6489530908213603,7.3518935386949,3.141592653589794,6.025433176395016
3.554043804128451,7.372331157292468,2.748893571891069,0.6688816598233315,9.523447823874095,3.534291735288516,3.6455661005124718
0.6517013304083897,9.509855546441305,3.9269908169872414,3.0597058311505334,4.051563580787128,4.712388980384684,6.038856183634162
