x1,y1,theta1,x2,y2,theta,length
11.413810247617695,5.2393283745937715,3.859495662320273,9.575769539163614,3.587645126891182,4.64949576808138,2.513747865855933
9.57574307205656,3.5872204113213346,4.651029748869265,11.245605194235774,1.2910528141816042,4.408660784383333,2.9546771040928177
11.245458521556326,1.290599790032814,4.407126803595447,10.808415645599046,0.9424612610958681,3.2213596545598464,0.5928835745178003
10.80784854325538,0.9425027187269353,3.219825673771961,7.752808290622752,1.7835480943524857,3.117048960983623,3.1737069451489277
7.7524080785443745,1.783557714127168,3.1185829417715087,6.056258182771823,1.4188087332224664,3.0572237102560833,1.7385875104556452
6.055541515504037,1.4188702399433752,3.055689729468197,4.3519905149045925,2.1260234868059036,2.7342477687526996,1.8470679567803236
4.351136968633819,2.126391758524131,2.734277112407337,2.9530204560288875,2.769615865795112,2.3485245862529163,1.5432918341989548
2.952283745650049,2.770365677204753,2.346990605465031,0.6710026634309707,8.823096604183931,0.9694758579437248,6.547592215566395
0.6713084967326385,8.823541668288481,0.9679418771558397,7.1533073879954365,8.884317938953254,-0.27765052260730294,6.557458136274696
7.154209016168264,8.88406086928438,6.004000803784399,9.57686207195308,7.492442666031607,5.9963308998449705,2.796304512290029
9.57772548018087,7.492188908095317,5.997864880632855,12.835370074754744,7.047129923874022,5.080544369477245,3.396457068645937
12.835501804848478,7.046786985162534,5.079010388689358,11.414660787551366,5.240071731866246,3.861029643108159,2.401611295223553
