x1,y1,theta1,x2,y2,theta,length
9.575518287325988,3.5874646574470916,4.650303332104451,11.24620234387509,1.2913781830368032,10.691884063996325,2.9553110949293826
11.24620234387509,1.2913781830368032,10.691884063996325,10.806759013696523,0.9423204632981192,3.2170265320322544,0.595836112392242
10.806759013696523,0.9423204632981192,3.2170265320322544,7.752570041099239,1.7836070298665552,3.117669981609373,3.172877646137833
7.752570041099239,1.7836070298665552,3.117669981609373,6.056041276796428,1.4187072274991626,3.056148785278953,1.7390339404869903
6.056041276796428,1.4187072274991626,3.056148785278953,2.9526626816577513,2.7696748421682718,2.347442933081561,3.3922163447509415
2.9526626816577513,2.7696748421682718,2.347442933081561,0.6708237870129112,8.823565162301456,0.9687318266340386,6.549061634346731
0.6708237870129112,8.823565162301456,0.9687318266340386,7.154125897412904,8.884211161458143,-0.2778669111687055,6.558946216455146
7.154125897412904,8.884211161458143,-0.2778669111687055,9.577086527868246,7.492258829297326,-0.2857847162061966,2.7967764196854024
9.577086527868246,7.492258829297326,-0.2857847162061966,12.835736863630935,7.047365946532012,5.079327945141499,3.3978302279385475
12.835736863630935,7.047365946532012,5.079327945141499,11.414503871717109,5.239894070687798,-2.4233695456726907,2.402517108335461
11.414503871717109,5.239894070687798,-2.4233695456726907,9.575518287325988,3.5874646574470916,4.650303332104451,2.5150877176620146
