TIME,LB,UB,OPEN,GAP,TREE
0.025053024291992188,0.0,33.87010660161659,1,100.0,1
0.025089025497436523,32.264693274756425,33.87010660161659,1,4.739912235125771,1
0.09556412696838379,32.264693274756425,33.87010660161559,1,4.739912235122953,3
0.1371011734008789,32.264693274756425,33.87010660161559,2,4.739912235122953,4
0.37368011474609375,32.40874695829946,33.87010660161559,3,4.314600070512984,8
0.6865091323852539,32.4679123094095,33.87010660161559,3,4.13991697368678,13
0.977304220199585,32.772284198606975,33.87010660159394,2,3.241272358249087,17
1.1685152053833008,32.772284198606975,33.87010660159394,3,3.241272358249087,19
1.2805140018463135,32.79810265246985,33.87010660159394,3,3.1650445088166315,19
1.5920751094818115,33.24498770011786,33.8701066015635,2,1.8456360613189866,19
1.5921111106872559,33.24498770011786,33.8701066015635,3,1.8456360613189866,19
1.6971030235290527,33.32545359357271,33.8701066015635,3,1.608064050101474,19
2.551145076751709,33.53449331373911,33.87010660156113,2,0.9908834706961088,19
2.551185131072998,33.53449331373911,33.87010660156113,3,0.9908834706961088,19
2.8972220420837402,33.684678126814774,33.87010660156113,2,0.5474694158116785,19
5.226624011993408,33.69842707437477,33.87010660156092,1,0.5068762528731989,19
5.226664066314697,33.69842707437477,33.87010660156092,2,0.5068762528731989,19
11.652140140533447,33.78247230145305,33.87010660156092,2,0.2587364165657325,19
33.868603229522705,33.82599063920286,33.87010660156092,2,0.13025043846785544,19
113.92073011398315,33.84793337652293,33.87010660156075,1,0.06546547165811518,19
113.92078518867493,33.84793337652293,33.87010660156075,2,0.06546547165811518,19
597.5943710803986,33.85899644725825,33.87010660156075,2,0.032802241909649324,19
