x1,y1,theta1,x2,y2,theta,length
2.571286220808981,9.274130847135542,3.9055150859568424,2.84630565137171,6.6301018815015365,5.089748254204558,2.690912682583636
2.8464747334039364,6.629676543617704,5.09281621578033,6.931680752091854,0.8962588616853868,5.7739036856015495,7.044115535421225
6.932212668556179,0.8959624402927974,5.776971647177325,7.811442607466918,0.831854514639867,6.571573695302087,0.886910742196063
7.8120079745564475,0.8320235638387828,0.29145634969827183,10.898165474477508,3.1488444094370815,1.006291396852983,3.8628018207498234
10.898504415182593,3.1493831697051395,1.009359358428752,11.304704525439808,4.958415061114949,0.8835729338221296,1.8604010406325717
11.304946314968777,4.958708678603315,0.880504972246358,15.276645011837713,6.812277847046542,1.6720390587953537,4.463886058649376
15.276628251373179,6.8124420945208035,1.6751070203711202,2.5716818832242443,9.27450889741036,3.9024471243810734,13.055519168107978
