x1,y1,theta1,x2,y2,theta,length
2.571285958929244,9.274657380530071,3.9042749350563084,2.8463664250217358,6.629799092599932,5.090794220093557,2.691878855401816
2.8463664250217358,6.629799092599932,5.090794220093557,6.931993396430862,0.8959184274076435,5.77482673897493,7.044773347367098
6.931993396430862,0.8959184274076435,5.77482673897493,7.811634447867042,0.8317986463221473,0.29054308616954083,0.8874069833486113
7.811634447867042,0.8317986463221473,0.29054308616954083,10.898271410723755,3.1487849743682697,1.009230622717162,3.8633468718815958
10.898271410723755,3.1487849743682697,1.009230622717162,11.304736103572266,4.958613824123023,0.8819205482560089,1.8612853999157117
11.304736103572266,4.958613824123023,0.8819205482560089,15.276893409060527,6.8125920086435965,1.6724943655491777,4.46458908555947
15.276893409060527,6.8125920086435965,1.6724943655491777,2.571285958929244,9.274657380530071,3.9042749350563084,13.056826058086447
