x1,y1,theta1,x2,y2,theta,length
1.2673594664546803,8.532185399128988,0.45712627478992107,7.885241775488248,8.175454535580606,0.25464081078901935,6.63434307276395
7.885946430092763,8.1756397867023,0.25770877236478773,9.74429311637126,9.311115608914156,-0.03374757733348188,2.1875725723294686
9.744920611124822,9.311092463428983,6.2463697682703305,14.478969133798994,5.580395790515291,4.436272438565274,6.102398824391823
14.478892898793767,5.580128825270733,4.433204476989502,11.116134009841566,5.0947350939490565,3.5741752357735477,3.461696013423188
11.11547873781348,5.09443085413745,3.5772431973493157,9.94603396629652,3.9037125783539737,4.516039439535327,1.6790780925563034
9.945911837370907,3.9030912635075468,4.519107401111098,10.224775408831087,3.1413436829070647,5.040660868992218,0.8187849542774311
10.225020905118923,3.1406195452664565,5.037592907416446,10.48382415435846,1.3645638343406048,3.6478063135920555,1.8716980652169248
10.483653313497978,1.3644692434156156,3.6447383520162835,8.063881716767149,3.588126582921546,2.794912995527638,3.3696414686757064
8.06323575073532,3.5883592551932995,2.7979809571034098,3.7234066567608517,3.1363501464895385,2.776505226073013,4.3715680034681235
3.7227727703072815,3.1365938870910526,2.7734372644972396,1.8829928649338772,5.19197062699554,2.1751847572218375,2.7630614260609643
1.8825619663380193,5.192598570637421,2.1721167956460676,1.4132377140288759,6.076210412479493,2.233476027161492,1.0008140771132799
1.4127723952989615,6.076804047020695,2.2365439887372647,0.3425047328992384,7.110260227440167,1.6996507129772906,1.5016250424558426
0.34243197940121944,7.1108319347052475,1.696582751401519,1.2667620306129599,8.531890848262718,0.4601942363656938,1.715782058953887
