x1,y1,theta1,x2,y2,theta,length
10.684651707451307,1.6395779458931576,2.978990690073915,9.445749678581919,3.521107569851159,2.6046993778298186,2.3194277729082886
9.44464919741245,3.52175993532855,2.60776733940559,3.8148387445678784,3.3691771415268574,2.773437264497239,5.652744330789338
3.8135315616716303,3.3696828226246787,2.770369302921468,1.2673513763878508,5.866410557096281,2.3838061443742866,3.571754613012674
1.2662366714375624,5.867463312910417,2.3868741059500573,0.5653273103403949,6.909094116256679,1.227184630308513,1.3460047368014583
0.5655203220418881,6.909628144792399,1.2241166687327416,7.840899132654107,7.445215702260894,-0.2147573103039897,7.4215203049719864
7.84235198222639,7.444898012902625,6.065360035299825,11.229910615343094,5.770852280200274,5.826059032389664,3.7798156751037113
11.231288416011987,5.770178027752384,5.829126993965437,11.954407500452545,5.469345851120504,6.2463697682703305,0.7878125740108133
11.955814770459096,5.469289804065542,6.258641614573416,14.843828322481151,6.084084270753258,5.227806525114263,3.1379442446706274
14.844007413057552,6.0838119693521024,5.203262832508095,10.685522774514215,1.6394356931866634,2.9820586516496874,6.310329183343789
