x1,y1,theta1,x2,y2,theta,length
10.68833976143745,1.6383317114185898,2.9737255376446643,9.44602702305922,3.521434849744529,2.6076562191321346,2.321469969231024
9.44602702305922,3.521434849744529,2.6076562191321346,3.813854177190546,3.369224513079197,2.772372190782344,5.655140510505866
3.813854177190546,3.369224513079197,2.772372190782344,1.2669184714686557,5.866851243431756,2.385637627860362,3.573011216833483
1.2669184714686557,5.866851243431756,2.385637627860362,0.5646310811013255,6.909260826922314,1.2249232732844013,1.348263840459993
0.5646310811013255,6.909260826922314,1.2249232732844013,7.84212176525479,7.445139946533086,6.067828168173239,7.423903858241447
7.84212176525479,7.445139946533086,6.067828168173239,11.226271413966675,5.77260404917114,5.8372049293579735,3.7761289294314597
11.226271413966675,5.77260404917114,5.8372049293579735,11.979189236534058,5.468545003549634,6.239592247651085,0.8159026899509884
11.979189236534058,5.468545003549634,6.239592247651085,14.868296249594247,6.042212116764894,5.273982677056101,3.1065291318452237
14.868296249594247,6.042212116764894,5.273982677056101,10.68833976143745,1.6383317114185898,2.9737255376446643,6.324671954839791
