TIME,LB,UB,OPEN,GAP,TREE
0.020107030868530273,0.0,24.70760438776502,1,100.0,1
0.02013421058654785,20.322969302616517,24.70760438776502,1,17.74609555963157,1
0.061013221740722656,20.322969302616517,22.85301827358733,1,11.070962008965575,2
0.12673306465148926,20.322969302616517,22.85301827358733,3,11.070962008965575,4
0.19442105293273926,20.322969302616517,22.29193794713298,2,8.832649046422166,5
0.2338550090789795,20.322969302616517,21.736707618410207,3,6.503921111752476,6
0.28053998947143555,20.322969302616517,21.614327323723387,4,5.974546428236539,7
0.33101511001586914,20.322969302616517,21.614327323723387,5,5.974546428236539,8
0.4660680294036865,20.322969302616517,21.61406925329498,4,5.973423771100568,8
0.4660940170288086,20.322969302616517,21.61406925329498,5,5.973423771100568,8
0.5982661247253418,20.322969302616517,21.61406925329498,5,5.973423771100568,8
0.8107481002807617,20.505563647709845,21.61406925329498,5,5.128629841028875,8
1.177685022354126,20.669108324079925,21.61380155210358,4,4.370786998049924,8
1.1777241230010986,20.669108324079925,21.61380155210358,5,4.370786998049924,8
1.4965541362762451,20.739917054481353,21.61380155210358,5,4.043178130952982,8
2.5037901401519775,21.106011981003885,21.613787423108175,4,2.3493126501346375,8
2.503838062286377,21.106011981003885,21.613787423108175,5,2.3493126501346375,8
3.395477056503296,21.178854232013176,21.613787423108175,5,2.012295127090932,8
3.9389071464538574,21.19234784151883,21.613787423108175,4,1.9498645625558673,8
4.048032999038696,21.336238688508253,21.613787423108175,3,1.2841281778462534,8
6.976089000701904,21.355084471290844,21.613729522555946,2,1.1966701581750696,8
6.976139068603516,21.355084471290844,21.613729522555946,3,1.1966701581750696,8
9.948882102966309,21.43778336517126,21.613729522555946,3,0.8140481132655522,8
19.172361135482788,21.481560568621056,21.61370829807869,2,0.6114070183383683,8
19.172410011291504,21.481560568621056,21.61370829807869,3,0.6114070183383683,8
52.00747108459473,21.54704264719515,21.61370829807869,3,0.3084415222235101,8
62.97948718070984,21.575258184556834,21.61370829807869,2,0.17789688373501245,8
200.39650201797485,21.580290638088726,21.61370513715359,1,0.1545986625283679,8
200.39657616615295,21.580290638088726,21.61370513715359,2,0.1545986625283679,8
824.8709290027618,21.596944028776008,21.613704047936338,1,0.07754348409304748,8
824.8709971904755,21.596944028776008,21.613704047936338,2,0.07754348409304748,8
