x1,y1,theta1,x2,y2,theta,length
12.824138216891223,4.8190103069625625,4.45161224644413,11.750383880019436,4.324186406489302,3.003534382680085,1.2614755522176435
11.749616508589956,4.324287276161643,3.0004664211043135,11.461449475785482,4.430853252525426,2.8685440733461482,0.3087793924470783
11.460488075644067,4.431112130044038,2.8716120349219203,3.0278119853905787,5.086373756655765,1.6597672124922624,8.679311119430205
3.0277955222983923,5.086558468734218,1.6566992509164926,10.77095602325406,7.058375713676208,-0.2791845033951883,8.22122126793524
10.77231540405145,7.0579837916019015,6.000932842208627,12.824236770084289,4.81938004327607,4.4546802080199015,3.1345309115213147
