x1,y1,theta1,x2,y2,theta,length
12.824580548754698,4.819318113250677,4.45229760734406,11.749412281331937,4.324166630251615,3.0005228848164855,1.2632126503195378
11.749412281331937,4.324166630251615,3.0005228848164855,11.46050674399379,4.431237657925423,2.868544073346149,0.3096721491625853
11.46050674399379,4.431237657925423,2.868544073346149,3.026921218482715,5.0871059873401085,1.6595581967580697,8.680374260055487
3.026921218482715,5.0871059873401085,1.6595581967580697,10.771775759871518,7.058523618249497,6.00254237091709,8.224151655451909
10.771775759871518,7.058523618249497,6.00254237091709,12.824580548754698,4.819318113250677,4.45229760734406,3.136293332946821
