x1,y1,theta1,x2,y2,theta,length
2.5993454559415063,7.650209821270319,0.5399612373357456,8.332492813707145,7.180474000835273,0.08436894333371081,5.796457876659554
8.334097895594017,7.180611461006252,0.0859029241215959,12.279712667758716,8.055231222873035,-0.47553404424454965,4.10500122878328
12.280758402653502,8.054690253837254,5.806117282147151,12.818626761737166,6.454020044980578,4.267534551897853,1.8359533075188337
12.818093528511804,6.45290731483582,4.266000571109968,11.535834330762938,5.67683552368125,3.54042765844006,1.545773107570608
11.535076429907647,5.6765147850253355,3.541961639227946,3.1287428770486208,1.658623126328873,3.4821363885004066,9.317395529222559
3.1272197249069147,1.6580837645666713,3.48060240771252,0.6226438267183991,1.6036382498125108,2.2902333163132624,2.6500233264817377
0.6224012287902483,1.603915250362825,2.2886993355253766,2.5983540747119953,7.649614013679446,0.5414952181236314,6.600122753040453
