x1,y1,theta1,x2,y2,theta,length
2.598784191944252,7.650399389023455,0.5409299666668185,8.332946523370921,7.18034291355653,0.08547548905681346,5.797733134210183
8.332946523370921,7.18034291355653,0.08547548905681346,12.280264700721064,8.055588287559015,5.806644824300123,4.1071052959278225
12.280264700721064,8.055588287559015,5.806644824300123,12.818578252648432,6.452535678942246,4.265896434835163,1.8389638726929578
12.818578252648432,6.452535678942246,4.265896434835163,11.53564070867418,5.676773964237435,3.541584149171445,1.5462738184375238
11.53564070867418,5.676773964237435,3.541584149171445,3.1275024566703324,1.6580929781981992,3.48187744101662,9.319366002204385
3.1275024566703324,1.6580929781981992,3.48187744101662,0.6221038575833548,1.6037251546678788,2.2899268402332105,2.6509762132013
0.6221038575833548,1.6037251546678788,2.2899268402332105,2.598784191944252,7.650399389023455,0.5409299666668185,6.602068214187959
