x1,y1,theta1,x2,y2,theta,length
11.89891549617409,5.988430018447681,2.916097477770604,7.888092456860824,8.592705330657449,2.751961533466839,4.784240534698411
7.8876273782361634,8.592895734083058,2.753495514254726,0.6073997538757883,9.862928629660656,4.25066076323111,7.473512416559384
0.6073664698283388,9.862861560524191,4.252194744018997,3.013947644433653,7.487072876156321,5.516194913236763,3.4620101093770126
3.014140880743565,7.486886116099005,5.51466093244888,8.366322696113283,1.8353787419011176,5.376602661539169,7.783699657679458
8.36648352002709,1.835172779440008,5.375068680751286,9.189978746633196,0.7080129816818472,6.1420590746941075,1.4188886519852246
9.19018105889544,0.7079843789473724,6.143593055481993,13.162257041348997,4.1144967335485525,7.376913608942047,5.2601085806348795
13.162454601598427,4.114880384490606,1.0952622825503475,13.284616548061933,6.057914376352977,2.3684663364954304,1.9766678638859778
13.28441712514064,6.05810839711129,2.3700003172833153,11.899369268154985,5.988326151187326,2.917631458558493,1.4135622530561145
