x1,y1,theta1,x2,y2,theta,length
11.89921552368869,5.988272921780434,2.916571596810313,7.887955925733223,8.592813748108467,2.752979617491453,4.784763217512456
7.887955925733223,8.592813748108467,2.752979617491453,0.6072836761844699,9.863006662462043,4.251725356802427,7.474178794665515
0.6072836761844699,9.863006662462043,4.251725356802427,3.0139746832239385,7.487054879115608,5.5148438942031275,3.4622875055139217
3.0139746832239385,7.487054879115608,5.5148438942031275,8.366356219292976,1.8353560009877001,5.375297724802683,7.783977544343395
8.366356219292976,1.8353560009877001,5.375297724802683,9.190086964053169,0.7078772244298941,6.142708818886722,1.4193412468470157
9.190086964053169,0.7078772244298941,6.142708818886722,13.162547628612684,4.114877026862789,1.0951838427340077,5.260821597748557
13.162547628612684,4.114877026862789,1.0951838427340077,13.284766378452243,6.058013841533095,2.369839293403158,1.9769074724207785
13.284766378452243,6.058013841533095,2.369839293403158,11.89921552368869,5.988272921780434,2.916571596810313,1.4140874101013425
