TIME,LB,UB,OPEN,GAP,TREE
0.01749396324157715,0.0,17.928400306939636,1,100.0,1
0.01752495765686035,14.514857965941673,17.928400306939636,1,19.039860124478963,1
0.13977789878845215,14.514857965941673,17.928400306939636,4,19.039860124478963,4
0.28259801864624023,14.514857965941673,17.928400306939636,4,19.039860124478963,4
0.3676018714904785,14.514857965941673,17.928400306939636,4,19.039860124478963,4
0.8169600963592529,15.437114006973024,17.928400306939636,4,13.895753426491137,4
1.117501974105835,15.465360353681817,17.928400306939636,4,13.73820257853367,4
1.3144590854644775,16.44663827308113,17.928400306939636,3,8.264887042292067,4
3.422750949859619,16.510376039225253,17.928400306939636,3,7.909374196455783,4
4.497409105300903,16.543259791927692,17.928400306939636,3,7.7259570920880805,4
7.592599868774414,17.232092826638628,17.928400306939636,3,3.883823812387129,4
13.31942892074585,17.25892437137758,17.928400306939636,3,3.734164365478371,4
24.903466939926147,17.533112677242453,17.928400306939636,3,2.2048126041907765,4
44.68551707267761,17.586558146561078,17.928400306939636,3,1.906707539580314,4
80.7426528930664,17.741235132732623,17.928400306939636,3,1.0439591430506296,4
138.69801998138428,17.773397994228013,17.928400306939636,3,0.8645629841923254,4
265.87692403793335,17.83413620440263,17.928400306939636,3,0.5257808891098886,4
429.7069070339203,17.862280078142824,17.928400306939636,3,0.3688016089824749,4
967.1893839836121,17.880738983848094,17.928270642025346,2,0.26512126644180806,4
967.1894629001617,17.880738983848094,17.928270642025346,3,0.26512126644180806,4
3590.2832748889923,17.904416473913773,17.928155987509328,2,0.1324146979315328,4
3590.2833619117737,17.904416473913773,17.928155987509328,3,0.1324146979315328,4
