x1,y1,theta1,x2,y2,theta,length
11.814087071693816,5.093303250229043,4.632621979414637,11.814087071693816,5.093303250229043,4.632621979414637,0.0
11.807862937298255,5.091061480515487,4.626486056263094,3.9872433459785297,5.062212287543757,1.5892040962495235,8.862553404122837
3.9872432591901976,5.06221736944064,1.5830681730979816,10.805215210464251,6.1736098092274805,-0.06749515466696798,7.402060539660295
10.81367812420447,6.172979800283533,6.209554229361076,11.809101673286722,5.090094471145031,4.63875790256618,1.6434962732022202
