x1,y1,theta1,x2,y2,theta,length
11.79828780609883,5.092257491883857,4.682258677247793,11.786769336182083,4.968062030568009,4.55745692080824,0.12480175643955338
11.786769336182083,4.968062030568009,4.55745692080824,3.9826836414609343,5.061058813575044,1.5854145583831953,8.788400354260625
3.9826836414609343,5.061058813575044,1.5854145583831953,10.716812616204809,6.183937640074973,6.1393505868587175,7.321403344937609
10.716812616204809,6.183937640074973,6.1393505868587175,11.79828780609883,5.092257491883857,4.682258677247793,1.6935505318715356
