x1,y1,theta1,x2,y2,theta,length
6.899793273675891,1.9869037041719988,2.890019804376548,0.14244745511260748,0.6960460076390405,2.207398353767431,6.94054750967092
0.14239358022660734,0.6961190823036775,2.2058643729795517,2.04627748012544,4.358564222254017,0.8820389530342452,4.184666881791944
2.0465590815966115,4.3589054925890744,0.880504972246358,8.102712245317843,9.486419186514432,0.2500388684253534,7.939347179165338
8.102910475447832,9.486469688832173,0.2485048876374739,12.67059719655757,8.438963696677371,-1.2057088992781158,4.728846010054796
12.670669469978549,8.438773989209789,5.075942427113588,11.808397103191933,7.082394124619405,3.9423306248660976,1.6430338161469793
11.80806141908318,7.0820488763149,3.940796644078212,9.59626559448269,5.2649227339285805,4.539049151353607,2.877814044528815
9.596196186706734,5.26452387746468,4.540583132141498,10.941287802945661,2.916899484689717,4.646427806505607,2.729453325490364
10.941271233660812,2.916653732677614,4.6448938257177215,8.82897531448563,0.4326608345528944,3.219825673771961,3.2910973295831902
8.828664450811736,0.43263669380435543,3.2182916929840752,6.900255333863783,1.9867843898272697,2.888485823588661,2.499176915152586
