x1,y1,theta1,x2,y2,theta,length
6.899934995605959,1.986991159038721,2.888899148224157,0.14238104348376515,0.6959654629875307,2.206142172708175,6.941001944332566
0.14238104348376515,0.6959654629875307,2.206142172708175,2.046321532000901,4.358679122647129,0.880915289379658,4.184973845928491
2.046321532000901,4.358679122647129,0.880915289379658,8.102829092141555,9.486500652719737,0.2494809668466438,7.939832377649206
8.102829092141555,9.486500652719737,0.2494809668466438,12.670755470620488,8.438992479769825,5.07641537052042,4.729227808883726
12.670755470620488,8.438992479769825,5.07641537052042,11.808376270257211,7.0823260138505795,3.9410033441198604,1.6433851638270658
11.808376270257211,7.0823260138505795,3.9410033441198604,9.596068892221595,5.264856815113375,4.540108207757143,2.8784968601884513
9.596068892221595,5.264856815113375,4.540108207757143,10.94137568796742,2.9168723190824304,4.645147495076599,2.7299643974035144
10.94137568796742,2.9168723190824304,4.645147495076599,8.828823849686376,0.43248912700908304,3.2190875086687125,3.2916285732550987
8.828823849686376,0.43248912700908304,3.2190875086687125,6.899934995605959,1.986991159038721,2.888899148224157,2.49984215549041
