TIME,LB,UB,OPEN,GAP,TREE
0.02056407928466797,0.0,25.634945059862996,1,100.0,1
0.020605087280273438,22.392558838150517,25.634945059862996,1,12.648305717608618,1
0.131026029586792,22.392558838150517,25.634945037143822,2,12.648305640192484,4
0.13109207153320312,22.392558838150517,25.634945037143822,3,12.648305640192484,4
0.2423388957977295,22.392558838150517,25.634945037143822,3,12.648305640192484,4
0.5016450881958008,23.740484377367977,25.634945037143822,3,7.390149099328519,4
1.4170351028442383,24.59894483819071,25.63494503668837,2,4.041359156475474,4
1.4170989990234375,24.59894483819071,25.63494503668837,3,4.041359156475474,4
1.532377004623413,24.893927358819493,25.63494503668837,2,2.890654443800619,4
4.112984895706177,25.102246268805672,25.634945034106856,1,2.0780179734828277,4
4.113045930862427,25.102246268805672,25.634945034106856,2,2.0780179734828277,4
11.524795055389404,25.365305737065846,25.634945033873258,1,1.0518426953953628,4
11.524849891662598,25.365305737065846,25.634945033873258,2,1.0518426953953628,4
35.60688400268555,25.499142637348243,25.63494503386754,1,0.5297549744689687,4
35.606950998306274,25.499142637348243,25.63494503386754,2,0.5297549744689687,4
123.39803504943848,25.566841715606568,25.63494503386754,2,0.26566594221676426,4
503.3483340740204,25.60083468897539,25.63494503386754,2,0.13306189986788527,4
2745.187422990799,25.617865945231877,25.634945033865364,1,0.06662424518923102,4
2745.18750500679,25.617865945231877,25.634945033865364,2,0.06662424518923102,4
