x1,y1,theta1,x2,y2,theta,length
7.7000792704938545,3.6345234290728965,5.870544475238348,14.778912915057631,3.296898465971419,7.528777706942726,7.464101568864123
14.778992499637368,3.297134758530266,1.2471263805510264,7.772841379289553,7.931063249629202,2.896155727528091,8.783314337229157
7.771396977105307,7.931422750107479,2.8976897083159763,4.081964249624518,7.287114831710273,4.379515149413505,3.9846591784764676
4.081800770053932,7.2866412896569805,4.38104913020139,7.698718763300457,3.6351201790456202,5.869010494450462,5.394325939985144
