x1,y1,theta1,x2,y2,theta,length
7.699155516262148,3.634720298772164,5.86995998856251,14.779785726615538,3.297120127888169,1.2459953211448835,7.466226477492088
14.779785726615538,3.297120127888169,1.2459953211448835,7.772865480087422,7.9312477722433075,2.897645925629122,8.785077543667652
7.772865480087422,7.9312477722433075,2.897645925629122,4.081110854219787,7.286863297600725,4.380016322999239,3.987319828563235
4.081110854219787,7.286863297600725,4.380016322999239,7.699155516262148,3.634720298772164,5.86995998856251,5.396321184142389
