x1,y1,theta1,x2,y2,theta,length
5.955819220971305,6.8485926909540265,5.982525072754,8.382588191414564,6.357621667774355,6.448855232271238,2.478045687902632
8.383291840076927,6.357741466332766,0.1687378866674205,11.668862317429744,8.321781474748173,0.5154175447295793,3.8299849470262846
11.66953042612302,8.322157436877758,0.5123495831538042,12.690321444614602,8.76905899038903,-0.32520392703175593,1.1328671503872938
12.690824376680943,8.768889599134384,5.954913418572058,13.039621770202768,8.217136087465322,5.344389064993576,0.6689139260036971
13.040067411463209,8.216529705469622,5.347457026569344,14.993016864237276,6.207603223684588,4.359573399170994,2.861515342372767
14.99291609997786,6.20733218404651,4.356505437595221,11.400554571504014,5.9325634430383944,3.4391849264396073,3.6643947328119273
11.399847745742685,5.932345762294593,3.4422528880153784,6.399657693001034,2.7840916302237395,3.301126655529897,5.912260317881914
6.398962644317715,2.7839807103510608,3.298058693954129,5.523149173439746,2.953133818040602,3.408505310681895,0.8988893454032529
5.522507888361372,2.9529562439885386,3.411573272257666,3.4032736353760416,0.897279371245636,3.4606606574700063,2.9619547980499203
3.4026251770973936,0.8970671658638721,3.457592695894235,0.4358216741595169,1.4138621173900399,2.212000296131094,3.034129624024647
0.4354948657213915,1.4143024679450489,2.208932334555323,0.6373043783767567,3.1379843512820034,0.8774370106705869,1.7609898715240853
0.6377205278789467,3.1384842878119072,0.8743690490948154,2.6189858677986217,3.8841088754107664,0.9664078963679538,2.133250624149561
2.6193330666425947,3.8846119613697674,0.9694758579437253,2.516217248909593,6.074193021498576,2.2979032202526883,2.2159394882926504
2.5158212852795976,6.074635224430029,2.300971181828462,1.1296707605008596,6.478066168291095,1.9236119080085943,1.4922242714305753
1.1295425529659155,6.478415451459936,1.9205439464328227,1.8923294675802764,7.562656214212405,1.0216312047318368,1.3665125226843018
1.8927223723875597,7.563302568487633,1.0246991663076084,2.167738135460659,8.22813842569634,0.981747704246811,0.7199890217616212
2.167994359185806,8.22886073438532,0.9792425356550627,2.279842302985525,8.320417752749062,0.39269908169872414,0.14663586348908464
2.280309563054803,8.320634588323669,0.38963112012295287,5.955090606425297,6.848820472941447,-0.30372819600135614,3.97777044633083
