TIME,LB,UB,OPEN,GAP,TREE
0.0361180305480957,0.0,25.850724996042143,1,100.0,1
0.036145925521850586,23.108452859313182,25.850724996042143,1,10.608105332244316,1
0.14213180541992188,23.108452859313182,25.850724996042143,3,10.608105332244316,4
0.368790864944458,23.108452859313182,25.850724996042143,4,10.608105332244316,8
0.4600980281829834,23.108452859313182,25.850724996042143,4,10.608105332244316,8
0.6944818496704102,23.70197851266167,25.850724996042143,4,8.31213238201038,8
0.824286937713623,24.355218074928302,25.850724996042143,3,5.785164328438791,8
1.4514899253845215,24.686799083907637,25.850724996042143,3,4.502488469134647,8
1.5400819778442383,25.20261400943362,25.850724996042143,2,2.507128858891774,8
3.4645090103149414,25.252986234552694,25.850724996042143,2,2.312270783821209,8
9.040486812591553,25.546226407154336,25.850724996042143,2,1.1779112150023907,8
27.592571020126343,25.69739243922706,25.850724996042143,2,0.5931460600759146,8
91.5304868221283,25.773763376380877,25.850724996042143,2,0.2977155173522151,8
450.0027058124542,25.812113779738635,25.850724996023686,1,0.1493622182394912,8
450.0027928352356,25.812113779738635,25.850724996023686,2,0.1493622182394912,8
2291.6195528507233,25.83110337677084,25.850724996022635,1,0.07590355494792775,8
2291.6196269989014,25.83110337677084,25.850724996022635,2,0.07590355494792775,8
