x1,y1,theta1,x2,y2,theta,length
12.149757372624194,7.863763916434298,5.448699758569797,10.304614027540905,3.454002593412783,4.131010261776032,5.05039510527461
10.30377171068093,3.4527217011489926,4.129476280988146,8.469809108855376,1.0673191198314442,3.6079228131070282,3.0257752207450213
8.468617375954395,1.0668630185018004,3.583379120500858,3.9712173864732043,1.9549466167878065,2.503456645829367,4.64215938051127
3.9700610245248487,1.9557653881058716,2.4911847995262817,2.788724809616294,4.29331533140187,1.325359400733194,2.7000663907611315
2.7890257216806322,4.294256542268967,1.3130875544301088,12.149446729074452,7.864127237652359,-0.8314175870340192,10.422213958969248
