x1,y1,theta1,x2,y2,theta,length
12.145390786635964,7.869855598132183,5.4284316915536355,10.296356893456691,3.4412192242629502,4.144696065337406,5.054308426215183
10.296356893456691,3.4412192242629502,4.144696065337406,8.48206224704133,1.0718400739298293,3.5198244513686903,3.014063510953552
8.48206224704133,1.0718400739298293,3.5198244513686903,3.9363492365081,1.979682588667681,2.5386009151130566,4.678615194960926
3.9363492365081,1.979682588667681,2.5386009151130566,2.777715114661785,4.256173064675859,1.2776694635771566,2.655600090387801
2.777715114661785,4.256173064675859,1.2776694635771566,12.145390786635964,7.869855598132183,5.4284316915536355,10.448137773505175
