x1,y1,theta1,x2,y2,theta,length
9.553081944537238,3.5484466969147497,3.040349921589341,7.70996654401969,2.257287032917826,3.3808936564999517,2.2687026311820526
7.709394476645837,2.257147864767495,3.377825694924182,4.659401372167393,2.864110611130412,2.0739420252213856,3.140443600856644
4.659142453739969,2.8645809733931658,2.0708740636456158,7.354676313317361,9.33764429399585,0.177941771394736,7.080012604255931
7.354929392648406,9.337689035604136,0.1748738098189631,9.51752811915283,7.182009332152848,-0.3926990816987217,3.0938757065953295
9.518277791513558,7.181699532157917,5.893554187056633,13.097246882003375,7.150291439592121,5.077476407901473,3.6526979263947044
13.097356644673624,7.150001505682561,5.074408446325702,11.972041789009214,5.990173379374211,4.270602513473626,1.683778966736101
11.971765962606192,5.98958933102664,4.273670475049396,11.831957712317612,1.2908834539652174,3.5066800811065804,4.770323021855368
11.831736830648973,1.2907992418365126,3.5036121195308043,9.553762728479697,3.548377604442186,3.03728196001357,3.2852338460309154
