x1,y1,theta1,x2,y2,theta,length
9.553858847146355,3.548688372456307,3.040147348993268,7.709546257407485,2.2570528604168425,3.3801682462535605,2.269972364032568
7.709546257407485,2.2570528604168425,3.3801682462535605,4.659173927225143,2.8638313044182366,2.0740336534685326,3.1408255007644383
4.659173927225143,2.8638313044182366,2.0740336534685326,7.354557441884926,9.337828150041133,0.1750398939418416,7.081448072347946
7.354557441884926,9.337828150041133,0.1750398939418416,9.5179893686094,7.181613878043521,5.891431594603144,3.094874106454504
9.5179893686094,7.181613878043521,5.891431594603144,13.097903169768545,7.149893911267985,5.074256511506752,3.6542306405804896
13.097903169768545,7.149893911267985,5.074256511506752,11.971658935544392,5.9897284827512465,4.271098845709258,1.6847006080502924
11.971658935544392,5.9897284827512465,4.271098845709258,11.831855685639166,1.2905026164915916,3.5056536159662857,4.771074716827068
11.831855685639166,1.2905026164915916,3.5056536159662857,9.553858847146355,3.548688372456307,3.040147348993268,3.286231396209404
