x1,y1,theta1,x2,y2,theta,length
11.30532467580448,5.881386628476027,5.138835639416898,11.690876128540808,1.5325561650397979,3.5987189283797143,4.515099634939511
11.690484451481252,1.532364786793413,3.595650966803943,9.557380608089256,3.3106805648202617,2.5249323768597667,2.915109507375317
9.55638067568838,3.3118428018203994,2.5266644141012122,9.426227409106644,3.3777160529600656,2.8194566881338083,0.14639613701629806
9.424992968301323,3.3781683733194727,2.82252464970958,2.853309509290779,2.5102168387429686,2.1168934872821854,6.766910847830136
2.853031958620476,2.5106736535723506,2.1138255257064134,7.684223294080825,9.141222032885404,0.797670009700536,8.335539638526015
7.685289783268805,9.142312777560923,0.7946020481247621,8.224853981332549,9.40174459105999,-0.09510680884890921,0.6204732644526404
8.225933901726092,9.401642788116042,6.1850105367549055,11.30470862052196,5.882733873258909,5.14190360099267,4.713911647389816
