x1,y1,theta1,x2,y2,theta,length
11.305389081190388,5.881722556726027,5.141293652577028,11.691575316230391,1.5320803224631665,3.595910186074005,4.517050965651762
11.691575316230391,1.5320803224631665,3.595910186074005,9.557780750565435,3.3124599240722525,2.530960887631371,2.917259428847083
9.557780750565435,3.3124599240722525,2.530960887631371,9.42792889241853,3.3775859881239763,2.8225243355503147,0.14578172395947187
9.42792889241853,3.3775859881239763,2.8225243355503147,2.852252362332994,2.5105743031276946,2.116533744374645,6.770771892071265
2.852252362332994,2.5105743031276946,2.116533744374645,7.684438522694116,9.14155704272529,0.7953914455088481,8.33738405560046
7.684438522694116,9.14155704272529,0.7953914455088481,8.22610825940236,9.402169171176132,6.187877696401088,0.6228799337575508
8.22610825940236,9.402169171176132,6.187877696401088,11.305389081190388,5.881722556726027,5.141293652577028,4.715846689241561
