x1,y1,theta1,x2,y2,theta,length
12.197909339760901,4.201216702227278,1.77021382922003,12.05033810899854,6.269795278381629,1.9312818119480226,2.078958113839777
12.04982914238163,6.271145031058853,1.932815792735908,11.210039060076069,7.386696261639584,2.2994372010405764,1.4008272074829535
11.209441284067456,7.387365471892127,2.300971181828462,10.355672758626874,8.16284972765964,2.712078032981813,1.159570944222835
10.353824962235128,8.163693412921772,2.7136120137696986,8.646632322200151,8.339127565955026,3.032680017649913,1.7229166142162369
8.644360226220686,8.339379301414791,3.031146036862027,0.5200863973145635,9.098156845603729,4.0558452031696355,8.336459268597281
0.5198581115426151,9.097859906060924,4.057379183957521,1.0193815662683134,6.629279627095614,4.9210103675371375,2.65471051499205
1.019781026968391,6.627382277141741,4.919476386749252,1.116053840787076,4.618753487843356,5.109690004447071,2.0204789494960296
1.1166747453473567,4.617273125078098,5.111223985234957,2.6216803254254586,3.0305250845412353,5.421088104387856,2.19593471680186
2.622902932625366,3.0290965302536406,5.41955412359997,4.431180519472733,0.7841592312658715,5.915029918087032,2.9102996372417866
4.432128040741465,0.7837940397119318,5.916563898874918,9.372986659101066,1.6752598165215251,6.289321230331128,5.0510524356644835
9.374300581388736,1.675266149338727,0.0046019423636569235,12.631809873764047,1.546404324157047,0.8620972027917301,3.4083589556259497
12.632472028387337,1.5471781446017772,0.863631183579616,12.198249114209048,4.199549037862293,1.7717478100079156,2.8273112943740752
