x1,y1,theta1,x2,y2,theta,length
6.919587716192743,2.083558742464006,2.868439323521155,0.22502833651108312,0.7611934902848442,2.219951683456212,6.884802600658794
0.22502833651108312,0.7611934902848442,2.219951683456212,2.013494119147883,4.386365237541188,0.8827635452528637,4.098368709780325
2.013494119147883,4.386365237541188,0.8827635452528637,8.127925313768602,9.388170034024643,0.24964615746472588,7.903401837745547
8.127925313768602,9.388170034024643,0.24964615746472588,12.668923989324101,8.430362827495392,5.106069988404613,4.681849441069616
12.668923989324101,8.430362827495392,5.106069988404613,11.8570309265895,7.036547957764959,-2.3465750681461555,1.6479495543811262
11.8570309265895,7.036547957764959,-2.3465750681461555,9.491395690356397,5.278599365308067,4.522487147927631,2.9648737878003506
9.491395690356397,5.278599365308067,4.522487147927631,10.889786301426671,2.915491134763346,-1.6186591015605143,2.771584706795694
10.889786301426671,2.915491134763346,-1.6186591015605143,8.83498940810775,0.39198574329005276,3.2070417143923415,3.287284930102294
8.83498940810775,0.39198574329005276,3.2070417143923415,6.919587716192743,2.083558742464006,2.868439323521155,2.5811706862021353
