TIME,LB,UB,OPEN,GAP,TREE
0.020967960357666016,0.0,24.774197722254055,1,100.0,1
0.021008968353271484,22.066792301647617,24.774197722254055,1,10.928327330553442,1
0.12920308113098145,22.066792301647617,24.77419772225401,1,10.928327330553277,4
0.1292591094970703,22.066792301647617,24.77419772225401,2,10.928327330553277,4
0.20452404022216797,22.066792301647617,24.77419772225401,2,10.928327330553277,4
0.3857080936431885,23.066390461002023,24.77419772225401,2,6.893491690017102,4
0.9603919982910156,23.86460852961592,24.77419772225401,2,3.671518257969772,4
2.7010180950164795,24.302580861198553,24.774197722254,1,1.9036614882257417,4
2.7010610103607178,24.302580861198553,24.774197722254,2,1.9036614882257417,4
8.754115104675293,24.536409539224216,24.774197722254,2,0.9598219312514262,4
23.58943510055542,24.654150177140966,24.774197722254,2,0.48456683222964536,8
27.102186918258667,24.654150177140966,24.774197722254,2,0.48456683222964536,8
31.33643388748169,24.654150177140966,24.774197722254,2,0.48456683222964536,8
36.576884031295776,24.654150177140966,24.774197722254,2,0.48456683222964536,8
42.72635197639465,24.654150177140966,24.774197722254,2,0.48456683222964536,8
50.37382411956787,24.654150177140966,24.774197722253987,1,0.4845668322295883,8
50.373899936676025,24.654150177140966,24.774197722253987,2,0.4845668322295883,8
77.21744394302368,24.654150177140966,24.774197722253987,2,0.4845668322295883,8
179.7329659461975,24.704728387459742,24.774197722253987,2,0.2804100280988838,8
644.5396399497986,24.739373726934247,24.774197722253987,2,0.14056558242634523,8
3051.8829870224,24.756766782192603,24.774197722253987,2,0.07035925141473545,8
