x1,y1,theta1,x2,y2,theta,length
13.042523165717693,0.7791393160856742,3.7705247766229055,7.416764207895357,1.3865845859472388,2.089281833100243,5.860528478991579
7.416475198798689,1.3870923474654409,2.087747852312358,8.126117336390605,3.791598455817108,1.1075341288534322,2.6177879568097344
8.126627029075292,3.792620629483332,1.1090681096413184,9.165477481755925,5.797552817134385,0.8222137023067038,2.2617091481693965
9.16669961456733,5.798866861391592,0.8206797215188182,14.490473954638958,8.273542470002303,-0.6381360077604268,6.096622433680533
14.491034191236809,8.273125886335754,5.643515318631274,13.043025103134914,0.7795053550288542,3.7720587574107913,7.928830687498764
