x1,y1,theta1,x2,y2,theta,length
13.042749240722127,0.7789802371353227,3.7717103157643486,7.4163442622426095,1.386436906576791,2.088205112547001,5.861931575952896
7.4163442622426095,1.386436906576791,2.088205112547001,8.126411646071379,3.792185532481536,1.1081861959458679,2.619292717064681
8.126411646071379,3.792185532481536,1.1081861959458679,9.166138141395837,5.798655011992349,0.8217415345356001,2.263495128828691
9.166138141395837,5.798655011992349,0.8217415345356001,14.490907962697873,8.274250172555417,5.64392090163888,6.098680034646765
14.490907962697873,8.274250172555417,5.64392090163888,13.042749240722127,0.7789802371353227,3.7717103157643486,7.930798265760955
