TIME,LB,UB,OPEN,GAP,TREE
0.022578954696655273,0.0,34.00942471432734,1,100.0,1
0.022630929946899414,31.497470779777025,34.00942471432734,1,7.3860524123834645,1
0.12354397773742676,31.497470779777025,34.00942471432734,2,7.3860524123834645,4
0.31757497787475586,32.18669234732739,34.00942471432734,3,5.359491912346515,8
0.6142148971557617,32.18669234732739,34.00942471432734,4,5.359491912346515,13
1.1250569820404053,32.18669234732739,34.00942471432734,5,5.359491912346515,19
1.274864912033081,32.18669234732739,34.00942471432734,5,5.359491912346515,19
1.829509973526001,32.18669234732739,34.00942471432734,6,5.359491912346515,25
1.9884588718414307,32.18669234732739,34.00942471432734,6,5.359491912346515,25
2.2874629497528076,32.18669234732739,34.00942471432734,7,5.359491912346515,30
2.510411024093628,32.27626226504439,34.00942471432734,7,5.096123982811187,30
2.7245960235595703,32.36002043263936,34.00942471432734,7,4.8498446990581545,30
2.817173957824707,32.453165543206275,34.00942471432734,7,4.57596441043429,30
3.227660894393921,32.50381461639931,34.00942471432734,7,4.427037830174618,30
3.675852060317993,32.603731010462496,34.00942471432734,7,4.1332475208634065,30
3.788348913192749,32.99562432245169,34.00942471432734,7,2.9809395495259845,30
4.9902260303497314,33.19961055700819,34.00942471432734,7,2.381146297302673,30
6.331562042236328,33.30867762070566,34.00942471432734,7,2.0604497121248615,30
6.5895490646362305,33.36208071788137,34.00942471432734,7,1.903425306024828,30
7.1466100215911865,33.52272554728124,34.00942471432734,6,1.4310714489712117,30
7.691550970077515,33.53675555148512,34.00942471432734,5,1.3898181660305826,30
11.412904977798462,33.595128909509725,34.00942471432734,5,1.2181793967337529,30
15.582213878631592,33.70451381931153,34.00942471432734,5,0.8965482291364874,30
25.586766958236694,33.798571173888895,34.00942471432734,5,0.6199856134279601,30
57.83305788040161,33.9032051377526,34.00942471432734,5,0.31232394392719576,30
69.20828485488892,33.908923505330556,34.00942471432734,4,0.2955098765738409,30
176.98275995254517,33.956068320078714,34.00942471432734,4,0.15688708261550272,30
177.32271790504456,33.96354580693076,34.00942471432734,3,0.13490056883335005,30
178.14937090873718,33.97066716920152,34.00942471432734,2,0.11396119002710162,30
588.1530239582062,33.98269408209465,34.00942471432734,2,0.0785977194769296,30
2592.30495595932,33.9960476683789,34.00942471432734,2,0.039333349684103056,30
