x1,y1,theta1,x2,y2,theta,length
9.576158682494805,5.574373222353263,6.177340632815477,15.316019414745902,4.456581219902183,4.7139229611725755,6.060742344250258
15.31601955850421,4.456490582027498,4.71238898038469,7.365830491909434,3.045205635544008,3.4514567727426906,8.291527579217707
7.3651133279036936,3.044975635223518,3.452990753530578,2.15644089253711,0.47944184779706533,2.6169712241329037,5.886633619394213
2.156096994292747,0.4796411928044109,2.615437243345018,1.8775569455320626,1.516770550681015,1.857650734129511,1.129126982875766
1.877346670600381,1.517479455255736,1.859184714917397,0.6404884719682931,3.7306110361559597,1.4756895179459866,2.5566921925233244
0.6405472024541843,3.731216995948913,1.474155537158101,2.836928761235237,6.1627138624402065,0.3635534467288971,3.306872787749136
2.8375720737644676,6.162958078891044,0.3620194659410113,9.575396026120485,5.574454198471313,-0.10431069357622241,6.771138583912994
