x1,y1,theta1,x2,y2,theta,length
15.316400548473753,4.456179410065524,4.713870127598305,7.365309722927681,3.0451146268893776,-2.8312549296309295,8.293053267080648
7.365309722927681,3.0451146268893776,-2.8312549296309295,2.1562102403339978,0.47919660057694896,8.899144952272632,5.887445823109993
2.1562102403339978,0.47919660057694896,8.899144952272632,1.8776198462844103,1.5169157922051197,1.858914510536501,1.129866077779664
1.8776198462844103,1.5169157922051197,1.858914510536501,0.6402585086714194,3.730653424663582,1.4743536883523927,2.557614983885898
0.6402585086714194,3.730653424663582,1.4743536883523927,2.8372199875393918,6.163005454066723,0.3628497428940826,3.3079503009284688
2.8372199875393918,6.163005454066723,0.3628497428940826,9.575406404086836,5.574457099679899,-0.10582446131480833,6.771546298077788
9.575406404086836,5.574457099679899,-0.10582446131480833,15.316400548473753,4.456179410065524,4.713870127598305,6.061947963464885
