x1,y1,theta1,x2,y2,theta,length
7.7471813424072336,1.6345295344966235,3.288854809226815,3.264611942030997,2.8623937005916793,2.307107104980006,4.690085228185712
3.263358237023335,2.8643496758814315,2.2580197197676637,3.546659849019151,5.902900546891187,0.9817477042468108,3.1561857447323307
3.5483202310576263,5.905459033872075,0.9326603190344698,8.048676099602558,8.851655561780833,4.440892098500626e-16,5.4193228034471055
8.049702911272124,8.851377382355379,6.1850105367549055,10.617616170780837,3.929742665901582,4.417864669110646,5.784899620581193
10.617201566965598,3.9280139555612434,4.368777283898305,7.748539134886222,1.6348137373423475,3.3379421944391554,3.7185806156570678
