x1,y1,theta1,x2,y2,theta,length
7.6802286218195395,1.6236920616615849,3.331653223173108,3.287593555114814,2.8276845594983953,2.1599943824899404,4.632499577881573
3.287593555114814,2.8276845594983953,2.1599943824899404,3.619270338527077,6.007581622526079,1.0175034028163465,3.2703657119206837
3.619270338527077,6.007581622526079,1.0175034028163465,8.014525633727953,8.860187582633568,6.038899101972418,5.348910769272569
8.014525633727953,8.860187582633568,6.038899101972418,10.588996520231182,3.83124210571144,4.456506594800469,5.813292560167948
10.588996520231182,3.83124210571144,4.456506594800469,7.6802286218195395,1.6236920616615849,3.331653223173108,3.7179928807222793
