x1,y1,theta1,x2,y2,theta,length
6.697264188880628,8.517938272133309,0.21475731030398976,8.211103857267545,9.403303391052033,-0.11965050145508094,1.7848814097752657
8.212214851651327,9.40316627938783,6.160466844148735,11.306635617737722,5.87855402067472,5.151107485719983,4.724706820029306
11.30726178671575,5.877209978838552,5.148039524144212,11.710350384649722,1.5415869771615485,3.555767466318917,4.521104653172753
11.710022282581958,1.5414434179691283,3.552699504743145,9.598270348317246,3.3519091157353538,3.1661363461959633,2.9667626385954007
9.597677566568683,3.3517675031490017,3.1692043077717345,9.58388401728332,3.35119588218806,3.196815961953676,0.013805827090970668
9.583322244585284,3.3498090342241813,3.1998839235294474,7.703069619482686,1.1070580771068426,3.4852043500761756,2.9935876752391115
7.701902491734084,1.1066430727787957,3.4821363885004053,2.821199331741739,2.55662946509375,2.230408065585723,5.1316047976737265
2.820436649767739,2.5576147173199697,2.2273401040099507,2.682469438884918,9.112974584135,0.7025632008516245,6.634752226380563
2.6831928031500567,9.113584868860896,0.6994952392758524,6.69589354661908,8.51764258553821,0.2116893487282172,4.115161042322037
