x1,y1,theta1,x2,y2,theta,length
6.696872042315532,8.517536196199034,0.21275727979196363,8.21260447631257,9.4036454697478,6.160708332623797,1.7873151746371523
8.21260447631257,9.4036454697478,6.160708332623797,11.306995208094195,5.878245602306768,5.1489539198187195,4.725360594322524
11.306995208094195,5.878245602306768,5.1489539198187195,11.71232511170579,1.5416336177322696,3.550219580816446,4.524619715311457
11.71232511170579,1.5416336177322696,3.550219580816446,9.609123023618183,3.35294342190891,3.1904575140422593,2.966578871901592
9.609123023618183,3.35294342190891,3.1904575140422593,9.584155524410104,3.3510917958159383,3.240527219482692,0.02503485272021644
9.584155524410104,3.3510917958159383,3.240527219482692,7.704183884085074,1.106972669636114,3.4803890571844125,2.9874709018809056
7.704183884085074,1.106972669636114,3.4803890571844125,2.8202132750209694,2.5571735072012514,2.22969566822747,5.134697544629151
2.8202132750209694,2.5571735072012514,2.22969566822747,2.6823287974271626,9.11364488347469,0.7007323148612856,6.636430529510571
2.6823287974271626,9.11364488347469,0.7007323148612856,6.696872042315532,8.517536196199034,0.21275727979196363,4.117281258853398
