x1,y1,theta1,x2,y2,theta,length
3.6312002416493843,8.58405570943271,0.08525364661803869,6.8148155370764085,8.855218721879085,0.0,3.195168200767065
6.952533326546634,8.796062580941632,5.497787143782138,9.284969444752136,5.879237710352479,5.386501791463625,3.7347760109030177
9.440343135674638,5.685830752536067,-0.8913472300544785,11.132590771673598,3.738676484614637,6.283185307179586,2.6064338100851523
11.290890570770111,3.7399177100279677,0.7853981633974483,11.949375458962088,4.578800495897653,0.9070288668488536,1.0665285124576134
12.102019748754204,4.768209126522557,0.8779082638175733,15.626512972354503,8.872165693451754,-4.440892098500626e-16,5.436040465643993
15.639641693333122,8.864362912243132,5.497787143782138,12.491352562016631,0.6191347086148988,3.926990816987243,8.889183990709975
12.348749503429955,0.5285110240380401,3.141592653589793,9.487037523771779,0.6970633996434867,3.0826098257533534,2.866679992674446
9.292330329928415,0.7800094453211733,2.3951339876109636,4.675556212130323,5.159844359575655,1.570796326794897,6.385823088642714
4.696854665092318,5.197460130756397,0.7853981633974483,6.811438086450734,4.683530444547806,-0.7853981633974487,2.227188245368855
6.892483989976132,4.558255177544815,4.71238898038469,6.389201944805203,0.9277861913424568,4.573987389713604,3.665296867242603
6.281821075803523,0.817658655346073,3.9269908169872414,3.143675464152521,0.2554159542181303,3.141592653589794,3.19782348356972
3.0561440275488945,0.30085696300884024,2.356194490192345,0.7419184332545459,5.123297174671493,1.570796326794897,5.354283310223131
0.764041588784519,5.300236847190884,0.8725656948566131,3.4363956671841693,8.482908151823237,0.7853981633974509,4.155851457672189
