x1,y1,theta1,x2,y2,theta,length
2.3571025610036105,3.9932962155586864,5.393476450205914,6.662849323645275,1.5228224656014673,6.589981464756714,5.015811821260492
6.664746937235679,1.523436867641548,0.31293208072867085,7.742584489344183,3.2882369599909387,0.40497092800180967,2.1322921657965956
7.744599314418116,3.2890852747450117,0.3988350048502667,8.423957247134407,3.1212743271542713,-0.8222137023067039,0.7384686028666041
8.425831786626054,3.1192399314374137,5.45483568172134,9.336606054653986,0.9746782736827739,5.921165841238574,2.3850956488079014
9.338352481322463,0.9740308145059507,5.927301764390117,10.592350248542072,1.4828821359001605,6.430447462816607,1.3999557283357045
10.595122745075402,1.4832820434233,0.14112623248547898,13.242378145492488,0.8388926547259565,0.22089323345553158,2.738762006957665
13.244995834714796,0.839497412216798,0.2270291566070749,15.23688609330477,2.87492196323065,1.7732817907958003,2.9417499948165293
15.236569676499801,2.8764211314294372,1.779417713947344,13.759976722187817,3.6234833695859727,2.718213956133358,1.726077867035316
13.757205624233285,3.624752405350362,2.7120780329818133,12.0425998459338,4.84819584496511,1.7671458676442593,2.146534984272555
12.042189004901543,4.850230711965236,1.761009944492716,12.217421738908572,5.3603098595998295,0.9081166264283005,0.5598595492377034
12.219322461808346,5.362714903170755,0.9019807032767571,12.987762173714831,6.258756354804945,0.8615641714874156,1.1804247941831165
12.989759890042444,6.26108476370875,0.8618170697128337,14.78049600333443,8.923520131864967,2.178252718797611,3.3610410051140893
14.780062411053324,8.924135284029862,2.1843886419491527,8.488824531303154,7.081723713634099,2.699806186678728,6.7532774837421226
8.486909441818408,7.082630559461564,2.693670263527186,7.7460905130982045,8.47858183990915,2.570951800496335,1.6255033152154112
7.744084541283966,8.479856217915712,2.5770877236478773,3.2692399044093294,8.095624273285917,2.8777479580734613,4.519451020210038
3.2664990020922073,8.096375501773057,2.8716120349219203,0.7348241065841644,9.541030937151124,3.767456815047135,3.05378815884616
0.7341200559055446,9.54051839279114,3.773592738198677,2.3552810636822765,3.995543300029404,5.387340527054371,5.931870010848913
