x1,y1,theta1,x2,y2,theta,length
14.757201037525567,0.6868974000533918,3.7674568150471344,9.062720434829881,3.501375461630328,3.1814761540748173,6.409540778214449
9.062057801245858,3.5013488894243006,3.184544115650591,6.7129299911691565,2.2262795954831587,2.543340146314393,2.7338780467974964
6.712680747620769,2.2264500137813164,2.540272184738622,6.989459126398662,4.581463764954849,1.9021361769781955,2.431476764653591
6.989242725201545,4.582090043604919,1.9052041385539662,3.858498208040682,7.574255404512434,1.0891263593988043,4.422730642339136
3.858578181394158,7.574407335920267,1.0860583978230338,9.91595342810788,6.2533645396119235,0.5583690067903715,6.308291259233859
9.916396120927729,6.253643092660424,0.5614369683661447,10.183865725805976,7.043387052829546,0.846757394912875,0.8544652252504421
10.184302685545958,7.043881409548078,0.8436894333371027,13.546824031610283,8.073954160902149,-0.5430291989115158,3.5476625205645673
13.547253717621452,8.073693836081484,5.737088146692298,14.757475383020756,0.68709617180604,3.7705247766229046,7.563783126627387
