x1,y1,theta1,x2,y2,theta,length
14.75761772309692,0.6867748190295082,3.768606347301301,9.062088734211747,3.5015424382303593,3.1818385179378557,6.410775512980368
9.062088734211747,3.5015424382303593,3.1818385179378557,6.712587656842206,2.2260869639122522,2.541897754014229,2.734709830115587
6.712587656842206,2.2260869639122522,2.541897754014229,6.989519677035775,4.5818790154777,1.9035044439153477,2.432562716286405
6.989519677035775,4.5818790154777,1.9035044439153477,3.858065277403463,7.574234263875155,1.0863675740801144,4.42398480857058
3.858065277403463,7.574234263875155,1.0863675740801144,9.915993969827813,6.2530594337290415,0.5614614366826255,6.309165014367973
9.915993969827813,6.2530594337290415,0.5614614366826255,10.18369986990111,7.0434938932910525,0.8468523255242141,0.8551825484434179
10.18369986990111,7.0434938932910525,0.8468523255242141,13.547165523593186,8.07408572770611,5.738512840763954,3.548971854135969
13.547165523593186,8.07408572770611,5.738512840763954,14.75761772309692,0.6867748190295082,3.768606347301301,7.56491507729826
