x1,y1,theta1,x2,y2,theta,length
11.95817248392633,6.155362672194588,2.8746799964976915,7.8337144800893945,8.435372115629065,2.770369302921469,4.714064665539557
7.833006270367873,8.435646664431095,2.771903283709354,0.8762006064763349,9.702092597589319,4.20157337801877,7.2271325552660795
0.8760972300749912,9.70190786772249,4.2031073588066565,9.178393881940575,1.0050554367463274,6.2479037490582146,12.220798444924181
9.178951933954485,1.0050362045113217,6.249437729846102,12.991488914211619,4.215043435846587,7.35543787791165,5.021224188341633
12.991832627922903,4.2156760101129915,1.0737865515199487,13.106307866016158,5.945001541582719,2.2702915660707474,1.7797608216780971
13.105980103795675,5.9453897589320475,2.2718255468586346,11.958890741164367,6.1551669826778035,2.876213977285576,1.2016056777880273
