x1,y1,theta1,x2,y2,theta,length
11.958478453922528,6.155183789531282,2.875506264902053,7.83365084927485,8.43545361612319,2.771718298205023,4.714532870273039
7.83365084927485,8.43545361612319,2.771718298205023,0.8757902354266969,9.702113764000716,4.20218809056614,7.228431874852704
0.8757902354266969,9.702113764000716,4.20218809056614,9.178619814744698,1.0047847345032084,6.248758901156159,12.221960857925561
9.178619814744698,1.0047847345032084,6.248758901156159,12.991817485079649,4.215371373441991,1.0728502673520515,5.0222134688595865
12.991817485079649,4.215371373441991,1.0728502673520515,13.10655748200058,5.945150709687757,2.2716605346197896,1.780507608108531
13.10655748200058,5.945150709687757,2.2716605346197896,11.958478453922528,6.155183789531282,2.875506264902053,1.2026391939723677
