x1,y1,theta1,x2,y2,theta,length
2.329440301275836,8.226862383814616,0.7424467013366502,6.078568578290149,7.3323890061048385,-0.2699806186678724,3.9354235529771713
6.080782231653758,7.331777540973218,6.016272650087483,8.361041750138698,6.799945326456966,6.372156192876953,2.3442733389542685
8.363038801864565,6.800128911035751,0.09203884727313846,11.571065212382369,8.217820651143631,0.4238925962203747,3.510241220015376
11.571967483936202,8.218227814196002,0.4239172515409983,12.582938010032828,8.513580677453351,-0.36201946594101386,1.0821974248143165
12.584001221932814,8.513174414892934,5.9180978796628025,13.60252412843457,6.094187932580915,4.212311243533971,2.725477876614234
13.602292442542202,6.0937668871842865,4.2092432819582,11.518601032051023,5.577703433417585,3.451456772742693,2.199494644261616
11.516802534671724,5.5771263665422754,3.454524734318464,6.315686532945255,2.929354281841066,3.4483888111669208,5.837002433425327
6.314500759180381,2.928979441630972,3.44532084959115,5.6039454911817606,2.80978998731137,3.506680081106577,0.7215486204894758
5.602795955725537,2.809349851881633,3.5097480426823466,3.318749381725841,1.3245051999550097,3.3839616180757233,2.7284098583335528
3.3168352111309765,1.3240327088840302,3.3808936564999534,0.8008499272842233,1.715248000887467,2.245747873464578,2.5864704481822485
0.7998743818556564,1.7164689032825406,2.242679911888807,0.7945135190427499,2.9558436240661017,1.4564435843883548,1.2699370421515768
0.794684280951576,2.9573332656252305,1.4568796933241153,1.2472832166653216,6.06463201947398,0.8252816638824756,3.159187333758916
1.2480918508600196,6.065501950529863,0.8222137023067038,2.2911368720669016,6.514502567048745,0.9817477042468102,1.1697980821190992
2.291721714450184,6.5153835450851165,0.9848156658225816,2.1687534597604166,7.850732620623523,1.586136134673752,1.3729768462279368
2.1682852969700583,7.852829427698872,1.583434457946323,2.3290703453468584,8.2265177641079,0.7455146629124219,0.4189598975169506
