x1,y1,theta1,x2,y2,theta,length
2.3292725572245465,8.22730076072045,0.748434824925505,6.080846193832688,7.33172659321886,6.013105188520153,3.939574204515126
6.080846193832688,7.33172659321886,6.013105188520153,8.361266880291915,6.799619898007851,0.09167399207739027,2.3445692776419533
8.361266880291915,6.799619898007851,0.09167399207739027,11.568182800176597,8.217779885501574,0.4241927966793527,3.509431706291439
11.568182800176597,8.217779885501574,0.4241927966793527,12.58315437442049,8.514110312675149,5.9185762854276645,1.0866273551563141
12.58315437442049,8.514110312675149,5.9185762854276645,13.602462816013098,6.093423353806673,4.209485024946462,2.7279769410072894
13.602462816013098,6.093423353806673,4.209485024946462,11.517056068731986,5.5773694628381465,3.4519832417247223,2.201241021300527
11.517056068731986,5.5773694628381465,3.4519832417247223,6.314827574865164,2.9289735114186373,3.4476139284173115,5.838298916184029
6.314827574865164,2.9289735114186373,3.4476139284173115,5.602902621972463,2.8095418343659646,3.5071278957589436,0.7229601013077245
5.602902621972463,2.8095418343659646,3.5071278957589436,3.3172056448559495,1.3237546369624478,3.383440241029592,2.730354275427448
3.3172056448559495,1.3237546369624478,3.383440241029592,0.7993909601689226,1.71581602103534,2.2450072097681204,2.5885664495459153
0.7993909601689226,1.71581602103534,2.2450072097681204,0.7927361774335975,2.9546945981715163,1.4569373272817014,1.2696390651222877
0.7927361774335975,2.9546945981715163,1.4569373272817014,1.2466877813661572,6.064632080855516,0.8216701041580449,3.162313008663187
1.2466877813661572,6.064632080855516,0.8216701041580449,2.2917251768093685,6.514410398687304,0.9838496056701184,1.1721629774910547
2.2917251768093685,6.514410398687304,0.9838496056701184,2.169605410876681,7.8517580766847574,1.5891192984911104,1.3748709027505444
2.169605410876681,7.8517580766847574,1.5891192984911104,2.3292725572245465,8.22730076072045,0.748434824925505,0.42034223678280275
