x1,y1,theta1,x2,y2,theta,length
14.39436554362317,6.031203198167777,5.258639182353473,12.555513746900544,1.686900012140788,-2.124055040829296,4.752536969671189
12.555513746900544,1.686900012140788,-2.124055040829296,11.642310409016389,0.7076201608403426,3.143732921541957,1.3638766530707578
11.642310409016389,0.7076201608403426,3.143732921541957,9.379172670024582,3.1517137872729193,3.211708629155295,3.3873998169535064
9.379172670024582,3.1517137872729193,3.211708629155295,7.853765070862459,0.9486363586375475,-2.7629130003328615,2.720518836047963
7.853765070862459,0.9486363586375475,-2.7629130003328615,4.074693563915388,1.9997996908354145,2.0998452048747773,3.9522944740202095
4.074693563915388,1.9997996908354145,2.0998452048747773,4.884384359029871,5.646526295327327,1.854829356556647,3.759063857004234
4.884384359029871,5.646526295327327,1.854829356556647,2.0724621325382726,8.55939438477305,1.1984884302824197,4.11528755185348
2.0724621325382726,8.55939438477305,1.1984884302824197,9.174882535331827,8.806966254875633,0.3112685812020557,7.1708510798392116
9.174882535331827,8.806966254875633,0.3112685812020557,10.518901994698913,9.532324470157926,-0.6176285342397203,1.5897475925455806
10.518901994698913,9.532324470157926,-0.6176285342397203,10.038494537820437,6.970553640836191,-1.0851482574367226,2.685354072421121
10.038494537820437,6.970553640836191,-1.0851482574367226,11.88274113730362,6.281248703918847,-0.1895442590019924,1.9856874155291169
11.88274113730362,6.281248703918847,-0.1895442590019924,14.39436554362317,6.031203198167777,5.258639182353473,2.5579028847865413
