TIME,LB,UB,OPEN,GAP,TREE
0.02255702018737793,0.0,23.962299012958887,1,100.0,1
0.02260899543762207,22.408966134719755,23.962299012958887,1,6.482403367886716,1
0.14484500885009766,22.408966134719755,23.962299012958887,3,6.482403367886716,4
0.2842140197753906,22.408966134719755,23.962299012958887,3,6.482403367886716,4
0.38014698028564453,22.408966134719755,23.962299012958887,3,6.482403367886716,4
0.6870400905609131,22.865056327726446,23.962299012958887,3,4.579037615042901,4
1.033102035522461,23.089386890352326,23.962299012958887,3,3.642856314139504,4
1.9839370250701904,23.3634821010936,23.962299012917953,2,2.4989960750491216,4
1.9840049743652344,23.3634821010936,23.962299012917953,3,2.4989960750491216,4
3.050727128982544,23.65320642590167,23.962299012917953,3,1.2899120691618695,4
5.747465133666992,23.65391052528745,23.962299012917953,3,1.2869737059213369,4
13.63136601448059,23.805397866207336,23.962299012917953,3,0.6547833604197657,4
41.82892203330994,23.883404752790234,23.96229901291669,2,0.3292432837263651,4
41.82898807525635,23.883404752790234,23.96229901291669,3,0.3292432837263651,4
149.00939202308655,23.92270936936647,23.96229901291669,3,0.16521638232158703,4
602.2559490203857,23.942470189982366,23.962299012916688,2,0.08275008555578664,4
602.2560260295868,23.942470189982366,23.962299012916688,3,0.08275008555578664,4
3190.211545944214,23.952374628488677,23.962299012916688,3,0.041416662160260014,4
3193.6813690662384,23.954555942915487,23.962299012916688,2,0.03231355220560035,4
