x1,y1,theta1,x2,y2,theta,length
1.5044766906583664,6.038313652845501,1.5048351529158137,11.97855739037834,7.78392605786633,-1.158155494853658,10.978573833133057
11.978648579837477,7.7837175243422045,5.123495831538042,9.953352379956906,5.731207329698584,3.902447124381072,3.034841079326707
9.952832458317864,5.730711602395179,3.903981105168957,8.115871176568541,3.712621827360507,3.426913080136522,2.743541928695708
8.114981613873637,3.712362092799277,3.4253790993486364,1.5044631975537248,6.038107202219597,1.5063691337037,7.200377979216075
