x1,y1,theta1,x2,y2,theta,length
1.5040266750260622,6.0382125373856415,1.5055569945514986,11.979066614630888,7.783883143251183,5.12447704844572,10.980016869544581
11.979066614630888,7.783883143251183,5.12447704844572,9.953041132407137,5.730960887076838,3.9031372731933485,3.036041594672208
9.953041132407137,5.730960887076838,3.9031372731933485,8.115743803285584,3.7122694228609188,3.4258105296468004,2.744309400522034
8.115743803285584,3.7122694228609188,3.4258105296468004,1.5040266750260622,6.0382125373856415,1.5055569945514986,7.201931148177867
