x1,y1,theta1,x2,y2,theta,length
7.827410916843033,1.1003083885237168,0.0935728280610241,11.614185097158234,3.5538868878463163,1.334563285460508,4.557675966790029
11.61429261963064,3.554334135497384,1.3360972662483934,8.157542259650905,9.206384181351005,2.9743887477102575,6.714416204761964
8.156848576115097,9.20650065821881,2.9759227284981433,6.73561722462177,8.320041465417418,3.368621810196868,1.7189011542486117
6.7352185059258405,8.31994938503442,3.367087829408982,2.884599421713627,8.962672385589986,3.9177869322599284,3.984386695184755
2.884169102051799,8.96224929710349,3.9193209130478133,3.1474202204009893,6.777958985529093,5.143437581780557,2.2721844878374062
3.147727381334321,6.777293234270511,5.144971562568442,7.264423760737369,1.2832133359973474,5.632777453116075,6.867833387398541
7.265277552857571,1.2825648517937884,5.634311433903961,7.826772832609584,1.100249437798221,6.375224154452724,0.5993581849005591
