x1,y1,theta1,x2,y2,theta,length
7.827331627102707,1.100140954917993,0.09231903229996644,11.614500345100993,3.5542247013297876,1.3349222553415476,4.558394919525806
11.614500345100993,3.5542247013297876,1.3349222553415476,8.157358168240062,9.206829067938104,2.975293184093483,6.715420091060438
8.157358168240062,9.206829067938104,2.975293184093483,6.735252419164212,8.319851604001137,3.36850270772908,1.7200205315784491
6.735252419164212,8.319851604001137,3.36850270772908,2.8840046358454194,8.962770981851962,3.918482488163,3.985284133219998
2.8840046358454194,8.962770981851962,3.918482488163,3.1473993411521834,6.777818592905253,5.144712096983302,2.2730742616245085
3.1473993411521834,6.777818592905253,5.144712096983302,7.264636287632603,1.2828590481758995,5.6337539685142435,6.868883325181254
7.264636287632603,1.2828590481758995,5.6337539685142435,7.827331627102707,1.100140954917993,0.09231903229996644,0.6006481344989163
