TIME,LB,UB,OPEN,GAP,TREE
0.018203020095825195,0.0,33.93865443440435,1,100.0,1
0.018229961395263672,31.125282446633395,33.93865443440435,1,8.289580228375163,1
0.13983511924743652,31.125282446633395,33.93865443440435,3,8.289580228375163,4
0.18561196327209473,31.761278629832614,33.938654429099664,2,6.415622056601412,5
0.32918500900268555,31.761278629832614,33.938654429099664,3,6.415622056601412,8
0.5521750450134277,31.932293185225596,33.9386544290993,2,5.911728905060636,12
0.6286239624023438,31.932293185225596,33.9386544290993,3,5.911728905060636,13
1.05354905128479,31.932293185225596,33.9386544290993,5,5.911728905060636,19
1.1927680969238281,31.932293185225596,33.93865442908423,4,5.9117289050188555,19
1.1927919387817383,31.932293185225596,33.93865442908423,5,5.9117289050188555,19
1.5538301467895508,32.47061281283085,33.93865442907607,4,4.325574012703077,19
1.5538520812988281,32.47061281283085,33.93865442907607,5,4.325574012703077,19
1.6857309341430664,32.64930201904322,33.93865442907607,5,3.7990675579884754,19
2.5546860694885254,33.177505451738895,33.93865442907581,4,2.242719960885741,19
2.554713010787964,33.177505451738895,33.93865442907581,5,2.242719960885741,19
2.702439069747925,33.46648244948167,33.93865442907581,4,1.391251325478674,19
5.013637065887451,33.54566113129528,33.93865442907581,4,1.1579519117406258,19
11.95442008972168,33.73863724308883,33.93865442907581,4,0.5893491929827996,19
12.020761966705322,33.73901631586302,33.93865442907581,3,0.5882322577932227,19
12.500020980834961,33.83245666036562,33.93865442907581,2,0.31291095801136803,19
32.33542799949646,33.83787078188559,33.938654429074944,1,0.29695828807818664,19
32.33547115325928,33.83787078188559,33.938654429074944,2,0.29695828807818664,19
97.75944709777832,33.88808463149554,33.93865442907492,1,0.14900354309881655,19
97.75949311256409,33.88808463149554,33.93865442907492,2,0.14900354309881655,19
353.546884059906,33.91331493517946,33.93865442907486,1,0.07466263563382063,19
353.5469579696655,33.91331493517946,33.93865442907486,2,0.07466263563382063,19
1679.0043580532074,33.925974430459426,33.93865442907483,1,0.0373615242817088,19
1679.0044310092926,33.925974430459426,33.93865442907483,2,0.0373615242817088,19
