x1,y1,theta1,x2,y2,theta,length
10.60881299782641,1.4860615086576123,3.3180004441966418,9.21115672361218,1.0027767335736852,3.043417883165112,1.4869280857894083
9.210478412227742,1.0028441146148377,3.0418839023772266,4.9187541826588905,3.728474404525671,2.3914760483137156,5.093168375591977
4.918202353793824,3.728989868047766,2.389942067525829,0.8594355591619773,9.674285841666315,0.9970875121256664,7.331484311159281
0.8595795848750982,9.674508203813906,0.9955535313377812,7.8553655597061836,8.427565484327738,-0.3221359654559841,7.238388235774829
7.856089117376162,8.427323117847108,5.959515360935716,13.072402899370923,5.990281809575086,5.301437602932776,5.771354378407972
13.072763553386345,5.989740579029414,5.29990362214489,13.1206644720411,1.5869153430112521,3.9285247977751263,4.459959266138802
13.120292280993826,1.5865420223914897,3.9269908169872414,10.60955289614242,1.4861927489712008,3.3164664634087564,2.5510299423380367
