x1,y1,theta1,x2,y2,theta,length
10.60909384235136,1.486189184791527,3.3170796057978404,9.210780458087044,1.002637587604139,3.042690439257953,1.487686991743214
9.210780458087044,1.002637587604139,3.042690439257953,4.91858456178312,3.728541179660477,2.390293020593382,5.093766719355621
4.91858456178312,3.728541179660477,2.390293020593382,0.8591387292659823,9.674489264800663,0.9960745129572595,7.3327474236482075
0.8591387292659823,9.674489264800663,0.9960745129572595,7.855606931140765,8.427525286789932,5.960002312220383,7.239231496035198
7.855606931140765,8.427525286789932,5.960002312220383,13.072623852025728,5.990316418339412,5.300207692101226,5.772158679624191
13.072623852025728,5.990316418339412,5.300207692101226,13.120478253762915,1.5863344136906146,3.9283162942173595,4.461169898458231
13.120478253762915,1.5863344136906146,3.9283162942173595,10.60909384235136,1.486189184791527,3.3170796057978404,2.5518932202101716
