x1,y1,theta1,x2,y2,theta,length
3.6286704766762763,8.673983109914227,6.21875811408839,4.651507476796887,7.949480131541903,5.632777453116076,1.3000517342488258
4.653362528298668,7.948082337718493,5.635845414691847,6.486865812614146,7.294744891331618,6.1850105367549055,1.9536518325326238
6.490924740366035,7.294351922960047,6.188078498330677,10.359060642703799,7.804227230299964,6.479534848028949,3.9036405190352976
10.362697934877012,7.804953431582883,0.19941750242513334,14.7209777312252,8.509220488424905,-0.6994952392758514,4.533501843883217
14.722184104514241,8.508200761169448,5.580622106327963,14.950798552463947,6.302025052276799,4.626486056263094,2.316755699455459
14.95050957881649,6.298627001661685,4.629554017838865,14.123523027770643,1.784221595941336,3.6293985441374272,4.725963115375885
14.121652757298955,1.783234177989155,3.626330582561656,11.205920861389588,2.915532813129751,2.622681008672025,3.2536625807843897
11.203047387912733,2.9171750760724118,2.622066159548244,10.01325707528132,3.145060735191898,3.54042765844006,1.2696944522792226
10.011633733203123,3.1443725175803428,3.543495620015831,9.075611081355898,1.7454943865706127,3.8748354701991303,1.744155854723313
9.073111430160328,1.7432607597740841,3.8717675086233587,7.115735274328563,1.3012164411800256,3.2551072318933327,2.033587362785055
7.112796828260336,1.3008885068690113,3.2520392703175593,3.5159919135071225,1.2954102055587544,2.4298255680108554,3.6659543516995523
3.5140856161452145,1.297061126673422,2.426757606435084,2.9463654278797318,5.265419076361291,1.8929322922508813,4.079682099759398
2.9452188602646365,5.26884133649791,1.8960002538266523,2.003477735322731,7.11932423334822,1.5002332105521565,2.1116760551393163
2.0036882371361835,7.122247461831902,1.4971652489763856,3.62626378440634,8.674130578743064,-0.061359231515425106,2.402087269682694
