TIME,LB,UB,OPEN,GAP,TREE
0.02826094627380371,0.0,29.760415214051022,1,100.0,1
0.02829599380493164,26.142815066458567,29.760415214051022,1,12.155744876450678,1
0.11252093315124512,26.142815066458567,29.760415214051022,2,12.155744876450678,4
0.18243098258972168,27.26085213440987,29.61731704750096,1,7.956375350649543,6
0.25590991973876953,27.26085213440987,29.61731704750096,3,7.956375350649543,8
0.3821530342102051,27.27557368130687,28.587170535839523,2,4.588061112548068,11
0.4599299430847168,27.27557368130687,28.587170535839523,3,4.588061112548068,13
0.5330119132995605,27.559058280366845,28.587170522073073,2,3.5964113374298097,13
0.5330379009246826,27.559058280366845,28.587170522073073,3,3.5964113374298097,13
0.6315340995788574,27.61353297853999,28.587170522073073,3,3.405854884383562,13
0.8213760852813721,27.95289715527499,28.587170522073073,3,2.2187343315713632,13
1.0984909534454346,28.07571074737962,28.587170522073073,3,1.789123461164295,13
1.7630479335784912,28.24997771099663,28.587170522073073,3,1.179524957939031,13
2.585153102874756,28.36730913417339,28.587170522073073,3,0.7690911128470086,13
4.540230989456177,28.4111208481605,28.5871705217085,2,0.6158345521264931,13
4.54027795791626,28.4111208481605,28.5871705217085,3,0.6158345521264931,13
11.343143939971924,28.497942475353447,28.5871705217085,3,0.31212619061860464,13
13.8213369846344,28.530802754551928,28.5871705217085,2,0.1971785459276855,13
39.28374099731445,28.5420425029927,28.587170521695853,1,0.15786108901160242,13
39.28381109237671,28.5420425029927,28.587170521695853,2,0.15786108901160242,13
142.94117903709412,28.564496328922342,28.5871705216897,1,0.07931597410158008,13
142.9412500858307,28.564496328922342,28.5871705216897,2,0.07931597410158008,13
596.6004528999329,28.57581100487844,28.5871705216897,2,0.039736415335831526,13
3124.903403043747,28.5814843972287,28.58717052168943,1,0.019890476591295867,13
3124.903491973877,28.5814843972287,28.58717052168943,2,0.019890476591295867,13
