x1,y1,theta1,x2,y2,theta,length
13.23045226198238,0.5215480446197917,3.7705247766229055,6.9578247039102505,1.1368013252758562,2.1491070838277815,6.347051249081774
6.957738908725569,1.1369329690278998,2.1475731030398975,7.707610029319638,3.5313224700294934,0.6335340653967696,2.547212014674333
7.7078835208504515,3.5315228515825785,0.6320000846088842,8.563523326323846,3.669669405034522,0.8283496254582489,0.8889080651944233
8.563744486568401,3.669911002334605,0.8298836062461319,8.487644412605357,6.495319019854942,1.0139613007924055,2.85537565078064
8.487810916369138,6.49558646302473,1.0124273200045233,15.071655320073987,9.075089620624562,-0.70256320085162,7.131261322133492
15.071754089952151,9.075005974423638,5.5790881255400775,13.230648796660915,0.5216910310294026,3.7720587574107904,8.81451736577561
