x1,y1,theta1,x2,y2,theta,length
13.230735448756771,0.5216219803005809,3.7705762500698365,6.95769117049377,1.1368247702705103,2.1484248177346714,6.34752928524365
6.95769117049377,1.1368247702705103,2.1484248177346714,7.707548837516077,3.531426115538315,0.6321847800976257,2.5475510372690855
7.707548837516077,3.531426115538315,0.6321847800976257,8.56371055616087,3.6696179381407426,0.8293589411692077,0.8895178821297917
8.56371055616087,3.6696179381407426,0.8293589411692077,8.487725520006236,6.495665553115843,1.0139016187091394,2.8560492311392074
8.487725520006236,6.495665553115843,1.0139016187091394,15.071870230094236,9.07506940994023,5.580472890187147,7.131592447070598
15.071870230094236,9.07506940994023,5.580472890187147,13.230735448756771,0.5216219803005809,3.7705762500698365,8.814930638837097
