x1,y1,theta1,x2,y2,theta,length
4.586193175232802,5.464381541456018,3.610209362555089,2.217884302677746,3.6928432650274403,4.7714364882654445,2.9981922636866685
2.217884302677746,3.6928432650274403,4.7714364882654445,6.730022911100167,1.2802038436726193,0.3661982032823097,5.184134787924749
6.730022911100167,1.2802038436726193,0.3661982032823097,7.701358049480397,3.5526923017611214,0.662477388192427,2.500015020500951
7.701358049480397,3.5526923017611214,0.662477388192427,8.742847094825594,3.704848773632792,0.20096143566091224,1.0588501198378555
8.742847094825594,3.704848773632792,0.20096143566091224,11.503018641327538,4.507519736367166,6.091691605172319,2.8790857400380165
11.503018641327538,4.507519736367166,6.091691605172319,11.8681351842867,4.251397583591207,-0.6730086558695909,0.44975435806847586
11.8681351842867,4.251397583591207,-0.6730086558695909,13.324740056769441,3.0639106903162134,5.145082110517417,1.883358511902671
13.324740056769441,3.0639106903162134,5.145082110517417,13.438260811788584,0.5866555434924652,5.94323175729771,2.5539778719743618
13.438260811788584,0.5866555434924652,5.94323175729771,15.48811363607212,3.050070581830497,1.2783636753432432,3.2806777513204453
15.48811363607212,3.050070581830497,1.2783636753432432,15.050681368905492,9.005856487703312,2.5533803617671347,6.004468012281165
15.050681368905492,9.005856487703312,2.5533803617671347,4.586193175232802,5.464381541456018,3.610209362555089,11.078614860636353
