x1,y1,theta1,x2,y2,theta,length
9.416372680377382,1.4722772423444976,2.88234990043712,5.2164686649126555,4.13231726773656,2.4497673182533686,4.976645074082259
5.215297405936906,4.133290572118305,2.448233337465483,1.2786362396184798,9.401050757624693,0.9955535313377801,6.893463075781815
1.278833043230056,9.401353845432046,0.9940195505498955,7.653066007030796,7.969178182939887,-0.36815538909255474,6.848884185615388
7.654496485434689,7.968626200047331,5.913495937299146,12.669967122147648,5.692706812668287,5.325981295538946,5.534238498253274
12.670713884598344,5.691643272688207,5.32444731475106,12.729914379225018,1.9015869359440911,3.982214125351126,3.8941840535569403
12.729188454668678,1.9007779197787897,3.980680144563239,9.417782951567855,1.4719044848478813,2.883883881225005,3.4129557142997036
