x1,y1,theta1,x2,y2,theta,length
9.416959917238218,1.4718768625271101,2.8831767437276126,5.216364621008571,4.132284738513338,2.4482981308758514,4.97747633415681
5.216364621008571,4.132284738513338,2.4482981308758514,1.2781550469958518,9.401677881307915,0.994869737203426,6.896236433622326
1.2781550469958518,9.401677881307915,0.994869737203426,7.654393473395514,7.968690215283712,5.914911015088279,6.851695107775541
7.654393473395514,7.968690215283712,5.914911015088279,12.67043830659544,5.692744106645353,5.3248049493047125,5.53495802671649
12.67043830659544,5.692744106645353,5.3248049493047125,12.730096794108025,1.9009803850041167,3.981233387348187,3.896253103732025
12.730096794108025,1.9009803850041167,3.981233387348187,9.416959917238218,1.4718768625271101,2.8831767437276126,3.414893080435897
