x1,y1,theta1,x2,y2,theta,length
3.4954509909163844,9.32393970181927,5.948777495420515,4.237346513530703,5.867000268380726,5.712544454086128,3.6881185361035533
4.237732500866992,5.8667534578945855,5.7156124156619,5.713767557960235,6.214766860521456,6.648487797937074,1.5677313298746787
5.715776577527606,6.2155350151732565,0.3651005055192983,8.919775839958456,7.42611351956744,0.13499030933393907,3.426058367398908
8.921817067683348,7.426390174639307,0.13192234775816514,10.506232565185844,7.300244272797079,0.13192234775816614,1.591179857538394
10.508273013878304,7.30051996138296,0.1349903093339364,14.976470245113692,8.74862276624295,-0.6258641614573424,4.768943115416715
14.977218957298959,8.74808079240972,5.654253184146473,15.099504025623439,6.98185848723002,4.3779811686256185,1.8372279063341155
15.099150439285653,6.980845331357774,4.374913207049848,14.529715352490298,6.129064993929951,4.3411656297163645,1.027267602641982
14.528928818621864,6.127028095867106,4.344233591292135,14.346507150496468,4.617326790973742,4.724660826687773,1.5221867637185584
14.346520897754303,4.616269148235583,4.727728788263546,14.509936536497309,1.045520667212147,3.635534467288969,3.698203170124115
14.50951259343354,1.0452935969925221,3.6324665057131984,11.235728484445307,3.4737556257502336,2.7550294950426113,4.203137144360049
11.234295025535795,3.47433851129141,2.758097456618383,9.941181845427655,3.4877805823838477,3.6508742751678263,1.3095986541872773
9.93979694202746,3.4870041336698283,3.6539422367435974,9.340517281304695,2.4564786532538885,4.641825864141951,1.2125099305908438
9.340378422208998,2.4545248250305662,4.6448938257177215,9.610720263183515,0.997901734708175,4.108000549957747,1.5362785832869537
9.61030794047773,0.9973070462781589,4.104932588381976,7.6315865535876535,0.7757318264497481,3.334874232863383,2.050442555984067
7.629793551576113,0.7753750286128124,3.3379421944391554,7.1692050855460145,0.6041877853144226,3.3440781175906986,0.49224132174202695
7.168419198060486,0.6040277362180403,3.3410101560149266,2.9532577986451365,0.6719072284832821,2.478912953223196,4.2396482087518805
2.952612757954323,0.6724105700241226,2.475844991647425,1.9520448910883137,4.338879920358708,1.8346410223112266,3.8232010478011413
1.9516759775642154,4.3402390305441445,1.8377089838869982,1.183721499039984,7.119765217727364,1.3499030933393652,2.894036436494328
1.1839542469178346,7.12080159306362,1.346835131763593,3.494718540232853,9.32419307092822,-0.3313398501832999,3.3188452908846955
