TIME,LB,UB,OPEN,GAP,TREE
0.02291703224182129,0.0,32.613746405174005,1,100.0,1
0.022958993911743164,31.078763519461944,32.613746405174005,1,4.706551852836337,1
0.17143702507019043,31.078763519461944,32.61358303792673,1,4.706074510978834,4
0.17149996757507324,31.078763519461944,32.61358303792673,2,4.706074510978834,4
0.3982980251312256,31.078763519461944,32.61358303792673,2,4.706074510978834,8
0.4527461528778076,31.078763519461944,32.61358296492456,1,4.706074297673129,9
0.6767439842224121,31.078763519461944,32.61358296492456,4,4.706074297673129,13
0.8235650062561035,31.078763519461944,32.61358295999552,3,4.706074283270916,13
0.8236241340637207,31.078763519461944,32.61358295999552,4,4.706074283270916,13
0.9980931282043457,31.078763519461944,32.61358295999552,4,4.706074283270916,13
1.3300211429595947,31.383832593644843,32.61358294937402,3,3.7706692872050125,13
1.3300790786743164,31.383832593644843,32.61358294937402,4,3.7706692872050125,13
1.4608509540557861,31.50723838148767,32.61358294937402,4,3.392281582810835,13
1.891348123550415,31.86197570235018,32.61358294937402,4,2.304583486550862,13
2.839898109436035,31.958814137540454,32.61358294937402,4,2.007656787817402,13
5.833439111709595,32.2779712980233,32.61358294937402,4,1.0290548323736357,13
7.10617208480835,32.4427969531615,32.61358294937402,3,0.523665236284015,13
15.727498054504395,32.443226751137345,32.61358294936726,2,0.5223473866529678,13
15.727556943893433,32.443226751137345,32.61358294936726,3,0.5223473866529678,13
16.124499082565308,32.4630778039992,32.61358294936726,2,0.46147994717944657,13
41.77608394622803,32.527913516112996,32.61358294936726,2,0.26268022555899345,13
168.36396098136902,32.570546982160714,32.613582949367185,1,0.13195718873723475,13
168.3640260696411,32.570546982160714,32.613582949367185,2,0.13195718873723475,13
661.3247449398041,32.59203254311948,32.61358294936517,1,0.06607800890550958,13
661.3248081207275,32.59203254311948,32.61358294936517,2,0.06607800890550958,13
3248.8525500297546,32.60279668461755,32.61358294936517,2,0.03307292168530446,13
