x1,y1,theta1,x2,y2,theta,length
11.978183141075771,6.288264683465055,2.8992236891038616,7.892534986222077,8.582815576354884,2.7749712452851236,4.687818664799538
7.892051711160673,8.583000868344099,2.7765052260730108,0.7363446828712765,9.785043088726944,4.213845224321856,7.411282509130882
0.7362759756494323,9.78491648230907,4.215379205109742,9.1797014578019,1.1280929969176288,6.252505691421873,12.288596165440387
9.180400466593985,1.128072546560604,6.2540396722097595,12.946531098380003,4.283430975165327,7.287942723244684,4.947976853259693
12.946983616921786,4.284143740578827,1.0062913968529807,13.27983214412693,6.105208712425463,2.230408065585722,1.910182454002327
13.279685721268043,6.105397025772876,2.2319420463736073,11.97909139750029,6.288040118893183,2.9007576698917483,1.3623311255459727
