x1,y1,theta1,x2,y2,theta,length
11.978978187829053,6.287932773719119,2.8993852067892276,7.892208578236162,8.582982716680457,2.7754277359132615,4.6890458375923485
7.892208578236162,8.582982716680457,2.7754277359132615,0.7361699948906412,9.78524230898165,4.215097906372575,7.412110651069322
0.7361699948906412,9.78524230898165,4.215097906372575,9.179658813313528,1.1277687945011494,6.253887146349079,12.289384411312355
9.179658813313528,1.1277687945011494,6.253887146349079,12.947033265733356,4.283991978513948,1.0049651689089074,4.949506694362027
12.947033265733356,4.283991978513948,1.0049651689089074,13.279977538038688,6.105288727658488,2.2317246005381106,1.9107290956555336
13.279977538038688,6.105288727658488,2.2317246005381106,11.978978187829053,6.287932773719119,2.8993852067892276,1.3628062593735764
