x1,y1,theta1,x2,y2,theta,length
3.901731121808949,8.286183435600345,0.10411620113852234,6.57605069355489,8.562911584764247,0.0,2.6886914636288983
6.8115632094241025,8.37693410983455,5.497787143782138,7.3620250559240485,4.962186778557259,4.8422468110728305,3.4802536145867387
7.392685335888915,4.739609962226692,-1.426874273918392,7.369110822801299,3.5021760706578573,3.926990816987242,1.285312407067255
7.250811801461485,3.4373851292976516,3.141592653589793,5.088569302514516,5.37362025916283,1.570796326794898,2.9821734076052646
5.132383003130337,5.600600911793684,0.7853981633974483,15.16728380586685,8.808316296514054,-0.7853981633974503,10.649331420361174
15.230660942418485,8.72456828766343,4.71238898038469,11.602886439697496,3.337470214993979,4.106000143491597,6.512364973716425
11.532935837367335,3.010178382950808,4.71238898038469,11.934384006010088,0.7753393551521695,4.712388980384691,2.271602838311485
11.726741694094326,0.5237762577420678,3.9269908169872414,3.219602318137332,0.3330009423723701,3.141592653589795,8.5464055673954
3.0772969006237267,0.42405076384107077,2.356194490192345,1.0529144009891682,4.905101515249482,1.570796326794898,4.927330011701928
1.1054817628527802,5.280525718674618,0.8655737792884594,3.474665816276909,8.061212000807574,0.785398163397447,3.6531575916956336
