x1,y1,theta1,x2,y2,theta,length
2.7350916213507426,9.078862712758866,0.7915340865489908,7.54372579062918,8.681743907088698,-0.17140391265506727,4.947969660182772
7.548016452810628,8.681001087290264,-0.17144720256248588,14.944104807957865,6.7358521703622865,4.893398713355194,7.899324471420221
14.94420559690042,6.735300689656898,4.890330751779424,13.550845173849414,5.155830916497717,3.68462185250131,2.280754032194909
13.548803833262221,5.154595615713123,3.687689814077081,7.558589187014544,1.458567747083538,3.506680081106575,7.039823399202541
7.556112125351312,1.4576257790206466,3.5036121195308043,6.83067013723945,1.3301875616380399,3.132388768862479,0.7386806697911965
6.828779992684699,1.3302047199436673,3.129320807286708,3.4584704249699874,2.152355381661679,2.3285828360104035,3.505390886110198
3.4575402764449326,2.1533406078619897,2.3255148744346323,2.7343579845364014,9.078157406803118,0.7976700097005329,7.117854546274398
