x1,y1,theta1,x2,y2,theta,length
2.7485657395347127,9.092327338394622,0.7666192553624211,14.944704526907778,6.736804882324169,4.892837744014006,12.831033734528198
14.944704526907778,6.736804882324169,4.892837744014006,13.549178534828048,5.154837026006316,-2.5979913318612957,2.285527795755037
13.549178534828048,5.154837026006316,-2.5979913318612957,7.557604524918909,1.4579188182944054,3.504948410974261,7.041479599722634
7.557604524918909,1.4579188182944054,3.504948410974261,6.830685749131774,1.3300163446800668,3.132386236686992,0.7402394218879038
6.830685749131774,1.3300163446800668,3.132386236686992,3.457291223038446,2.1528938484734117,2.328010915178675,3.5087141250188343
3.457291223038446,2.1528938484734117,2.328010915178675,2.7485657395347127,9.092327338394622,0.7666192553624211,7.1431727097490665
