TIME,LB,UB,OPEN,GAP,TREE
0.01634812355041504,0.0,26.019941840853363,1,100.0,1
0.016404151916503906,24.464530004963592,26.019941840853363,1,5.977768303262122,1
0.08077502250671387,24.464530004963592,26.01994184085259,2,5.977768303259323,3
0.12482810020446777,24.464530004963592,26.01994184085259,3,5.977768303259323,4
0.17188715934753418,24.559584062244745,25.60373448697078,2,4.078117687313861,5
0.327531099319458,24.559584062244745,25.60373448697078,3,4.078117687313861,8
0.6512451171875,24.559584062244745,25.60373448697078,4,4.078117687313861,13
0.767085075378418,24.559584062244745,25.60373448697078,4,4.078117687313861,13
0.897150993347168,24.840289249980973,25.60373448697078,4,2.981772980727902,13
1.7539710998535156,24.95815521198695,25.60373448697078,5,2.5214262212895275,19
1.9065771102905273,24.95815521198695,25.60373448697078,5,2.5214262212895275,19
2.059818983078003,24.95815521198695,25.60373448697078,5,2.5214262212895275,19
2.4543111324310303,24.95815521198695,25.60373448697078,5,2.5214262212895275,19
2.865885019302368,24.95815521198695,25.60373448697078,5,2.5214262212895275,19
4.121457099914551,25.209696322390187,25.60373448697078,5,1.5389870754249184,19
5.334411144256592,25.21493766225211,25.60373448697078,5,1.5185160778655884,19
5.409198045730591,25.337162323619268,25.60373448697078,4,1.0411456324356319,19
5.679114103317261,25.353851122047136,25.60373448697078,3,0.9759645220926829,19
9.001049041748047,25.400341499338197,25.60373448697078,3,0.7943879738953136,19
12.48563003540039,25.411740643167,25.60373448697078,3,0.7498665630261113,19
22.388331174850464,25.500552919800857,25.603734486970644,2,0.4029942086077143,19
22.388400077819824,25.500552919800857,25.603734486970644,3,0.4029942086077143,19
31.648776054382324,25.51263885884483,25.603734486970644,3,0.3557903952338317,19
60.97895908355713,25.551692451476995,25.603734486970644,3,0.20325954996968298,19
91.15846014022827,25.564265029969405,25.603734486970644,3,0.154155078515302,19
188.74000000953674,25.577651532639965,25.603734486970644,3,0.10187167947688378,19
290.1777551174164,25.59040818600356,25.603734486970644,3,0.05204827043439691,19
627.8936619758606,25.59066690498143,25.603734486970644,3,0.05103779683336946,19
2079.0020949840546,25.597195659524154,25.603734486970577,2,0.025538569187049023,19
2079.0021681785583,25.597195659524154,25.603734486970577,3,0.025538569187049023,19
