x1,y1,theta1,x2,y2,theta,length
12.697852313492172,7.8380033064611885,3.862563623896045,7.641173459532892,2.386874099952003,4.845845308930734,7.463413208571458
7.641205733212277,2.386636488185438,4.847379289718626,8.682585791342268,1.6677764213729642,6.068427996875592,1.2929919063683366
8.682940713347241,1.6676995280609144,6.069961977663482,13.618968487233936,2.2729004045669225,7.067049489789148,4.986530108664525
13.619181136291958,2.2731126421900245,0.7853981633974483,14.250769389084073,7.181805703665898,1.2256506495206305,4.961525623682609
14.250896033627804,7.182156936341233,1.2241166687327416,15.49702200273642,9.11072525718604,0.9464661461254406,2.296628146105099
15.49724595088693,9.111036024854718,0.9449321653375549,15.774123834741795,9.817733487118488,2.3623304133438863,0.842741401181402
15.774088187842393,9.817770732573193,2.3653983749196588,12.698139546508807,7.838255006656349,3.8610296431081608,3.756633067655921
