x1,y1,theta1,x2,y2,theta,length
12.69814887953262,7.8382865530884995,3.8626719937629486,7.6410203808704,2.3868903911581754,4.847238672031451,7.464046722543308
7.6410203808704,2.3868903911581754,4.847238672031451,8.682625636044003,1.6677048685632596,6.069704835030603,1.2933825243861161
8.682625636044003,1.6677048685632596,6.069704835030603,13.619191608532715,2.272954839041257,0.7844464238979887,4.987105310832236
13.619191608532715,2.272954839041257,0.7844464238979887,14.250776415977864,7.181954025164473,1.2247044371062814,4.961886989590779
14.250776415977864,7.181954025164473,1.2247044371062814,15.498697070378643,9.113087297080309,0.9565153456785864,2.2997583573779994
15.498697070378643,9.113087297080309,0.9565153456785864,15.770134882986088,9.821980005470062,2.3460258142147126,0.8375627832206791
15.770134882986088,9.821980005470062,2.3460258142147126,12.69814887953262,7.8382865530884995,3.8626719937629486,3.759991799019461
