x1,y1,theta1,x2,y2,theta,length
13.51116081930796,8.780891518022878,3.9269908169872414,8.393065977768657,2.836831037581401,4.908738521234051,7.973797190091738
8.39243688559622,2.835366981831012,5.002103687712788,8.562415874558893,2.505814224766252,5.375068680751287,0.37296499303849906
8.56317951485265,2.5052020049457404,5.399612373357456,12.849436715761271,3.160016902655155,6.994952392758524,4.559244854602398
12.852505991656445,3.1625486402455185,0.7363107781851077,15.009143072202384,8.92607472302037,2.356194490192344,6.4284474481339275
15.007909556567741,8.926980401055213,2.405281875404685,13.515922614998301,8.785632131903004,3.9025634578240007,1.6779073462624088
