x1,y1,theta1,x2,y2,theta,length
8.37720190781019,2.86662161338397,5.193273032768924,12.930684827834865,3.2258468585627673,0.6534731141958735,4.879330406328588
12.930684827834865,3.2258468585627673,0.6534731141958735,15.079764512731622,8.873321122826045,2.4833267731905964,6.423944884369965
15.079764512731622,8.873321122826045,2.4833267731905964,8.37720190781019,2.86662161338397,5.193273032768924,9.758052547526477
