x1,y1,theta1,x2,y2,theta,length
14.658223939811576,0.8553652747600478,3.7551849687440493,9.043595346578378,3.2040227485640127,3.1247188649230497,6.178765287159939
9.042832487306157,3.2040345446110816,3.126252845710937,6.936986110104906,2.572623367444188,2.567883838920564,2.2649491842102405
6.936500374616223,2.572926302541554,2.564815877344792,6.617047176041636,4.377933254026822,1.9880391010997907,1.889916704568384
6.616653507450853,4.3788047884486305,1.9911070626755625,4.070963897920675,7.338214310951817,1.1290098598838307,4.040341549164142
4.071070895813722,7.338410426376605,1.0799224746714913,9.829381313780484,6.451183539620533,0.43565054375952084,6.00494284015311
9.829881257300201,6.451422014767718,0.44178646691106466,10.231819959861113,6.93193023784635,0.7056311624273951,0.6389084540049145
10.232207111074601,6.932261705701142,0.7025632008516237,13.38139007941867,7.76068738808287,-0.5031456984264895,3.3006686576966597
13.38192585539198,7.760365920250959,5.773903685601553,14.658464164764702,0.8555526712373478,3.767456815047134,7.189253330949054
