x1,y1,theta1,x2,y2,theta,length
14.632610988258255,0.8366725362198383,3.79845616339366,9.039391597582425,3.204278460512756,3.1184946141636694,6.178969355216697
9.039391597582425,3.204278460512756,3.1184946141636694,6.925897127156498,2.579290623610855,2.577015312503643,2.267723508173672
6.925897127156498,2.579290623610855,2.577015312503643,6.610132940003313,4.393657145964583,1.9839072271233373,1.9016004238260067
6.610132940003313,4.393657145964583,1.9839072271233373,4.123352093415225,7.415870788814635,1.0566586937726532,4.067841154668397
4.123352093415225,7.415870788814635,1.0566586937726532,9.846521476615909,6.459659737447421,0.45107744588724097,5.980509107481639
9.846521476615909,6.459659737447421,0.45107744588724097,10.23727322522854,6.936808479187996,0.7242860228221025,0.6292775088974975
10.23727322522854,6.936808479187996,0.7242860228221025,13.366918430054696,7.7694454267491135,5.744607596586536,3.2896876384899887
13.366918430054696,7.7694454267491135,5.744607596586536,14.632610988258255,0.8366725362198383,3.79845616339366,7.200710114461179
