x1,y1,theta1,x2,y2,theta,length
12.799370589689179,8.05640543622413,3.8502917775929593,7.881486210676981,2.4627369748173136,4.933282213840222,7.517914320995999
7.881580979431673,2.4623142295998948,4.934816194628108,8.697733997028266,1.918817176523724,6.145127036269878,1.032906598851178
8.698471550103179,1.9187152884546352,6.146661017057764,13.484488310116058,2.4875335176641986,6.953534911485611,4.835264315997002
13.484994887051586,2.487936260750337,0.6718835850939108,15.676877471078257,9.57684901012714,2.4420974143139365,7.566191823008498
15.676685160418883,9.576996422732119,2.454369260617026,12.799949509779037,8.05690110179391,3.8487577968050712,3.3962949614060864
