x1,y1,theta1,x2,y2,theta,length
12.800874526044298,8.057752897857705,3.8528001482427627,7.881152460989027,2.4627798591676253,4.933178153955337,7.520091181268932
7.881152460989027,2.4627798591676253,4.933178153955337,8.69798372884579,1.91868987076436,6.146109234272936,1.0341263877014486
8.69798372884579,1.91868987076436,6.146109234272936,13.484319908324624,2.4871367729137175,0.672521347807957,4.835720608658032
13.484319908324624,2.4871367729137175,0.672521347807957,15.646144105310771,9.598879741642511,2.491686399837654,7.59439639818679
15.646144105310771,9.598879741642511,2.491686399837654,12.800874526044298,8.057752897857705,3.8528001482427627,3.3690820513718256
