x1,y1,theta1,x2,y2,theta,length
3.723623064453902,8.446139101707006,0.3405437349106123,4.496402562235697,8.168543492380822,0.17487380981896383,0.8478014442698032
4.497075010213706,8.168664590657896,0.17794177139473438,5.383821045503765,9.01049058890444,0.012271846303084644,1.2541028262003615
5.384090749473513,9.010493365261787,0.009203884727313847,5.8149973954638305,8.715976298345593,-0.24543692606170497,0.540174716785926
5.815371257979162,8.715882955201684,6.040816342693654,8.651011102916396,9.724018627330082,6.068427996875594,3.025882799839863
8.651328774539985,9.723949181982233,6.065360035299825,11.938403314397366,6.472357734765609,6.163534805724505,4.64358234042807
11.93916438490518,6.472267417174115,6.166602767300278,14.225202366570574,7.707581042524986,5.804583301359269,2.6499030788305205
14.22549222776776,7.707429739236526,5.801515339783494,14.585406321926527,2.360239920540571,4.810563750809374,5.402886940658761
14.585504479304399,2.35925713984569,4.813631712385142,14.674622311956789,1.0578393163617172,3.877903431774901,1.3380158184993038
14.674191989905314,1.0574509609860077,3.87483547019913,13.066402474971007,1.3642210695127142,2.8839571896766922,1.671480766654075
13.065991086616288,1.364329435874456,2.884097545994625,9.06754736584212,2.474499995877955,2.2058643729795504,4.162037365156033
9.067022554105819,2.4752115523057334,2.2027964114037806,9.019937211012003,2.9767694117592622,1.8591847149173966,0.5131039795843397
9.019804054645947,2.977214947580598,1.8622526764931684,8.257206732467333,4.021712532836214,2.6292430704359875,1.2981434240897736
8.25652312241436,4.022096926184794,2.63231103201176,6.486471240010289,4.138318411541207,3.6600781598951393,1.7857255738696383
6.4859894485676834,4.13804356896122,3.663146121470911,4.9424858539836904,1.3268787133765922,3.3195344249845284,3.2449592157612877
4.942085189780115,1.3268067638886096,3.3164664634087564,3.657178964981663,2.329588221431511,3.0556897294681975,1.6672494225452317
3.6567814334636726,2.329622158740598,3.0587576910439687,2.408651168483644,1.5626844196710143,-2.553615001829377,1.4762264927351403
2.4078398690924567,1.5621433313411064,-2.5531861487878613,0.889836586037032,0.7579705487047659,2.4697090684958827,1.7860876634538454
0.8896771606978052,0.7580976335006414,2.466641106920111,3.7232461232020273,8.446005110448592,0.3436116964863889,8.295758809291787
