x1,y1,theta1,x2,y2,theta,length
9.584837789191637,5.7108179166182875,6.160466844148735,15.555482005462363,4.462169173087089,4.693981210930062,6.314877995522837
15.555480225526798,4.462078277400613,4.69091324935429,7.3072147994631464,3.2257492256672187,3.448388811166923,8.559687289971864
7.306328718606562,3.2254672035824714,3.4514567727426924,2.289261568184302,0.6582273266403973,2.5832236467994196,5.728888828595391
2.2883792006394983,0.6587793777482901,2.5801556852236485,2.0602163469065613,1.5778629606951198,1.8346410223112266,1.002809731793696
2.0599831815719454,1.5787233023718863,1.8377089838869982,0.7239940308172865,3.757559443445756,1.5370487494614133,2.5764814682175956
0.7240435319743294,3.7589964274661503,1.5339807878856413,2.7581989376128493,6.394948495892769,0.39883500485026724,3.3604502194177086
2.7588300466029025,6.395213233296358,0.3957670432744954,9.58373106268735,5.710952803255035,-0.11965050145507805,6.869416450201376
