x1,y1,theta1,x2,y2,theta,length
9.584259653908349,5.71089483652664,6.161928317653082,15.555876144082667,4.46202945063767,4.692779225584288,6.316402835397843
15.555876144082667,4.46202945063767,4.692779225584288,7.30668950593173,3.2256875590830867,3.4497473998127504,8.561447053938988
7.30668950593173,3.2256875590830867,3.4497473998127504,2.288296162259058,0.6576809815674431,2.581700036761918,5.730843493023967
2.288296162259058,0.6576809815674431,2.581700036761918,2.060127846762746,1.5787791968657947,1.8346733919575375,1.005228333500692
2.060127846762746,1.5787791968657947,1.8346733919575375,0.7235100696126691,3.7588053437233113,1.5363913699641105,2.57796592318286
0.7235100696126691,3.7588053437233113,1.5363913699641105,2.7583858005601387,6.395232274858691,0.39706523257043064,3.3616123999056593
2.7583858005601387,6.395232274858691,0.39706523257043064,9.584259653908349,5.71089483652664,6.161928317653082,6.87047310778905
