x1,y1,theta1,x2,y2,theta,length
1.6556043064786772,5.203056135969288,1.1290098598838318,3.573376869860939,7.596263671189147,0.7669903939428206,3.0693464329762534
3.577808299541139,7.600427905017833,0.760854470791278,3.73279595676684,7.729313448264784,0.7240389318820226,0.20167766770064877
3.737386663592941,7.733338824072589,0.7301748550335652,4.95095976251263,8.751223587639487,0.1963495408493613,1.6119165938285116
4.955830889183095,8.752160416283887,0.1902136176978195,9.922301805650804,6.6405285097757085,-0.30066023442558576,5.434197952246225
9.928105941389266,6.638727151352913,5.988660995905542,11.53310551127838,6.5830789892839165,6.786331005606076,1.64132002079312
11.537313921084376,6.5854141196315386,0.5092816215780329,12.466003938355206,8.136995444719359,0.8713010875190443,1.8424196618309134
12.469797665433559,8.141434954180376,0.8651651643675016,13.055152850340015,8.528910473082652,0.3252039270317563,0.70863854944441
13.06082338090178,8.530769170818806,0.3190680038802134,14.499135110889965,8.415522725936762,-0.6565437772150547,1.4915855299743268
14.502734352703104,8.412753715910162,5.62050560681299,14.991580807050944,7.031358915722193,4.700117134081605,1.5104305475937794
14.991469067717173,7.025341540015952,4.693981210930062,13.93637451080769,3.2726499699780085,3.7735927381986767,3.9542192324709204
13.932670367265956,3.2699758789209508,3.7674568150471344,12.042072907260032,3.1730187070681746,3.3195344249845267,1.9371344384800206
12.036299935629819,3.171927137909606,3.3256703481360703,11.297114102704052,2.94802919027997,3.172272269347506,0.778312520509052
11.291592530230371,2.947869274045152,3.1661363461959633,9.400057444245801,3.563447997316773,3.202951885105219,2.011022200498724
9.394633114284101,3.563114951618538,3.2090878082567613,7.688697081361468,2.6939587323063408,3.448388811166921,1.9295657943505564
7.683011892081951,2.6921541014889243,3.4422528880153784,6.279351416072631,2.5259551682469157,3.497476196379262,1.4177657146126537
6.273856346918681,2.5238721051177375,3.5036121195308043,4.493070102860722,1.3857123758732537,3.264311116620645,2.1345244076421275
4.487824607138976,1.3850754168516068,3.258175193469102,1.3730290992223595,2.837027928428249,2.0555342557667595,3.5097481835647772
1.3708325898671159,2.8412634442859486,2.0493983326152168,1.6530548396345126,5.197669702935438,1.1351457830353744,2.418577361144759
