TIME,LB,UB,OPEN,GAP,TREE
0.02253103256225586,0.0,29.81390949964195,1,100.0,1
0.022584915161132812,27.923213820206428,29.81390949964195,1,6.341656331445663,1
0.14879798889160156,27.923213820206428,29.813909499641944,1,6.341656331445641,4
0.148878812789917,27.923213820206428,29.813909499641944,2,6.341656331445641,4
0.39205503463745117,28.459777231974535,29.813909499641944,2,4.541948004785057,8
0.7902560234069824,28.822167478810076,29.813909499641944,2,3.3264407032689847,13
1.289362907409668,28.822167478810076,29.813909499641944,3,3.3264407032689847,19
1.489231824874878,28.822167478810076,29.813909499641944,3,3.3264407032689847,19
1.6408889293670654,28.822167478810076,29.813909499641944,3,3.3264407032689847,19
2.1360509395599365,29.057918239773432,29.813909499641944,3,2.535699854719126,19
2.5037460327148438,29.08615729100345,29.813909499641944,3,2.440982148440598,19
3.9307940006256104,29.40811285317873,29.813909499641944,3,1.3610984043138972,19
5.154927968978882,29.434273711840564,29.813909499641944,3,1.2733512450151476,19
8.881887912750244,29.606161051637404,29.813909499641944,3,0.6968171953665977,19
12.24803900718689,29.635532198182126,29.813909499641944,3,0.5983022839120125,19
23.624027967453003,29.70794633069066,29.813909499641944,3,0.3554152096441987,19
34.13056302070618,29.739728525403578,29.813909499641944,3,0.24881330722244746,19
71.22166681289673,29.76047432598171,29.813909499641944,3,0.1792290060479151,19
198.80895280838013,29.78709117254276,29.813909499641944,3,0.08995239990081678,19
232.96737790107727,29.79366102526165,29.813909499641944,2,0.0679161999218476,19
740.3979609012604,29.800477361616196,29.813909499641944,2,0.04505325953951211,19
2995.7766280174255,29.807188616835518,29.813909499641944,2,0.02254277590299723,19
