x1,y1,theta1,x2,y2,theta,length
12.689507646361703,8.316799241242153,5.494719182206367,10.874460336824507,3.044150698340714,4.22611707062494,5.632334768333472
10.874247016790292,3.043747254046828,4.224583089837056,8.833526602456004,0.2984179478085427,3.2566412126812168,3.4437106294651483
8.833367255265207,0.2983996487764818,3.255107231893331,8.499349374034015,0.4840297822445351,2.414972811319234,0.3968262928081334
8.498980984262694,0.4843572239841554,2.4149758390888056,6.934617144337537,1.8440897023382126,2.8470683423157497,2.075907938334086
6.934373164219836,1.8441633461944933,2.848602323103636,3.5144961695130803,1.4319496987039368,2.6583887054058173,3.457180506566493
3.5141525665433355,1.4321300767019576,2.65685472461793,2.0419848455999747,4.457347588989315,1.1949710337629162,3.3978594547225485
2.042074567717083,4.457574230327204,1.1934370529750287,12.689373756913673,8.316933666897853,-0.7869321441853253,11.40672826113787
