x1,y1,theta1,x2,y2,theta,length
12.689644328299055,8.31695487182532,5.495758978191573,10.874290029000857,3.0437655427348997,-2.057195855852653,5.633100461800198
10.874290029000857,3.0437655427348997,-2.057195855852653,8.833457994301643,0.29831988326092884,3.2558688281335098,3.443937273667402
8.833457994301643,0.29831988326092884,3.2558688281335098,6.934603979905698,1.8441551891846821,2.8483592688993067,2.4734944272425397
6.934603979905698,1.8441551891846821,2.8483592688993067,3.5141106624280902,1.4319945412428214,2.658161374170072,3.4577996770596227
3.5141106624280902,1.4319945412428214,2.658161374170072,2.0418719595819623,4.457432042528073,1.193847637832368,3.398242744792159
2.0418719595819623,4.457432042528073,1.193847637832368,12.689644328299055,8.31695487182532,5.495758978191573,11.40733491508002
