x1,y1,theta1,x2,y2,theta,length
12.949082517784136,0.8695479819371328,3.7920005076533045,7.403211713960703,1.3993095654795207,2.165980872494525,5.65966064358505
7.402851150280523,1.3998515207061142,2.1598449493429825,7.595538411352527,2.6158776608867886,1.2394564766115985,1.275001926437875
7.59569598276129,2.616334747590934,1.236388515035827,7.912006811871866,3.350347113573914,0.7976700097005334,0.804232116227214
7.91310758868905,3.351277637227339,0.7853981633974483,8.56830925411479,3.6590182039860677,0.8099418560036185,0.7382887072050512
8.568524180373378,3.659290310501819,0.8344855486097889,8.646056379504145,6.412029496085198,1.1044661672776623,2.796024718474195
8.64634483854646,6.4124922081909475,1.0799224746714913,14.832390812366777,8.856485403719022,-0.7853981633974512,6.804588075804794
14.832651585381477,8.856263381048569,5.473243451175968,12.949708972808464,0.8699945127961839,3.804272353956387,8.308901863896612
