x1,y1,theta1,x2,y2,theta,length
12.973698619700981,0.8874809191624199,3.7593383152894844,7.387981199148738,1.422610192067149,2.154977002632633,5.697855985929893
7.387981199148738,1.422610192067149,2.154977002632633,7.557248790565611,2.5401192680426545,1.2508139691870062,1.1731560540621362
7.557248790565611,2.5401192680426545,1.2508139691870062,7.898104124617162,3.338594190070629,0.7058773992948343,0.8784474506662587
7.898104124617162,3.338594190070629,0.7058773992948343,8.559513403455762,3.6484160606436653,0.8909862286922688,0.747367195919963
8.559513403455762,3.6484160606436653,0.8909862286922688,8.638687946333386,6.400188079380917,1.0109906053040068,2.794465866320115
8.638687946333386,6.400188079380917,1.0109906053040068,14.85982732461455,8.831509535536417,5.571759725288465,6.803054476829107
14.85982732461455,8.831509535536417,5.571759725288465,12.973698619700981,0.8874809191624199,3.7593383152894844,8.29896072413433
