x1,y1,theta1,x2,y2,theta,length
7.838742500234827,0.8300832732466188,3.3011266555299,2.588090792962761,2.364917758929219,2.181320680373384,5.486654432792303
2.5879554433501495,2.3651118393315693,2.179786699585496,2.871888503659095,6.454269488285072,0.95720401164064,4.1183790162907155
2.8720446177976697,6.454490790001627,0.9556700308527544,6.691022913348589,8.187545901140794,0.6105243535784866,4.200364575765702
6.691261897277243,8.187713385070683,0.6120583343663708,8.241968331118269,9.651487228898146,-0.12578642460662004,2.1624191250282765
8.242195142405253,9.651458331809762,6.155864901785079,11.717948775090223,3.5279199038321005,4.482291862201842,7.089953523156023
11.717867387364477,3.527572914458515,4.4807578814139575,7.839012824849154,0.8301269391412976,3.3026606363177837,4.744315937939851
