x1,y1,theta1,x2,y2,theta,length
7.83891664947865,0.8300464037763198,3.301745925064513,2.5880278319707273,2.36483985509581,2.1798186504336177,5.486969893503643
2.5880278319707273,2.36483985509581,2.1798186504336177,2.8719004657494676,6.454427153234889,0.9564385630614741,4.1188319775122855
2.8719004657494676,6.454427153234889,0.9564385630614741,6.691154451313027,8.187602991567124,0.6113192420728163,4.200696589522268
6.691154451313027,8.187602991567124,0.6113192420728163,8.242071952973475,9.65162939933072,6.156513905560568,2.1628403890613064
8.242071952973475,9.65162939933072,6.156513905560568,11.718035033160957,3.527573341391422,4.481967480734342,7.090594320928013
11.718035033160957,3.527573341391422,4.481967480734342,7.83891664947865,0.8300464037763198,3.301745925064513,4.74468038927989
