TIME,LB,UB,OPEN,GAP,TREE
0.029458045959472656,0.0,31.0503302704189,1,100.0,1
0.02951192855834961,27.906108177723794,31.0503302704189,1,10.1262114293533,1
0.1509380340576172,27.906108177723794,31.0503302704189,2,10.1262114293533,4
0.216994047164917,27.906108177723794,31.050330270377323,1,10.126211429232955,4
0.21703195571899414,27.906108177723794,31.050330270377323,2,10.126211429232955,4
0.41358494758605957,29.061865692291043,31.050330270293685,1,6.404004597352175,4
0.41362810134887695,29.061865692291043,31.050330270293685,2,6.404004597352175,4
0.9982869625091553,30.03675156594042,31.050330270204675,1,3.2643089314797606,4
0.9983279705047607,30.03675156594042,31.050330270204675,2,3.2643089314797606,4
2.7752299308776855,30.519183833126693,31.050330270204675,2,1.7105983493762085,4
8.023853063583374,30.780047575335665,31.050330270204675,2,0.8704664089462796,4
26.551270008087158,30.914481385420725,31.050330270188116,1,0.4375118834011941,4
26.551350116729736,30.914481385420725,31.050330270188116,2,0.4375118834011941,4
119.53231000900269,30.982167946663914,31.050330270188116,2,0.2195220563874189,4
572.7303071022034,31.016151970813134,31.050330270188116,2,0.1100738674196889,4
3337.121017932892,31.033222882824475,31.05033027018773,1,0.05509566956097388,4
3337.121088027954,31.033222882824475,31.05033027018773,2,0.05509566956097388,4
