x1,y1,theta1,x2,y2,theta,length
8.82062805687097,6.10124721873878,5.655787164934359,12.595710724759677,0.7710614257750735,4.150952012018545,6.821376138675031
12.595480132252929,0.7706957369565811,4.14941803123066,6.528042347279786,1.7841497450179515,2.603165397041933,6.441703546149212
6.52677051111113,1.7849099193344162,2.6016314162540475,0.96531796830847,8.62098556799358,0.9694758579437264,9.173312457113505
0.9654888553786682,8.62123387499182,0.9679418771558397,8.819415926138863,6.102124774875497,-0.6258641614573413,8.605382031431208
