x1,y1,theta1,x2,y2,theta,length
8.820225660397998,6.101746365319565,5.656683605256743,12.596382755658937,0.7707481810663027,4.149874937032688,6.8234909054517825
12.596382755658937,0.7707481810663027,4.149874937032688,6.526843742792408,1.7846353222436382,2.6029354651322545,6.444179044028987
6.526843742792408,1.7846353222436382,2.6029354651322545,0.9644680697775496,8.621076229231642,0.968150958553981,9.175325309872555
0.9644680697775496,8.621076229231642,0.968150958553981,8.820225660397998,6.101746365319565,5.656683605256743,8.607335010834403
