x1,y1,theta1,x2,y2,theta,length
8.378526886549714,7.110253468785866,0.04908738521234052,12.606007928086077,8.019096156380757,-0.16260196351587758,4.334369832783983
12.60879622315597,8.018630561554376,6.117515382087937,14.245720311523316,6.317295055283271,4.516039439535328,2.573309695653935
14.245503896004337,6.316217940693899,4.512971477959557,11.610948633378502,5.212568931684213,3.4269130801365226,3.052395531081238
11.608026124326328,5.211708622035367,3.429981041712294,3.1731617168466175,1.61106943143495,3.457592695894235,9.171605682228517
3.1702559087392674,1.6101249713557804,3.454524734318464,1.0787473034045307,1.8039098506162339,2.1445051414641263,2.277942333442714
1.0782126001476067,1.8047649292877104,2.1414371798883547,0.9225115022535025,2.418965586907112,1.4966993573323641,0.6447378225559905
0.9243895056999616,2.421390950794188,1.4940972874006144,1.870595920430125,4.041793178701498,1.2640001692177685,1.9002406123039761
1.8714625731991057,4.044556041157583,1.2670681307935396,1.878545614868574,6.212053285747128,1.3928545554001626,2.1739717480191176
1.8790762947896855,6.215006118246237,1.389786593824391,2.5064683863621773,7.553236432840183,0.7424467013366505,1.4916914695071135
2.5077674272552732,7.556011681425352,0.7395241267394592,2.680818462496537,7.682735954826475,0.5246214294568894,0.21490269728256983
2.6830553480796047,7.683876844081466,0.521553467881118,8.375515688090506,7.110113054871033,0.04601942363657063,5.765111573423026
