x1,y1,theta1,x2,y2,theta,length
8.377877739186216,7.109939321600363,0.04671016517074277,12.607067453190496,8.019521836560665,6.118611866112845,4.336398016605418
12.607067453190496,8.019521836560665,6.118611866112845,14.24703085005128,6.316552941704799,4.514426553621212,2.5778721356470444
14.24703085005128,6.316552941704799,4.514426553621212,11.608594931862894,5.212063503629915,3.4275704894257983,3.0573005308395236
11.608594931862894,5.212063503629915,3.4275704894257983,3.1739787592489725,1.6111883042450672,3.4537168188328016,9.17150294129726
3.1739787592489725,1.6111883042450672,3.4537168188328016,1.0746715317991442,1.8075835320924438,2.144562891017033,2.284934932602949
1.0746715317991442,1.8075835320924438,2.144562891017033,0.9167285574960754,2.4165218468893164,1.5046173007219483,0.6399455902950848
0.9167285574960754,2.4165218468893164,1.5046173007219483,1.872192871708839,4.045176094929726,1.2632759614338118,1.914040951894254
1.872192871708839,4.045176094929726,1.2632759614338118,1.878922206816516,6.2159492774187255,1.3937217490081164,2.1774540991164013
1.878922206816516,6.2159492774187255,1.3937217490081164,2.5032227758828274,7.552989127232294,0.7448537311476198,1.4892769861964528
2.5032227758828274,7.552989127232294,0.7448537311476198,2.6828676669727813,7.6848537544843065,0.521553467881118,0.22330026326650176
2.6828676669727813,7.6848537544843065,0.521553467881118,8.377877739186216,7.109939321600363,0.04671016517074277,5.767809342654999
