x1,y1,theta1,x2,y2,theta,length
7.233494760020817,9.259854498729855,5.898247889007372,9.448958667783437,7.158205032467737,6.112685803131306,3.0648599033084998
9.448958667783437,7.158205032467737,6.112685803131306,15.748636957782978,9.847034093109272,5.3554695448562635,6.951297582933712
15.748636957782978,9.847034093109272,5.3554695448562635,13.6028495528228,7.116339699812699,4.075917918797905,3.5640416055101416
13.6028495528228,7.116339699812699,4.075917918797905,12.14973655374363,4.678958028519443,4.689859138364333,2.8435093230402186
12.14973655374363,4.678958028519443,4.689859138364333,13.550908513869858,2.045729188342164,4.9148931521223815,2.9896134683403934
13.550908513869858,2.045729188342164,4.9148931521223815,13.30768227537606,0.44809502681101876,3.710214197371708,1.644457858009455
13.30768227537606,0.44809502681101876,3.710214197371708,11.886051329834626,0.834047987230295,3.041631631176848,1.4995442313257008
11.886051329834626,0.834047987230295,3.041631631176848,10.967300900868219,0.7744615324047242,2.585344506211469,0.9323870660550433
10.967300900868219,0.7744615324047242,2.585344506211469,9.768730697899775,3.6748461271502126,3.0805180101917546,3.2091892418589216
9.768730697899775,3.6748461271502126,3.0805180101917546,8.549058365415984,1.660030325379841,3.4698634082135773,2.429003966604048
8.549058365415984,1.660030325379841,3.4698634082135773,7.417562849282522,2.1044611325728932,3.238836897247018,1.2380971514697214
7.417562849282522,2.1044611325728932,3.238836897247018,6.044135099171451,1.1743970660262621,3.020194191225633,1.6818309845773973
6.044135099171451,1.1743970660262621,3.020194191225633,4.614393027981216,2.8787122837668497,2.2130097667568807,2.242889884290578
4.614393027981216,2.8787122837668497,2.2130097667568807,0.36344377947387324,9.074526396158502,1.1001141310853044,7.563528337111808
0.36344377947387324,9.074526396158502,1.1001141310853044,7.233494760020817,9.259854498729855,5.898247889007372,6.924966251548403
