x1,y1,theta1,x2,y2,theta,length
2.266319944134566,8.079928262413864,0.3865631585471816,5.980917178220426,6.979716858447236,-0.26691265709210454,3.9008012106736194
5.982049432369109,6.979409949740748,6.019340611663255,8.372075878342194,6.4978010011819425,6.41510765493775,2.4412409302204545
8.373193085276249,6.497950053595977,0.1349903093339364,12.690595861032374,8.573924936913498,-0.17794177139473405,4.814823890662042
12.691646472184853,8.573733944615364,6.102175574209081,13.079859446391183,8.298773483961924,5.470175489600195,0.4872040617576092
13.080562843535107,8.29803073378754,5.473243451175968,14.682324003831164,6.29762610424708,4.399456899656019,2.651078417493071
14.68207513696224,6.296862546354617,4.396388938080246,11.544709895042935,5.51087611489638,3.457592695894235,3.3258113133765583
11.542706709241443,5.510220605886284,3.4606606574700063,6.334293127884248,2.8595639006155937,3.4575926958942347,5.844715201274551
6.333316387329555,2.8592477206515223,3.454524734318464,5.648525526667143,2.7325714990882104,3.5342917352885177,0.6975821500499617
5.647150422955184,2.731999060186277,3.5373596968642884,3.38094623465757,1.1320842733847536,3.356349963893784,2.7807588591607795
3.3796263454230995,1.1318004351859463,3.3532820023180117,0.7815110977102008,1.7453632340122898,2.294835258676919,2.6962209890261013
0.7803268659508934,1.7467096123412278,2.2917672971011482,0.6747238378863527,3.143230620913246,0.9786797426710394,1.4467350894200988
0.6750940049615941,3.1437781115279213,0.9756117810952678,2.518617125900138,3.9448292397485214,0.9878836273983526,2.049523677916257
2.519094968744448,3.9455542168095086,0.9909515889741243,2.3487972594439945,5.990254929461701,2.1874566035249234,2.0884561759094393
2.348125764033233,5.99120220283817,2.190524565100695,1.546417953449999,6.610005150304262,1.8990682154024237,1.0416093478440622
1.5459502146870812,6.611394463995133,1.8960002538266523,2.1754859029466784,8.03044324749066,0.5951845456996294,1.6015390204725974
2.1762128317173826,8.031866163464981,0.5922723304647626,2.265413105618809,8.079553634450262,0.3896311201229521,0.10132060517090524
