TIME,LB,UB,OPEN,GAP,TREE
0.01910686492919922,0.0,22.058670394583054,1,100.0,1
0.01914381980895996,19.73531591684966,22.058670394583054,1,10.532613417642517,1
0.11145901679992676,19.73531591684966,22.058670394583054,2,10.532613417642517,4
0.27037501335144043,20.392578851974985,22.058670394583054,4,7.5530007602688976,8
0.5333259105682373,21.05410871564685,22.058670394583054,4,4.554044559199236,13
0.6246349811553955,21.05410871564685,22.058670394583054,4,4.554044559199236,13
0.9469869136810303,21.37274911039931,22.058670394583054,4,3.1095314083489978,13
1.0350987911224365,21.50261843986726,22.058670394583054,4,2.5207863609601064,13
1.1177458763122559,21.62935673987839,22.058670394583054,3,1.9462354123124792,13
1.9151008129119873,21.694771460549354,22.058670394583054,3,1.6496866199291038,13
4.241067886352539,21.871343767125055,22.058670394583054,3,0.8492199398563968,13
4.5268659591674805,21.897363521803666,22.058670394583054,2,0.7312628997756826,13
11.475259780883789,21.963196030452096,22.058670394583054,2,0.4328201220795398,13
38.254721879959106,22.010829142744985,22.058670394583054,2,0.21688184728403676,13
154.27915978431702,22.034616577523177,22.058670394583054,2,0.10904472767217636,13
684.0530059337616,22.04661933681603,22.058670394583054,2,0.05463184113755065,13
3425.680100917816,22.052639125531154,22.058670394583054,2,0.027341942846111886,13
