x1,y1,theta1,x2,y2,theta,length
7.99683769373233,2.1312433905039074,1.8852623883114528,9.338422932198535,3.8955132183018595,1.3959225169759326,2.2613818623129385
9.338479770957454,3.89583567745062,1.3974564977638193,7.471548620474968,9.287095768970111,0.6151262959421411,5.797031805959845
7.471623391183049,9.287148465100307,0.6135923151542565,11.536391288004069,5.977897180091443,-1.1060001480655495,5.33080099690541
11.536549804742505,5.977580072336091,5.175651178326154,11.650317311834208,4.668494248142104,4.778350154263772,1.3163550701333284
11.650342338665185,4.668111579975071,4.776816173475886,11.749006285551273,1.2734162575114267,3.8472238160171868,3.4261189835798906
11.748830271576399,1.273266428146744,3.8456898352293027,7.996898149748904,2.131057896438346,1.8867963690993377,3.9239641271037997
