x1,y1,theta1,x2,y2,theta,length
7.996726537142785,2.1310519663469014,1.8858293929798737,9.338564303268942,3.895740723630449,1.396349863529179,2.2619483633694912
9.338564303268942,3.895740723630449,1.396349863529179,7.471402829189568,9.287220713234952,0.6139877132061435,5.797577490229088
7.471402829189568,9.287220713234952,0.6139877132061435,11.536485134605748,5.977872737869155,-1.107221003643959,5.33119990745132
11.536485134605748,5.977872737869155,-1.107221003643959,11.650333078983264,4.668272668158398,-1.505480950141813,1.3168796985054652
11.650333078983264,4.668272668158398,-1.505480950141813,11.748952003277578,1.273169237951537,3.846800091180276,3.4265658454206553
11.748952003277578,1.273169237951537,3.846800091180276,7.996726537142785,2.1310519663469014,1.8858293929798737,3.9244990896070338
