x1,y1,theta1,x2,y2,theta,length
7.754822293738937,9.575119818106955,-2.4159068188504014,4.897177706261062,7.0398801818930465,-2.4159068188504014,3.8201534787717137
4.7303399302459965,6.985118299248271,3.141592653589793,0.988660069754003,7.3258817007517285,3.1415926535897922,3.757227847456914
0.88835102307407,7.239073500553282,3.9269908169872414,0.7414256722225665,4.098926499446717,5.497787143782136,3.1831633815736278
0.8318704277553226,4.00939546562286,6.283185307179586,9.731129572244676,4.631381229673777,7.0685834705770345,8.936077243316078
9.752069239806223,4.697357855065201,1.5707963267948966,7.108930760193774,6.872642144934799,3.141592653589793,3.464153359304119
7.003856965115821,6.84194331295708,3.9269908169872414,4.9179197301808175,0.6880566870429197,4.712388980384692,6.503239462802584
4.983031378783487,0.595081036833197,5.497787143782138,11.715968621216515,0.36369565846343993,6.2831853071795845,6.754417576587798
11.851167122652777,0.4484990694750812,0.7853981633974483,15.118056182050589,7.6585009305249185,1.5707963267948981,7.920710820909494
15.06489309721356,7.769195176707022,2.356194490192345,7.919106902786443,9.615028127996341,3.1415926535897927,7.387263137753473
