x1,y1,theta1,x2,y2,theta,length
12.589689503181795,4.193808134508199,3.8288160465625602,10.567376431605382,2.1458536571163527,3.184544115650591,2.9649045478613862
10.565449797207265,2.145778014147927,3.1814761540748195,9.17821763972038,3.0985276584376145,2.589359569950962,1.748598942183465
9.175720544020557,3.1000589575443835,2.5924275315267336,3.199507596633279,4.6700374464996095,2.761165418194154,6.183667116435523
3.1966855305136135,4.671169689506662,2.758097456618383,1.0502609296554724,6.780399256279314,1.270136092369311,3.286605010086663
1.0504531856813115,6.7810122171281275,1.2670681307935396,7.802229892223298,6.9443331618820485,-0.14419419406124945,7.089644359141994
7.805261637845775,6.943890901365542,6.135923151542565,11.019833254885288,6.321751008116021,6.270913460876502,3.275235732865537
11.022848676487149,6.321715528434331,6.273981422452273,14.33622190231509,6.0076727569475885,5.02225309953759,3.6541449921543316
14.336344597479522,6.007284715277995,5.019185137961818,12.591994344840552,4.195690616929565,3.825748084986788,2.798703041754198
