x1,y1,theta1,x2,y2,theta,length
12.590207239341538,4.194710631700133,3.826766228650538,10.565496209515057,2.144587307499908,3.1809063845549463,2.9694854430502757
10.565496209515057,2.144587307499908,3.1809063845549463,9.177182477273714,3.099696093926573,2.5908647427767857,1.750942696108285
9.177182477273714,3.099696093926573,2.5908647427767857,3.1968880618241844,4.670869707174347,2.7608522244154727,6.187990461474034
3.1968880618241844,4.670869707174347,2.7608522244154727,1.0486487897401098,6.780263462975315,1.2676687968651061,3.2902374277806365
1.0486487897401098,6.780263462975315,1.2676687968651061,7.804602631075971,6.944065840219173,6.138311495144187,7.0942348511242646
7.804602631075971,6.944065840219173,6.138311495144187,11.021767548576967,6.321447640985067,6.272017518910089,3.277894421935109
11.021767548576967,6.321447640985067,6.272017518910089,14.338091448378915,6.006797826685467,5.018845438252474,3.659930681855216
14.338091448378915,6.006797826685467,5.018845438252474,12.590207239341538,4.194710631700133,3.826766228650538,2.8018473250949105
