x1,y1,theta1,x2,y2,theta,length
12.206251993733996,5.863411339038205,4.246058820867455,11.468359351768017,1.3158675015696573,4.2307190129885965,4.612397991812113
11.46768900768547,1.314580824539247,4.227651051412827,10.929637039122888,1.0538050381399586,2.954446997467745,0.6402237670811333
10.928761345476316,1.053974018941999,2.951379035891973,9.56357795343719,3.319172922487479,2.601631416254048,2.7142593351138267
9.563016770195853,3.320598101488193,2.6045748719572295,9.446488697590338,3.3711942957853145,2.8593401886188357,0.1273826583308031
9.445602769634888,3.3715062165213414,2.8624081501946064,5.992268993424646,1.4261577874068125,3.187612077226363,4.01820201302839
5.990945149529717,1.4260975166526801,3.184544115650591,4.2471571144952645,2.2575849228860783,2.7979809571034093,1.942666364878105
4.245726128682857,2.2580940756489816,2.801048918679181,2.749304098609943,2.6319943093418128,2.435961491162398,1.5517436796594228
2.748281767936527,2.6328652812745816,2.432893529586627,0.5501329188719262,8.899906079883358,0.9602719732164109,6.722744487145566
0.5506290187346761,8.900614503348173,0.9572040116406401,7.171948866374631,9.016088883393234,-0.31293208072867074,6.694102511811968
7.173342359933163,9.015637347799473,5.967185264875143,9.556184885775867,7.389155912336729,5.976389149602457,2.889300653070071
9.557578425712904,7.388717099269805,5.979457111178229,12.939387852982618,7.072876563043769,5.1112239852349575,3.5093871654535276
12.939613199170083,7.072337077198218,5.108156023659186,12.20690788826559,5.864712822027437,4.242990859291686,1.5026952646110678
