TIME,LB,UB,OPEN,GAP,TREE
0.04130697250366211,0.0,25.505975717218018,1,100.0,1
0.04133796691894531,24.464530004963592,25.505975717218018,1,4.08314398084912,1
0.08116507530212402,24.464530004963592,25.505975717214866,1,4.083143980837269,2
0.16002607345581055,24.464530004963592,25.505975717214866,2,4.083143980837269,4
0.38625216484069824,24.46833690705,25.505975717214866,2,4.068218450723802,8
0.7282569408416748,24.563390964331152,25.505975717214866,3,3.6955447748173444,13
0.8516781330108643,24.563390964331152,25.50597571720807,2,3.6955447747916828,13
0.8517141342163086,24.563390964331152,25.50597571720807,3,3.6955447747916828,13
0.9836750030517578,24.563390964331152,25.50597571720807,3,3.6955447747916828,13
1.370408058166504,24.850051039681347,25.505975717191205,2,2.5716509918409467,13
1.3704440593719482,24.850051039681347,25.505975717191205,3,2.5716509918409467,13
1.6993319988250732,24.88601855287228,25.505975717191205,3,2.430634966460312,13
2.8859291076660156,25.168166973543077,25.505975717186825,2,1.3244298018213858,13
2.8859810829162598,25.168166973543077,25.505975717186825,3,1.3244298018213858,13
3.822421073913574,25.18524052767623,25.505975717186825,3,1.2574903742830503,13
7.409479141235352,25.331703826085437,25.505975717186825,3,0.683259064596211,13
10.335363149642944,25.35048999873256,25.505975717186825,3,0.6096050595292214,13
20.340857982635498,25.417579205209915,25.505975717186747,2,0.34657177187410065,13
20.34095001220703,25.417579205209915,25.505975717186747,3,0.34657177187410065,13
28.04501700401306,25.438579016180128,25.505975717186747,3,0.2642388660364186,13
55.628746032714844,25.461327453668932,25.505975717186345,2,0.17505020789041237,13
55.62882399559021,25.461327453668932,25.505975717186345,3,0.17505020789041237,13
78.88622498512268,25.482905278425246,25.505975717186345,3,0.09045111238600417,13
168.99816298484802,25.483568988642862,25.505975717186285,2,0.08784893701723828,13
168.99824595451355,25.483568988642862,25.505975717186285,3,0.08784893701723828,13
510.5511910915375,25.494760822125162,25.505975717186267,2,0.04396967669638422,13
510.5512731075287,25.494760822125162,25.505975717186267,3,0.04396967669638422,13
2055.870994091034,25.500363149951735,25.505975717186267,3,0.022004910914858997,13
