x1,y1,theta1,x2,y2,theta,length
15.157093443423753,9.46612846773108,3.721437391410565,12.626202987461001,8.237780279848938,3.792000507653305,2.8136486021206
12.625904273419678,8.237552456414289,3.79353448844119,7.6405095427081084,2.3914343176205453,4.864253078385366,7.709382811807869
7.640547247485307,2.3911899347524948,4.865787059173254,8.682586503498289,1.6677775984998464,6.068427996875598,1.294233577359606
8.682940589682147,1.66770058414515,6.069961977663482,13.635681125347526,2.2881403419763373,6.976544623303895,5.000657501412391
13.635928234704377,2.2883463355665357,0.6948932969121955,15.811509434244531,9.787735083757426,2.560213934981133,7.897382011934243
15.811420809995997,9.787793186327931,2.561747915769021,15.157411509663797,9.466336813672068,3.7229713721984505,0.7878636611472858
