x1,y1,theta1,x2,y2,theta,length
15.157396864425777,9.466297528779467,3.7215774813101743,12.626102162768795,8.237751709993216,3.793128951628618,2.8141045811810708
12.626102162768795,8.237751709993216,3.793128951628618,7.640368061356904,2.3913907805760055,4.865428841263832,7.709895167704856
7.640368061356904,2.3913907805760055,4.865428841263832,8.682802981385892,1.6676663555940416,6.068979191415322,1.294773256117007
8.682802981385892,1.6676663555940416,6.068979191415322,13.635732125894359,2.288047172649724,0.6948516182914237,5.000911203260659
13.635732125894359,2.288047172649724,0.6948516182914237,15.811641885137538,9.787868501176343,2.5613435248355723,7.898098345405287
15.811641885137538,9.787868501176343,2.5613435248355723,15.157396864425777,9.466297528779467,3.7215774813101743,0.7881931635173844
