x1,y1,theta1,x2,y2,theta,length
9.35900033369083,7.409797292435184,0.09817477042468103,15.562953541917523,9.677677501580835,-0.809941856003616,6.73685770205367
15.563147256972293,9.677407146360606,5.448699758569797,13.86156543437872,7.067800770244938,4.30435009080711,3.3179944585734433
13.860991995884898,7.066464985621708,4.3074180523828804,13.145128761059903,0.6402582231647542,3.7797286613502195,6.515520791287401
13.144317629000522,0.6396567090564801,3.7766606997744483,11.147879662995555,0.9528349627840893,2.469709068495883,2.0745254788358034
11.146804946061797,0.9536925704382517,2.466641106920111,9.696568222367432,3.431445737199208,2.963650882195059,2.936172042722868
9.695696859359941,3.4316018072878465,2.96671884377083,8.752570355061913,2.771590311965306,4.190835512503572,1.2055917321231169
8.751836933324292,2.7703079998194178,4.1939034740793435,8.360407667291081,1.8453145722506292,3.712233506683251,1.0288900673515258
8.359467041293604,1.8447149590335028,3.70916554510748,7.451440717222379,1.8564418240473357,3.255107231893331,0.9314262552024819
7.449986521761155,1.856274451246743,3.258175193469102,6.135306674599214,1.4117493760452828,2.899223689103861,1.4076890461269231
6.134133355351715,1.4120420581313162,2.8961557275280905,4.908200150229298,2.80855192462805,2.234416912973717,1.8788911401601924
4.907255279970309,2.8097603597338514,2.234383458822804,0.5529611960629158,8.903798083681206,1.0246991663076086,7.61991170833052
0.5532392615284907,8.90424407566986,1.0185632431560658,9.357544350596925,7.409654604007735,0.09510680884890821,9.068098379390182
