x1,y1,theta1,x2,y2,theta,length
9.355038446125182,7.409170517099179,0.10318658509111085,15.548242801399311,9.69756056784033,5.354364655142211,6.777413337521507
15.548242801399311,9.69756056784033,5.354364655142211,13.863824408850672,7.073792757092747,4.320133230719107,3.2783517036096996
13.863824408850672,7.073792757092747,4.320133230719107,13.144715827568891,0.63923452304407,3.779067385653887,6.5239016823897735
13.144715827568891,0.63923452304407,3.779067385653887,11.147291573051081,0.9528698993958586,2.467762886975537,2.0760966878569382
11.147291573051081,0.9528698993958586,2.467762886975537,9.695964536932568,3.4321894699694413,2.964619557864865,2.9383156841714797
9.695964536932568,3.4321894699694413,2.964619557864865,8.75245277558013,2.771800504528452,4.194095048880632,1.2066341460507573
8.75245277558013,2.771800504528452,4.194095048880632,8.360605631309951,1.8448177138899644,3.70978357496831,1.0312510954320278
8.360605631309951,1.8448177138899644,3.70978357496831,7.450701148205222,1.8565869760286975,3.2566685085633194,0.9333989641113905
7.450701148205222,1.8565869760286975,3.2566685085633194,6.134984169328597,1.4113441382740695,2.896910018642877,1.4092074479293364
6.134984169328597,1.4113441382740695,2.896910018642877,4.906811280385177,2.8146095144619325,2.2327070909436,1.88567441073057
4.906811280385177,2.8146095144619325,2.2327070909436,0.5643952379925345,8.922528231460744,1.0113185555251072,7.627908853114505
0.5643952379925345,8.922528231460744,1.0113185555251072,9.355038446125182,7.409170517099179,0.10318658509111085,9.056426102937422
