TIME,LB,UB,OPEN,GAP,TREE
0.03038191795349121,0.0,33.385318493394195,1,100.0,1
0.030421972274780273,30.618214996542154,33.385318493394195,1,8.28838430102009,1
0.15867090225219727,30.618214996542154,33.38531849339402,1,8.288384301019601,3
0.19810009002685547,30.618214996542154,33.38531849339402,3,8.288384301019601,4
0.42868995666503906,30.618214996542154,33.38531849339402,4,8.288384301019601,8
0.9357519149780273,30.618214996542154,33.38531849339402,5,8.288384301019601,13
1.5767409801483154,30.618214996542154,33.38531849339402,7,8.288384301019601,19
1.8335649967193604,30.618214996542154,33.38531849339402,7,8.288384301019601,19
2.0735080242156982,30.618214996542154,33.38531849339402,7,8.288384301019601,19
2.2567949295043945,30.618214996542154,33.38531849339402,7,8.288384301019601,19
2.942866086959839,30.618214996542154,33.38531849339402,7,8.288384301019601,19
3.3217051029205322,30.618214996542154,33.38531849339402,7,8.288384301019601,19
3.951707124710083,31.56785861419698,33.38531849339402,7,5.443889593435093,19
6.1702210903167725,31.794273489601373,33.38531849339402,7,4.7657026369464335,19
6.331512928009033,31.85954619609594,33.38531849339402,7,4.5701894310218485,19
6.90746808052063,32.30161336089542,33.38531849339402,6,3.2460529999527408,19
7.092341899871826,32.53356651888744,33.38531849339402,5,2.551277067118931,19
12.53525996208191,32.57322981172332,33.38531849339402,5,2.4324724708898104,19
13.355065107345581,32.712349663160005,33.38531849339402,4,2.0157627981508495,19
29.064738035202026,32.972703586715774,33.38531849339402,4,1.2359172393694182,19
31.159045934677124,33.12099643273859,33.38531849339402,3,0.7917314334075483,19
77.8473379611969,33.17769292620532,33.38531849339402,3,0.6219068038239107,19
215.70110893249512,33.28119705844143,33.385318493393505,2,0.31187791415762994,19
215.7011959552765,33.28119705844143,33.385318493393505,3,0.31187791415762994,19
216.0553240776062,33.318964270805246,33.385318493393505,2,0.19875270203394943,19
702.4627010822296,33.33321684098916,33.385318493393314,1,0.15606157064059373,19
702.4627799987793,33.33321684098916,33.385318493393314,2,0.15606157064059373,19
2981.7155220508575,33.359244535399306,33.38531849339327,1,0.07810007263859153,19
2981.7155890464783,33.359244535399306,33.38531849339327,2,0.07810007263859153,19
