x1,y1,theta1,x2,y2,theta,length
13.221112346273294,2.2006365366921776,0.25770877236478773,14.749572784025185,3.1901456685840714,1.3560390164909064,1.9383564378451976
14.749728669525155,3.190862336881182,1.3575729972787922,12.9420281960314,5.430121022341892,2.561747915769021,3.025785626569072
12.940755888392257,5.430953310630883,2.563281896556907,7.624627719379717,7.980691465830382,2.7396896871637555,5.896358995995408
7.623216929917841,7.9812898484232,2.7412236679516404,1.3060830799536456,9.445801144879486,4.187767550927801,6.8478354262979
1.3059551403621819,9.445579703462274,4.189301531715686,8.10206351925956,2.7366512628305655,5.522330836388306,9.929802902608575
8.103171638308051,2.7355959027990515,5.520796855600422,9.456310862468218,1.461015062290222,5.982525072753999,1.8781819919638079
9.457574981584884,1.4606233569912872,5.984059053541886,13.219629300327146,2.200246775860574,6.5393600987564895,3.855953536371597
