x1,y1,theta1,x2,y2,theta,length
13.220402769434111,2.200428679158481,0.25691386666456145,14.750344033427389,3.1905234504508733,1.3566399419265804,1.940255920809364
14.750344033427389,3.1905234504508733,1.3566399419265804,12.941470221876898,5.430607580868426,2.5625418115601164,3.0277068972709023
12.941470221876898,5.430607580868426,2.5625418115601164,7.623878058531072,7.981046379974672,2.740394316264976,5.897989220191731
7.623878058531072,7.981046379974672,2.740394316264976,1.305336046450036,9.446019278890214,4.188477630534838,6.849908445238913
1.305336046450036,9.446019278890214,4.188477630534838,8.10311471516017,2.7357231289396755,5.522200385425926,9.932648258966019
8.10311471516017,2.7357231289396755,5.522200385425926,9.45728422873726,1.4603079053838104,5.98281478472945,1.8795360005925212
9.45728422873726,1.4603079053838104,5.98281478472945,13.220402769434111,2.200428679158481,0.25691386666456145,3.8572737503238215
