x1,y1,theta1,x2,y2,theta,length
9.649069963722347,7.349514960849847,5.780039608753096,12.94424030476465,7.061587856551056,5.132699716265356,3.425359724273273
12.944476499225615,7.061054709811026,5.129631754689584,12.159012450629469,5.788069510985314,4.061981126321179,1.5907903314815026
12.158089756631327,5.786856447509223,4.06504908789695,11.686121665007866,4.947425742270881,4.503767593232243,0.9657656290170317
11.685825696840006,4.9460056680129965,4.5068355548080135,11.718853916858869,1.5452060969645673,3.5373596968642884,3.5496090738352617
11.718477186671787,1.5450489862771115,3.5342917352885173,9.590611765042908,3.351775592336402,3.1507965383171066,2.9636517152846507
9.589681131163639,3.351763952809214,3.153864499892878,8.180678496372995,1.7847658233366241,4.141748127291232,2.160269385145988
8.179854053366089,1.7834767400170914,4.144816088867003,7.680094090581313,1.0983008160500152,3.5373596968642884,0.8659768964685923
7.678991890226194,1.0978448809603387,3.5342917352885173,2.8392069764773753,2.531797542415945,2.1690488340702974,5.0995393500944655
2.838542523497981,2.532778927181192,2.165980872494525,3.1280945317289115,6.308065613004553,1.015495281580295,3.820532322701989
3.1288201648026868,6.309228965888272,1.0124273200045233,6.527207355370926,8.446262994797154,0.579844737820773,4.0223705655628175
6.528487841682347,8.44710603068707,0.5829126993965437,8.168758347022054,9.410457937729367,-0.2116893487282201,1.9410458085934263
8.16977299470119,9.410240174958089,6.068427996875596,9.647914457050613,7.350155329524275,5.776971647177325,2.5826516464652456
