x1,y1,theta1,x2,y2,theta,length
9.987095727378604,9.046975832638562,5.559146375297564,10.486971474590078,7.5711669873887315,5.295301679781233,1.6059091881543224
10.488375251128963,7.569081614503278,5.301437602932776,13.585258812372915,6.087802140292469,5.497787143782139,3.472260886754279
13.58603467519868,6.085863625286571,5.105088062083414,12.033921148730284,2.0366519759367354,4.221515128261284,4.417612277079231
12.030625889931128,2.0315383508932463,4.123340357836604,11.349207109984855,1.3889051510457375,3.534291735288517,0.9487311615923044
11.347038145086216,1.3887191649435642,3.436116964863836,9.215837648985172,2.521734397624943,2.7488935718910694,2.5207868219440104
9.21344605590227,2.5217816326567344,2.945243112740431,7.60303383419745,1.7562130387446069,3.5342917352885177,1.845665156815206
7.597601133196474,1.7549667284465509,3.436116964863836,4.709337738241816,2.4586062850768613,2.258019719767664,3.042431084099562
4.70761384866249,2.4604376365280967,2.1598449493429825,4.1630934382068405,5.209482928001185,2.012582793705962,2.817663266261789
4.160738654023051,5.214919238278421,2.061670178918302,2.5963403081348195,8.176463831597287,1.0799224746714913,3.5374755783529075
2.596910405007787,8.177828178739382,1.030835089459151,9.985598118720636,9.048345588775248,-0.717903008730478,7.655736262910031
