TIME,LB,UB,OPEN,GAP,TREE
0.023190975189208984,0.0,22.637466327263496,1,100.0,1
0.023231029510498047,18.729991906945582,22.637466327263496,1,17.261094346110355,1
0.1201028823852539,18.729991906945582,22.637466327263496,3,17.261094346110355,4
0.1993238925933838,18.729991906945582,20.82285275847517,3,10.050788313228447,6
0.27686095237731934,18.729991906945582,20.82285275847517,5,10.050788313228447,8
0.37036895751953125,18.729991906945582,20.82285275847385,4,10.05078831322274,8
0.3704099655151367,18.729991906945582,20.82285275847385,5,10.05078831322274,8
0.4623298645019531,19.034945944240913,20.82285275847385,5,8.586272183600533,8
0.5528209209442139,19.088579413914903,20.82285275847385,5,8.328701953929848,8
0.8326818943023682,19.634472913623227,20.82285275847385,5,5.70709430948174,8
1.0598058700561523,19.8562139566413,20.82285275847385,5,4.642201589977508,8
1.3021819591522217,20.108223945830655,20.82285275847385,5,3.431944800898508,8
2.4380099773406982,20.1804389233862,20.82285275847385,6,3.085138441591399,13
2.675238847732544,20.1804389233862,20.82285275847385,6,3.085138441591399,13
2.9903738498687744,20.1804389233862,20.82285275847385,6,3.085138441591399,13
4.109789848327637,20.1804389233862,20.82285275847385,6,3.085138441591399,13
4.388100862503052,20.347961333343022,20.82285275847385,6,2.280626149736236,13
5.2024760246276855,20.421830986382606,20.82285275847385,6,1.925873350509328,13
8.385934829711914,20.435745723971618,20.82285275847385,6,1.8590489929133245,13
8.49527382850647,20.504149124675727,20.82285275847385,5,1.53054741103342,13
18.319051027297974,20.626819505889646,20.82285275847385,5,0.9414332169468397,13
19.192378997802734,20.657991851133467,20.82285275847385,4,0.7917306492660724,13
19.953809022903442,20.67444933225208,20.82285275847385,3,0.7126949796126102,13
60.99139094352722,20.72382366073033,20.82285275847385,3,0.4755789175103382,13
64.09702587127686,20.742905699605316,20.82285275847385,2,0.38393902985266704,13
230.35612297058105,20.77322049046655,20.82285275847385,2,0.2383547950081089,13
925.7208299636841,20.797996243411298,20.82285275847385,2,0.1193713241449927,13
