x1,y1,theta1,x2,y2,theta,length
8.319355639501998,2.279266163170752,1.9512235621905356,9.01042097457382,3.9036757764763217,1.4787574795217575,1.8182790515739495
9.010565404176846,3.9052590327372436,1.4818254410975293,7.475602831108798,9.24834096768621,0.5522330836388316,5.747266131415384
7.4757414948814835,9.248425819058049,0.5491651220630595,11.134535433566835,5.789030375517001,-1.1198059751565164,5.2228223324549905
11.135424142744423,5.787192119218082,5.160311370447297,11.35256486136621,4.598260613917958,4.871922982324796,1.2103298519257213
11.352833976522316,4.596582434161997,4.8688550207490255,11.616410773488122,1.4134358557845486,3.8717675086233587,3.2639402883389765
11.615860062703147,1.4129432206044155,3.868699547047587,8.319770051045666,2.2782316048240223,1.9542915237663068,3.5477759652671716
