x1,y1,theta1,x2,y2,theta,length
8.319092772380765,2.277937862125323,1.9517988689357455,9.010892970824708,3.904601921075076,1.4799954422858155,1.8207651941384457
9.010892970824708,3.904601921075076,1.4799954422858155,7.475838985344984,9.248987216227203,0.5492396370076323,5.749824977650024
7.475838985344984,9.248987216227203,0.5492396370076323,11.135434609560535,5.787858354409124,5.162458837000965,5.2246939961932535
11.135434609560535,5.787858354409124,5.162458837000965,11.352770152867894,4.597001950908668,-1.412028440358007,1.2123040894781765
11.352770152867894,4.597001950908668,-1.412028440358007,11.616151892264865,1.4124419167044164,3.87133281195565,3.2654061045582803
11.616151892264865,1.4124419167044164,3.87133281195565,8.319092772380765,2.277937862125323,1.9517988689357455,3.5498583964556687
