x1,y1,theta1,x2,y2,theta,length
3.2611656588111044,9.00584271254035,3.8410878928656453,3.1978904205143484,8.947782228104437,3.9269908169872414,0.08590292412159606
3.197946150516717,8.94012217516048,3.9515345095934116,3.265317190263019,7.4020272934585805,5.253208602661285,1.6909434071920404
3.2685324074716204,7.396801639688866,-1.0084641480667396,7.150862209917852,1.6501608500141498,5.951845456996286,6.982214106207325
7.153150904692906,1.649298666277406,5.954913418572058,7.67229479681073,1.6154431232292685,6.48121326521086,0.5262998466388016
7.675005448894599,1.6167820095356782,0.19941750242513334,11.209547151531766,4.044645055587833,0.3926990816987246,4.30177310601453
11.21965346201787,4.051598398736569,0.39269908169872414,14.473609088468061,6.686505555744023,1.5707963267948961,4.321261424431913
14.473156409070192,6.688679910640141,1.6198837120072371,3.2703213535452615,9.007234021043478,3.8288160465625594,11.910525806522093
