x1,y1,theta1,x2,y2,theta,length
3.264897633717278,9.026187301211166,3.955058085157974,3.1739763297059485,8.915016041904236,4.0987966652304335,0.14373858007245932
3.1739763297059485,8.915016041904236,4.0987966652304335,3.563093540348113,7.084394719921043,5.249101292553835,2.009658925981194
3.563093540348113,7.084394719921043,5.249101292553835,7.150387920382667,1.6493100830163803,5.951740604792776,6.561900953892113
7.150387920382667,1.6493100830163803,5.951740604792776,7.639263581765381,1.6083258533904812,0.1641963843231446,0.49564108670995477
7.639263581765381,1.6083258533904812,0.1641963843231446,11.734590649366009,4.205438514387594,0.5686451335900021,4.860766720444747
11.734590649366009,4.205438514387594,0.5686451335900021,14.481999053715452,6.652605675357227,1.751034575807009,3.8899827815054686
14.481999053715452,6.652605675357227,1.751034575807009,3.264897633717278,9.026187301211166,3.955058085157974,11.89202730691634
