x1,y1,theta1,x2,y2,theta,length
10.671372589469664,1.5012241219213682,0.3037281960013569,13.355968698023778,1.7191261592412097,0.23623304133438738,2.6947222502024197
13.357439345812507,1.7194829453982299,0.23930100291016002,15.23144733312196,2.909649444094664,1.7057866361288325,2.360246583205633
15.23139208118871,2.910045551089397,1.7088545977046041,13.886531616552798,3.540660675781348,2.414485760131999,1.6019219974781334
13.88559864216763,3.541503893284329,2.4114177985562275,13.801231597948837,3.6394655523033745,2.152124556272163,0.12964662114203218
13.800885854846818,3.64096006011897,2.1506410646156686,13.15366337180866,5.8958531817020665,2.4052818754046843,2.3646876116574322
13.152729153235772,5.896700095147971,2.4083498369804563,11.98387268425294,6.147683699115138,2.8255926112853524,1.2100284764053884
11.982441629895176,6.148155824707527,2.82252464970958,7.835839093949846,8.434496401618354,2.773437264497241,4.73590449356163
7.834421166195253,8.435041188495259,2.7765052260730108,0.870256523611336,9.691042725949721,4.175495704624716,7.222663362696144
0.8700209234576218,9.690643935815524,4.178563666200486,2.1003105693305586,7.796588105858221,5.528466759539851,2.3871840711854015
2.101424237001237,7.795541448030891,5.531534721115623,2.8150867021201598,7.2295647794927715,5.589825991055278,0.9108951570092235
2.816265638037247,7.228584123870902,5.5867580294795065,7.212942369882095,3.378298879339601,5.55301045214602,5.844268610986646
7.214084960784244,3.377275508165204,5.549942490570251,7.474823033216668,3.1867270725264505,5.921165841238575,0.3254996757380344
7.476155517549274,3.1862210360396324,5.924233802814346,8.48983869412804,3.0614860426581,5.635845414691845,1.0397138195038154
8.490799227630381,3.0607559192348495,5.632777453116075,9.351849022705736,0.9680553377005734,5.8904862254808625,2.329048819043688
9.352702958935636,0.9677034234404595,5.893554187056633,10.669947380024569,1.5007774540293126,6.589981464756716,1.469071727942897
