x1,y1,theta1,x2,y2,theta,length
13.3570033113958,1.7192484857662074,0.23721188954953804,15.232286758116498,2.908979386678855,1.709279854381182,2.3625535331353387
15.232286758116498,2.908979386678855,1.709279854381182,13.886202068493274,3.5403693397643927,2.4087244616968615,1.6035876426472881
13.886202068493274,3.5403693397643927,2.4087244616968615,13.581095549297624,4.453531000366798,1.7997668940523945,0.9770526580207729
13.581095549297624,4.453531000366798,1.7997668940523945,13.153210486335606,5.896851836033539,2.4060641225308315,1.5210045544803927
13.153210486335606,5.896851836033539,2.4060641225308315,11.983339283116017,6.147709498509794,2.823580969436873,1.2112384194307566
11.983339283116017,6.147709498509794,2.823580969436873,7.834999289808764,8.434933041424408,2.7746092271419576,4.737867132289028
7.834999289808764,8.434933041424408,2.7746092271419576,0.8698724116067504,9.691827465115939,4.178453446211536,7.224841027055952
0.8698724116067504,9.691827465115939,4.178453446211536,2.1012894348602056,7.795579069723128,5.528720749110015,2.3896085028903284
2.1012894348602056,7.795579069723128,5.528720749110015,2.8161279652629916,7.228722874468618,-0.6937497016745563,0.9123683324498232
2.8161279652629916,7.228722874468618,-0.6937497016745563,7.213773651709288,3.3775645895328537,-0.7310237328860049,5.845573151691651
7.213773651709288,3.3775645895328537,-0.7310237328860049,7.474861579953823,3.1864098251846382,-0.3624253659303305,0.3261529070180592
7.474861579953823,3.1864098251846382,-0.3624253659303305,8.49046769291292,3.061601947852877,5.633966301051691,1.0419577415378507
8.49046769291292,3.061601947852877,5.633966301051691,9.351937605489223,0.9673571420909994,5.892247699180013,2.3311261868277384
9.351937605489223,0.9673571420909994,5.892247699180013,10.671452068566847,1.5014311193380467,0.3039634434246667,1.4718313045162592
10.671452068566847,1.5014311193380467,0.3039634434246667,13.3570033113958,1.7192484857662074,0.23721188954953804,2.695678174282512
