x1,y1,theta1,x2,y2,theta,length
13.7700742598429,5.111525864755128,3.3513004366824894,11.117670070791986,5.085745570304699,3.567884355998203,2.655987088294956
11.117670070791986,5.085745570304699,3.567884355998203,10.061593376585831,3.865804750337906,4.478493135555309,1.6214127425042546
10.061593376585831,3.865804750337906,4.478493135555309,10.187113128310179,3.25722709388719,4.961897743512168,0.6253787404932507
10.187113128310179,3.25722709388719,4.961897743512168,10.442438133231107,1.4646650656229665,3.6120054395523002,1.89364828154436
10.442438133231107,1.4646650656229665,3.6120054395523002,8.637841271878772,3.3340509083908256,2.423109254253973,2.6844347242061626
8.637841271878772,3.3340509083908256,2.423109254253973,8.103146486234971,3.6588577318215005,2.874733950085149,0.6267681682051098
8.103146486234971,3.6588577318215005,2.874733950085149,7.898632003950416,3.6628154441141,3.280938715540761,0.20544544723032637
7.898632003950416,3.6628154441141,3.280938715540761,3.8272869614146563,2.5918082026784064,3.6988781585253356,4.211057905151174
3.8272869614146563,2.5918082026784064,3.6988781585253356,2.0833052084120522,0.8134591254008956,2.845627057782053,2.546893597414
2.0833052084120522,0.8134591254008956,2.845627057782053,1.289838416865221,6.086446606680372,1.9941210286806632,5.39124018286002
1.289838416865221,6.086446606680372,1.9941210286806632,0.45855266673739026,7.111405570735633,1.6601392637883259,1.3300658731216928
0.45855266673739026,7.111405570735633,1.6601392637883259,1.2883520864225693,8.488925398848178,0.45866923663411535,1.6260496951713015
1.2883520864225693,8.488925398848178,0.45866923663411535,6.0789403553329056,8.026078286526742,0.016175207630928397,4.8201328190328
6.0789403553329056,8.026078286526742,0.016175207630928397,7.827489414696783,8.270902191484787,0.3456820169790393,1.7660527795082404
7.827489414696783,8.270902191484787,0.3456820169790393,9.744483916738378,9.397552073788804,6.223861299982297,2.2327963195316674
9.744483916738378,9.397552073788804,6.223861299982297,14.458861567966164,5.544772409011596,4.586042749099939,6.139921424755693
14.458861567966164,5.544772409011596,4.586042749099939,13.7700742598429,5.111525864755128,3.3513004366824894,0.848476901330261
