x1,y1,theta1,x2,y2,theta,length
1.3453627972858877,4.701233402293883,1.2547962844904545,2.1498099800356893,7.119363990149014,0.898912741700987,2.5521973982524804
2.1502564172638627,7.119924666744161,0.8973787609131001,5.177559696072112,8.934424446648954,0.3113980999407857,3.5342704016197386
5.17827180621212,8.934652974969234,0.3098641191528996,7.923206607079858,9.15114435107287,-0.28838838812249984,2.758661572963546
7.92389048549668,9.150941037632462,5.993262938269199,9.630722867019335,7.971645239492329,6.227961998815704,2.0937429016167393
9.631350796790956,7.971610471742459,6.229495979603589,11.166743623964118,8.749035719138599,6.353748423422326,1.7424021933718519
11.167420692665923,8.749082961940482,0.06902913545485384,12.550535592528583,8.168281539288586,-0.7715923363064777,1.5129789466090062
12.551050595259506,8.167780331652017,5.5100589900852235,12.877900675236297,7.233896501249855,4.400990880443904,1.0223094185237667
12.877728720810667,7.233364982060478,4.399456899656018,9.724807198875395,5.181199605427492,4.417864669110645,3.8238935906571863
9.724648842650584,5.180674853849499,4.419398649898532,10.641266234105476,2.947914646732551,4.623418094687322,2.4561825457179145
10.641208925168362,2.9472716703487483,4.621884113899437,8.77631354929874,0.6371272228016865,3.2934567515904716,3.018932055799203
8.77576400094283,0.637043419324282,3.291922770802586,6.724071065335259,1.898997889562359,2.5862916083751912,2.440198644827169
6.723420000309475,1.8994012088586154,2.587825589163077,4.685305361144778,2.8746885244600873,3.3578839446816704,2.2860543773585427
4.684740938841929,2.8745641606035073,3.3594179254695544,3.745035109410938,1.8459756268471237,3.78279662292599,1.4176788375575766
3.74444638503184,1.8455371653328425,3.7812626421381053,3.2044095691314096,1.62809350564578,3.479068426924635,0.5838773442051666
3.203685611741165,1.6278403151218108,3.4775344461367483,0.3795249068456913,0.9640124685964333,2.3577284709802298,2.9951237072685237
0.3792841771097217,0.964252769614753,2.356194490192345,1.3451239538114192,4.700504576608042,1.2532623037025694,3.956324152666846
