x1,y1,theta1,x2,y2,theta,length
1.6250636868326567,7.872728981184922,0.4878058905476339,9.360150471489252,8.64164322113525,-0.40343694721392215,7.803984345709994
9.361381175208475,8.641116866301529,5.878214379177777,11.506363123148738,6.19030773607515,5.763165820086354,3.2824265121385445
11.507592169047305,6.189604537699993,5.76469980087424,13.760454213224964,5.226592877698153,5.000777368507192,2.6070663420793254
13.760629796051845,5.226001789125402,4.999243387719305,10.641426161715996,2.1452055523935987,3.106311095468423,4.676683954747347
10.64029163922307,2.145245538886415,3.104777114680538,9.267254201985313,3.050288350464426,2.6921362827392996,1.6851593339119235
9.265944093463983,3.050919400031473,2.693670263527186,4.06241920956742,3.80648529264017,2.699806186678728,5.267980322237981
4.061102205772102,3.8071091797821492,2.6982722058908424,1.0937731764911691,7.033004674033902,1.5263108839462136,4.479008121253694
1.0937249687582387,7.034107857239464,1.5247769031583274,1.6237932361511342,7.872072867078425,0.4893398713355196,1.03720475648685
