x1,y1,theta1,x2,y2,theta,length
1.624193744067842,7.872590566947107,0.4872049414651973,9.360915297848656,8.641723259313968,5.8789842786145465,7.805687152637226
9.360915297848656,8.641723259313968,5.8789842786145465,11.507078941166823,6.189558766474482,5.763647270869942,3.284356351101624
11.507078941166823,6.189558766474482,5.763647270869942,13.761108284724394,5.226856005707889,5.001169874491434,2.608032066866511
13.761108284724394,5.226856005707889,5.001169874491434,10.640688478239253,2.1447158010687035,3.105696590897595,4.679791089710883
10.640688478239253,2.1447158010687035,3.105696590897595,9.266176335225389,3.051078299776216,2.6923164947734866,1.6873844318685345
9.266176335225389,3.051078299776216,2.6923164947734866,4.061471477267253,3.8066696178033896,2.699247477522563,5.2692525128732965
4.061471477267253,3.8066696178033896,2.699247477522563,1.093233572282082,7.033889713436531,1.5257313951902378,4.4808275538931275
1.093233572282082,7.033889713436531,1.5257313951902378,1.624193744067842,7.872590566947107,0.4872049414651973,1.0386965768850902
