TIME,LB,UB,OPEN,GAP,TREE
0.01883411407470703,0.0,37.2362850753572,1,100.0,1
0.018891096115112305,34.85666867017755,37.2362850753572,1,6.39058488343799,1
0.11638903617858887,34.85666867017755,37.2362850753572,2,6.39058488343799,4
0.30162715911865234,36.11814327722846,37.2362850753572,2,3.0028285471171254,8
0.5682921409606934,36.205739245509335,37.2362850753572,2,2.7675849719226617,13
0.959028959274292,36.205739245509335,37.2362850753572,2,2.7675849719226617,19
1.6929991245269775,36.205739245509335,37.2362850753572,2,2.7675849719226617,26
1.8787040710449219,36.205739245509335,37.2362850753572,2,2.7675849719226617,26
2.4079201221466064,36.388169942691434,37.2362850753572,2,2.277657749556351,26
3.841621160507202,36.7920795473854,37.2362850753572,2,1.1929372843527197,26
7.95425009727478,37.00800773353485,37.2362850753572,2,0.6130507953743789,26
20.0054931640625,37.12041758624477,37.2362850753572,2,0.31116822980043357,26
55.718698024749756,37.177840004370985,37.23628507535719,1,0.1569573088935267,26
55.71877312660217,37.177840004370985,37.23628507535719,2,0.1569573088935267,26
172.62823510169983,37.20696930775255,37.23628507535719,2,0.07872903418079513,26
587.6051659584045,37.2216186960552,37.23628507535715,1,0.03938733220102044,26
587.6052300930023,37.2216186960552,37.23628507535715,2,0.03938733220102044,26
2258.318526983261,37.228944051412114,37.23628507535715,2,0.019714705508838425,26
