x1,y1,theta1,x2,y2,theta,length
13.282183351286706,0.4296240999527831,3.834951969714103,10.898277010923202,0.8041006885483145,2.888485823588663,2.439376860412085
10.89790648653099,0.8041968593719537,2.8869518428007765,7.769372187630509,1.8037373611901288,3.1814761540748178,3.2861342497340837
7.76901288686961,1.8037227013921031,3.1830101348627053,6.076454510740829,1.1683935513175967,2.890019804376548,1.8195657318886795
6.076158314342093,1.1684697953487413,2.8884858235886623,4.458604476549904,3.123884926072916,2.221204180858409,2.548263237465914
4.458372453571551,3.1241901590699013,2.2196702000705226,0.34956290569812937,9.050290583083617,0.989417608186236,7.277961442276699
0.3496371554259288,9.05040331256348,0.9878836273983529,9.434099104304714,7.160327819538865,-0.11198059751565159,9.346314311661486
9.434477862390251,7.160285492835611,6.172738690451821,13.225783254300161,7.087206775831987,5.503923066933677,3.8104884161488144
13.225977205912109,7.087015072262542,5.5023890861457945,13.282369305084186,0.42977890568329047,3.836485950501987,6.704508515994594
