x1,y1,theta1,x2,y2,theta,length
13.282358461048217,0.42957640582894435,3.8357865976079184,10.898119582066892,0.8041297182975828,2.887591619348221,2.439795288500618
10.898119582066892,0.8041297182975828,2.887591619348221,7.769221858890378,1.8037978343655297,3.1823712767598735,3.2865335172210015
7.769221858890378,1.8037978343655297,3.1823712767598735,6.07618870799098,1.1683426219094781,2.8896200827822986,1.820082570586031
6.07618870799098,1.1683426219094781,2.8896200827822986,4.458439977141548,3.124094725597246,2.220736316232514,2.548705663758983
4.458439977141548,3.124094725597246,2.220736316232514,0.3494128673521276,9.050388921415442,0.9883791193916769,7.278414280455458
0.3494128673521276,9.050388921415442,0.9883791193916769,9.43430579301411,7.160283337144619,6.171892524505922,9.3468225938443
9.43430579301411,7.160283337144619,6.171892524505922,13.226054443866632,7.087128145399511,5.503603171704257,3.8109560612788713
13.226054443866632,7.087128145399511,5.503603171704257,13.282358461048217,0.42957640582894435,3.8357865976079184,6.704975099711888
