x1,y1,theta1,x2,y2,theta,length
8.563988320177865,0.5260744369630918,2.3933494924124155,6.844931095550546,2.1185350512365884,2.5341362615870793,2.343422033178121
6.844306938069591,2.1189672846043517,2.537204223162851,4.660771344261007,3.1271978463793557,3.4790684269246346,2.4247706442420496
4.660269468840652,3.1270200853845806,3.4821363885004053,3.8738698956939204,1.628523226366041,3.893243239653758,1.7130333038250636
3.873351297507465,1.6280414926454858,3.890175278077986,3.2966618423832807,1.3952958494608367,3.4391849264396073,0.6241604614694348
3.295929637992005,1.3950715464017043,3.436116964863836,0.214296073383567,0.7748967814041339,2.2917672971011473,3.191553993615882
0.21406410268306716,0.7751619951007169,2.2886993355253766,1.583456275673467,4.625001848021981,1.2425244381873686,4.135114661414944
1.5837022073407667,4.625727405857957,1.2455923997631408,2.3689936108446075,7.113911324143395,0.524621429456888,2.626505848558341
2.369470863898917,7.114185765305504,0.521553467881118,9.123965841280432,5.54434445483077,0.5062136600022621,6.968994782433325
9.124454332971453,5.544615492474951,0.5092816215780329,9.782893349802336,7.2974655387495515,0.8007379712763019,1.8913673627667813
9.78337167753797,7.2979586416785205,0.7976700097005334,12.785326319913821,8.303695050821498,-0.472466082668776,3.1910798323868756
12.785794407529835,8.303454460198145,5.807651262935037,13.12698325350419,7.185510549809806,4.279806398200938,1.2052337348459568
13.126739305824517,7.184986447599441,4.276738436625167,12.21979489742183,6.69233035395779,3.9668743174722665,1.046613593786017
12.219318568151825,6.69181240395103,3.9699422790480394,10.919326843544779,3.0220793716453915,4.221515128261286,3.8960842908232407
10.91896955193089,3.021411326328797,4.218447166685513,8.829740070778177,0.39187145674127616,3.230563539287161,3.381038622666388
8.829227530938729,0.3918265186679962,3.227495577711389,8.564550488993445,0.5255526707130543,2.393552936829031,0.3083145384273043
