x1,y1,theta1,x2,y2,theta,length
4.660720584693882,3.127472145727007,3.4818446223259323,3.8734564452169162,1.6279383623704486,3.8900285834963477,1.7144189797384821
3.8734564452169162,1.6279383623704486,3.8900285834963477,3.2960199071760017,1.3950772732584709,-2.844354864602895,0.6248986869041497
3.2960199071760017,1.3950772732584709,-2.844354864602895,0.21403995261782385,0.7746727742234445,2.2895285760766444,3.1922482859253067
0.21403995261782385,0.7746727742234445,2.2895285760766444,1.5835911662811473,4.625343337643976,1.24412374661654,4.136058383605615
1.5835911662811473,4.625343337643976,1.24412374661654,2.3688674033599137,7.114146211875373,0.5220169088244202,2.627280337269154
2.3688674033599137,7.114146211875373,0.5220169088244202,9.124563842205704,5.544376283729954,0.5067116919331568,6.970208356790553
9.124563842205704,5.544376283729954,0.5067116919331568,9.783277118355064,7.298105311976124,0.8007355054610419,1.8924621324158781
9.783277118355064,7.298105311976124,0.8007355054610419,12.785586515083866,8.303874569129835,5.808730084190873,3.1916602959814453
12.785586515083866,8.303874569129835,5.808730084190873,13.127219535261096,7.185422285879384,4.277037423939526,1.2060999790043485
13.127219535261096,7.185422285879384,4.277037423939526,12.219508222660863,6.6922435559544295,3.968783806500561,1.0475842716230372
12.219508222660863,6.6922435559544295,3.968783806500561,10.91904541829729,3.0214273172141044,-2.0618881903588964,3.8972866171950837
10.91904541829729,3.0214273172141044,-2.0618881903588964,8.829537605592611,0.3915684966710238,3.2289140428588037,3.381605034280486
8.829537605592611,0.3915684966710238,3.2289140428588037,6.844656549365869,2.118791093544199,2.5357039107149686,2.6534022689511367
6.844656549365869,2.118791093544199,2.5357039107149686,4.660720584693882,3.127472145727007,3.4818446223259323,2.425545458953995
