x1,y1,theta1,x2,y2,theta,length
7.400317651879576,2.9468931293700567,5.861340590511035,15.484029113306661,3.035579956971188,7.620816554215872,8.178415001611947
15.484048410890733,3.035661790168289,1.3391652278241646,13.565183764195867,4.1875868266868315,2.5770877236478755,2.3229968681348865
13.56486182915955,4.1877907582649945,2.5755537428599915,7.95771820233252,8.65806527285013,2.9114955354069463,7.174695661863102
7.957381525717057,8.658143749931465,2.9130295161948325,3.3742956419003063,7.537507361604782,4.404058842019673,4.76560869350269
3.374237317370133,7.537323765940545,4.405592822807561,7.399997058593061,2.9470371491516434,5.859806609723149,6.152368296682427
