x1,y1,theta1,x2,y2,theta,length
7.40004221689164,2.9469328539857984,5.860940939914174,15.484178697332311,3.0353998577358787,1.3391303269420363,8.179142976661323
15.484178697332311,3.0353998577358787,1.3391303269420363,13.564894153862577,4.187745047747698,2.5768760077370154,2.3235653789476314
13.564894153862577,4.187745047747698,2.5768760077370154,7.95764102619197,8.658168402288359,2.912559514556799,7.174902438071973
7.95764102619197,8.658168402288359,2.912559514556799,3.3741051462886196,7.537455085612951,4.404781231827322,4.76616605419164
3.3741051462886196,7.537455085612951,4.404781231827322,7.40004221689164,2.9469328539857984,5.860940939914174,6.152786479148123
