TIME,LB,UB,OPEN,GAP,TREE
0.018757104873657227,0.0,29.900221738270186,1,100.0,1
0.01880812644958496,26.875826927211584,29.900221738270186,1,10.114957800421893,1
0.05394291877746582,26.875826927211584,29.90001966658081,1,10.114350335191787,2
0.11085200309753418,26.875826927211584,29.90001966658081,2,10.114350335191787,4
0.24599409103393555,27.135224466250566,29.391949179489007,2,7.678036932689318,7
0.2804579734802246,27.135224466250566,29.391949179489007,3,7.678036932689318,8
0.6101770401000977,28.21518639447193,29.391949179488954,3,4.003690867287634,13
0.6102550029754639,28.21518639447193,29.391949179488954,4,4.003690867287634,13
1.0619559288024902,28.21518639447193,29.391949179488954,4,4.003690867287634,19
1.2131879329681396,28.21518639447193,29.391949179488954,4,4.003690867287634,19
1.5610849857330322,28.365953992620312,29.391949179488954,5,3.4907354412024763,24
1.9814159870147705,28.365953992620312,29.391949179488954,7,3.4907354412024763,30
2.2412729263305664,28.534483846353304,29.391949179488954,7,2.9173476311466566,30
2.4029440879821777,28.625398580564372,29.391949179488954,7,2.6080291383312395,30
2.7558979988098145,28.63347943774349,29.391949179488954,7,2.5805357008264007,30
3.804316997528076,28.992322903917035,29.391949179488954,7,1.3596453679594551,30
3.94648814201355,29.03848028551053,29.391949179488954,6,1.202604467706041,30
4.089471101760864,29.11456809760835,29.391949179488954,5,0.943731496630971,30
4.743736982345581,29.12762443724033,29.391949179488954,4,0.8993100138900735,30
7.8102099895477295,29.184362161617663,29.39194917948867,3,0.7062716957059517,30
7.8102850914001465,29.184362161617663,29.39194917948867,4,0.7062716957059517,30
7.964972972869873,29.265763911154686,29.39194917948867,3,0.42931915662824766,30
8.423859119415283,29.276444755550955,29.39194917948867,2,0.3929798028445155,30
17.305827140808105,29.28630863008265,29.39194917948867,2,0.3594200192743272,30
46.322970151901245,29.338776839213505,29.39194917948863,1,0.18090783959381668,30
46.32304406166077,29.338776839213505,29.39194917948863,2,0.18090783959381668,30
143.82530903816223,29.36530483396389,29.391949179488627,1,0.09065184946403919,30
143.8253779411316,29.36530483396389,29.391949179488627,2,0.09065184946403919,30
534.9518899917603,29.378593545797067,29.391949179488627,2,0.04543976859105575,30
2788.52747797966,29.385264821444252,29.39194917948861,1,0.022742139364549087,30
2788.5275440216064,29.385264821444252,29.39194917948861,2,0.022742139364549087,30
