x1,y1,theta1,x2,y2,theta,length
11.436715924154882,5.945733110390732,5.129631754689584,11.817158274399025,1.3023120920611087,3.5465635815916032,4.738210617661877
11.817063239188384,1.3022714410864744,3.5450296008037165,9.539393121691907,3.7198374182423475,2.8102528034064935,3.402421538465774
9.539219865989832,3.7198970166559007,2.81178678419438,2.6546374205879655,2.4006861847156395,2.1491070838277784,7.0823759952922565
2.654556459908505,2.400810309501443,2.1475731030398975,6.655216657222671,8.132503449414713,0.9556700308527497,7.056430789317363
6.655375965327625,8.13272907252405,0.9572040116406401,7.47193405197343,9.315969245111841,0.690291354548537,1.4385555183453465
7.472192465112802,9.316182076675792,0.6887573737606529,8.202681167667976,9.587949404727357,-0.2224272142434151,0.7895144868632491
8.203068139219736,9.58786124828077,6.059224112148282,11.43650533038955,5.946206970174637,5.131165735477473,4.88109648220809
