x1,y1,theta1,x2,y2,theta,length
11.436715026852415,5.945932602993936,5.13061519077376,11.817183938254795,1.302132245283777,3.5457775576605766,4.738742351840433
11.817183938254795,1.302132245283777,3.5457775576605766,9.539226425664058,3.7199539301140336,2.810277631369039,3.4029367394165626
9.539226425664058,3.7199539301140336,2.810277631369039,2.654372025807601,2.4007333016823753,2.148742786053466,7.082757884148156
2.654372025807601,2.4007333016823753,2.148742786053466,6.655342710452903,8.132677857124685,0.9560083148948683,7.057006293333195
6.655342710452903,8.132677857124685,0.9560083148948683,7.471984506903177,9.316074149478439,0.6892535261418856,1.4387421257697335
7.471984506903177,9.316074149478439,0.6892535261418856,8.202738331575414,9.588084036129374,6.059451298677477,0.7899209091295067
8.202738331575414,9.588084036129374,6.059451298677477,11.436715026852415,5.945932602993936,5.13061519077376,4.8818428758510235
