x1,y1,theta1,x2,y2,theta,length
6.53627240155715,2.644832937843854,6.261626882280137,11.60070088441154,0.634795415586779,0.20529919958049614,5.459038439017407
11.60070088441154,0.634795415586779,0.20529919958049614,12.514385616321885,1.5677777703573172,1.3599458764026424,1.3216624289805416
12.514385616321885,1.5677777703573172,1.3599458764026424,12.02973361271727,3.102222564868685,1.4071757846044308,1.6204093670619393
12.02973361271727,3.102222564868685,1.4071757846044308,14.40944891653082,6.17130185044108,1.4333851811739475,3.8950167629338956
14.40944891653082,6.17130185044108,1.4333851811739475,13.05534202888794,9.35460915212916,2.513020155481888,3.472261574433567
13.05534202888794,9.35460915212916,2.513020155481888,10.734296674984963,9.580872867108143,3.4058028278361765,2.340245514126441
10.734296674984963,9.580872867108143,3.4058028278361765,9.585472609641563,8.664377644606999,4.6772903283032745,1.5000668730063569
9.585472609641563,8.664377644606999,4.6772903283032745,10.015224204452096,8.128857473916861,5.000103030737657,0.7115615016945593
10.015224204452096,8.128857473916861,5.000103030737657,9.69907274401763,6.994643587392303,4.360215796978416,1.1853393268010681
9.69907274401763,6.994643587392303,4.360215796978416,8.64605102935126,4.661494083334365,3.540439039855081,2.577665596550922
8.64605102935126,4.661494083334365,3.540439039855081,7.65318930296338,4.977658151511576,2.764595062925088,1.058408079091539
7.65318930296338,4.977658151511576,2.764595062925088,5.195219563576509,5.95416746276565,2.607549829017006,2.645000726147605
5.195219563576509,5.95416746276565,2.607549829017006,1.8225911423080787,8.534734646101962,3.644818908823741,4.309829164086998
1.8225911423080787,8.534734646101962,3.644818908823741,2.3228599189738155,3.2903561142205824,4.5765641217906445,5.332387630548747
2.3228599189738155,3.2903561142205824,4.5765641217906445,1.539851074078121,1.022397922890023,5.471404274959926,2.455265514238663
1.539851074078121,1.022397922890023,5.471404274959926,6.53627240155715,2.644832937843854,6.261626882280137,5.313068049298644
