x1,y1,theta1,x2,y2,theta,length
11.224951977080071,4.931547054605624,3.6441844027534436,10.288461313589266,3.805541490761268,4.468522519886421,1.4765126713065733
10.288461313589266,3.805541490761268,4.468522519886421,10.296923581530757,1.7724209675731561,3.598001026715478,2.1752937033990145
10.296923581530757,1.7724209675731561,3.598001026715478,8.577636998460411,3.226160467679877,2.4820365846279286,2.398667949325168
8.577636998460411,3.226160467679877,2.4820365846279286,8.110690031297565,3.426776682495016,3.047361141792851,0.5122257030206411
8.110690031297565,3.426776682495016,3.047361141792851,3.919271499534043,2.3623018132877136,3.6279889444007405,4.328961634601496
3.919271499534043,2.3623018132877136,3.6279889444007405,2.2709609166913225,1.2848549917550565,2.7829006819458866,2.049396494756486
2.2709609166913225,1.2848549917550565,2.7829006819458866,1.33077670477104,6.081560102949185,2.0613916348711236,4.981590173067293
1.33077670477104,6.081560102949185,2.0613916348711236,0.4090490576142918,7.112066977037493,1.6761737304024695,1.4099025431796468
0.4090490576142918,7.112066977037493,1.6761737304024695,1.3065842894726563,8.453097450994422,0.4601011682320277,1.6538010951142597
1.3065842894726563,8.453097450994422,0.4601011682320277,6.075307896506969,8.445209958599687,0.01085574862731349,4.777150503552486
6.075307896506969,8.445209958599687,0.01085574862731349,7.8199960779208695,8.514427225824777,0.2185033477123007,1.7465570231541248
7.8199960779208695,8.514427225824777,0.2185033477123007,9.715098540767563,9.238631486708913,6.162532868282653,2.039627546627079
9.715098540767563,9.238631486708913,6.162532868282653,14.056038636252499,5.681465371347591,4.461873041309469,5.745821559643769
14.056038636252499,5.681465371347591,4.461873041309469,11.224951977080071,4.931547054605624,3.6441844027534436,3.0397698792560774
