x1,y1,theta1,x2,y2,theta,length
6.774054839406902,1.06964444836359,0.13959225169759332,10.662039137933755,3.582814735753957,0.6534758156392838,4.636550155457156
10.6628852232131,3.583462735270963,0.6550097964271688,11.722676865763674,4.514110966489633,0.6258641614573432,1.4105113617150564
11.723041429128775,4.5143736196232656,0.6243301806694561,14.830164605048129,6.707801096553866,1.7625439252806006,3.9344048205443434
14.830102573787707,6.708120069239617,1.7640779060684872,2.9520121976340765,8.446765068538474,4.1340782233518025,12.264280145778319
2.951800945906034,8.446441055754356,4.135612204139688,4.0519461088560105,5.813710771684069,4.422466611474302,2.979080836087645
4.051818115590826,5.813283216131781,4.420932630686417,2.7698316364773214,4.906791053258717,4.272136494261511,1.6203771761697885
2.76967614036606,4.9064610058209155,4.273670475049396,3.4420954592115716,2.1410938643005544,5.471709470388082,2.8832808926832283
3.4425820182036286,2.1405825814800195,5.473243451175968,6.773548592337006,1.0695739569452285,6.421243578089292,3.5166269578298945
