x1,y1,theta1,x2,y2,theta,length
6.773980842924204,1.0695110128330205,0.13838110734261072,10.66279100339206,3.583344282510082,0.6536883998690365,4.637663963482017
10.66279100339206,3.583344282510082,0.6536883998690365,11.722680249615296,4.514140631376286,0.6244019296191159,1.4106876293044996
11.722680249615296,4.514140631376286,0.6244019296191159,14.830543682382539,6.708307465499811,1.7629061484357644,3.935538085314257
14.830543682382539,6.708307465499811,1.7629061484357644,2.9515538615174313,8.44682106679827,4.134828983712788,12.265762535471676
2.9515538615174313,8.44682106679827,4.134828983712788,4.052141550449518,5.813482768778102,4.421561250222443,2.9802097971629244
4.052141550449518,5.813482768778102,4.421561250222443,2.7696928201573563,4.906855140256346,4.271952775232922,1.6209384224674945
2.7696928201573563,4.906855140256346,4.271952775232922,3.442008455052311,2.140904096901093,5.4730009742053465,2.884099303516778
3.442008455052311,2.140904096901093,5.4730009742053465,6.773980842924204,1.0695110128330205,0.13838110734261072,3.517732711469435
