x1,y1,theta1,x2,y2,theta,length
13.668277834682353,8.173875617321064,3.141592653589793,10.986038732952556,4.872124382678934,3.5342917352885173,4.427649913420923
10.766445557002829,4.852377235795753,3.141592653589793,9.619317620038807,5.214055687308806,3.141592653589793,1.2217000356428507
9.308911473335494,5.422736131828839,3.141592653589793,8.09413318614433,6.896415308837533,1.178097245096173,2.2682942126539185
7.869879532511286,6.763316567634909,0.7853981633974483,7.869879532511286,6.763316567634909,0.7853981633974483,0.0
7.999373786289801,6.921065061235648,0.5936108704155453,9.727791340678735,8.618979598244177,1.5707963267948972,2.5307316927453116
9.706350835655543,8.660917761549651,1.9634954084936207,7.729814291312997,8.95724736541889,3.4931814811863213,2.2841033895231675
7.35964962873596,8.834490487758188,-2.852751974706806,1.8075018119304107,7.058674639210348,3.9269908169872423,5.848129909706815
1.604451131496945,6.808675247421482,4.319689898685965,1.4795351822008889,4.529324752578518,5.105088062083414,2.304526343189404
1.611393567994695,4.2076720659095255,5.497787143782138,4.7174413050367665,1.5981628071219367,5.890486225480862,4.061843700174428
5.052596176821754,1.5256755015213355,6.283185307179586,7.756403823178245,2.2323244984786648,6.283185307179586,2.8011056663604834
8.129117057373712,2.2265187020874384,-0.31553557908882923,11.523199510261199,1.170481297912558,6.283185307179586,3.5594430820342207
11.830983335559893,1.2619161310646714,0.39269908169872414,14.008735182001919,3.836365351373517,1.1780972450961724,3.3954619483239865
14.152408021655939,4.182260528306689,1.461151617223919,14.387712445832776,7.448739471693313,1.9634954084936216,3.293474785903552
14.309807248418798,7.810613869161678,2.163238609021347,13.862911269143018,8.176104648400132,2.7488935718910685,0.5856549628697216
