x1,y1,theta1,x2,y2,theta,length
11.934983967628272,4.8392971440553865,3.0016632864313797,8.795157354320036,2.867754735908696,3.87054753290969,3.737707922409033
8.795157354320036,2.867754735908696,3.87054753290969,7.701374075485551,1.63612750901709,3.6765392391359852,1.6500483116276778
7.701374075485551,1.63612750901709,3.6765392391359852,1.38384665259532,0.6281577480874904,2.1154490005700946,6.537552406434727
1.38384665259532,0.6281577480874904,2.1154490005700946,2.986497259864523,3.270597798642331,1.542957539840555,3.2271027779437564
2.986497259864523,3.270597798642331,1.542957539840555,2.522088616423779,4.085853881328737,2.1141006191912246,0.955624070682055
2.522088616423779,4.085853881328737,2.1141006191912246,1.4849004911796606,6.989358286925516,0.7696690154879278,3.2165817262897622
1.4849004911796606,6.989358286925516,0.7696690154879278,3.2706542439478,6.439699955149312,-0.3737432256178613,1.9882935933355974
3.2706542439478,6.439699955149312,-0.3737432256178613,4.90170594708405,6.211443084259356,0.6763528416126032,1.7005117487986272
4.90170594708405,6.211443084259356,0.6763528416126032,5.100570806131029,8.391431248440712,1.0085571866054128,2.2532627114394486
5.100570806131029,8.391431248440712,1.0085571866054128,5.880638048880906,8.717573813977022,-0.22300467179594163,0.8836964037115614
5.880638048880906,8.717573813977022,-0.22300467179594163,6.873133132926364,7.746979547746921,-0.6605015294282398,1.4049255891252574
6.873133132926364,7.746979547746921,-0.6605015294282398,8.831397573313767,7.0703174985314305,0.6797816510127092,2.171509035463845
8.831397573313767,7.0703174985314305,0.6797816510127092,8.841813096426321,9.091725413488554,0.8201310334298905,2.1514493104636685
8.841813096426321,9.091725413488554,0.8201310334298905,11.012090989517958,8.918124706249719,-0.017073163715275803,2.2460545979966238
11.012090989517958,8.918124706249719,-0.017073163715275803,12.712985741257326,9.103779102502115,5.884411972840818,1.7235286203608102
12.712985741257326,9.103779102502115,5.884411972840818,15.34712305303674,5.46284527651236,4.984372866077396,4.511132651250572
15.34712305303674,5.46284527651236,4.984372866077396,15.291648706843969,4.206605964921171,-1.4895655214979142,1.260646531710507
15.291648706843969,4.206605964921171,-1.4895655214979142,15.590655400225328,1.2715719349162768,3.6072378125270346,3.10760317625276
15.590655400225328,1.2715719349162768,3.6072378125270346,11.934983967628272,4.8392971440553865,3.0016632864313797,5.2973821867304745
