x1,y1,theta1,x2,y2,theta,length
10.374919250135745,5.871286501435681,4.8688550207490255,10.14614552917696,4.053067176975486,4.933282213840222,1.8473262532360264
10.146566050492241,4.051496402016753,4.957825906446393,11.292277360865342,1.5006785804301632,4.135612204139688,3.0250325524685175
11.29192263105692,1.5000513547043668,4.123340357836604,3.7286062912762943,2.764229133152096,2.024854640009047,8.043401280402565
3.7277585795331043,2.766382241346841,2.0125827937059615,8.12085014815986,8.9809939318224,-0.02454369260616973,7.94660850643651
8.122402509624736,8.980915456286954,6.234097921967246,10.374294136708873,5.875247975458211,4.871922982324796,3.9811881561472817
