x1,y1,theta1,x2,y2,theta,length
10.374881385516447,5.876545424740399,4.865041018603557,10.162249451524447,3.9985489997021118,4.960346436705817,1.9049103399866205
10.162249451524447,3.9985489997021118,4.960346436705817,11.270861296597666,1.4649086746252298,4.17424157737544,2.9602702856472622
11.270861296597666,1.4649086746252298,4.17424157737544,3.7273366419950493,2.762522853361475,1.9449916171709554,8.097222439215054
3.7273366419950493,2.762522853361475,1.9449916171709554,8.216147315373293,8.971427597290782,6.221288649692098,7.981833417776425
8.216147315373293,8.971427597290782,6.221288649692098,10.374881385516447,5.876545424740399,4.865041018603557,3.920565055184916
