x1,y1,theta1,x2,y2,theta,length
14.009938636590732,5.680561279412479,4.77755753080389,14.833006596810534,4.343568417219568,4.70725211916354,1.6023400062660587
14.833006596810534,4.343568417219568,4.70725211916354,11.498676221449061,0.6138913724541912,2.879241077787694,5.141710797517225
11.498676221449061,0.6138913724541912,2.879241077787694,10.848843400632227,2.379623636839719,2.20031116052636,1.9734508984359846
10.848843400632227,2.379623636839719,2.20031116052636,7.009693461256115,4.214363291085102,3.594283418418847,4.325379102919282
7.009693461256115,4.214363291085102,3.594283418418847,6.1576919553271745,1.3739306662899815,3.837105864409674,3.0402679051315693
6.1576919553271745,1.3739306662899815,3.837105864409674,5.762601450873316,1.2634033004820964,2.991639656719017,0.42273310384532836
5.762601450873316,1.2634033004820964,2.991639656719017,4.699966512535898,1.6138736310724116,2.7755392642071066,1.11936708319806
4.699966512535898,1.6138736310724116,2.7755392642071066,4.5231572312903445,1.693071409514967,2.6222443389268664,0.19384092577581513
4.5231572312903445,1.693071409514967,2.6222443389268664,2.401231199752188,3.2368921075681265,2.6346147983783426,2.624379804038404
2.401231199752188,3.2368921075681265,2.6346147983783426,0.6509292684192172,4.131289577830691,1.901363011400627,2.0084869348875527
0.6509292684192172,4.131289577830691,1.901363011400627,1.8601000339547054,6.22253541183611,0.205646462627034,2.5136772441301716
1.8601000339547054,6.22253541183611,0.205646462627034,3.6768887864360837,5.410992752212503,0.42269793558898244,2.085059823867547
3.6768887864360837,5.410992752212503,0.42269793558898244,4.088568449152925,7.097835394238081,1.5231073963104516,1.8103668052806423
4.088568449152925,7.097835394238081,1.5231073963104516,4.251862182708117,8.712266177228125,0.7473867928928437,1.6594135046201623
4.251862182708117,8.712266177228125,0.7473867928928437,7.081371896081505,8.638539435744587,-0.38467309025588664,2.8743514024104764
7.081371896081505,8.638539435744587,-0.38467309025588664,9.595657394638597,6.639200629654192,-0.23548519409087262,3.221933250833581
9.595657394638597,6.639200629654192,-0.23548519409087262,11.549560973767695,7.03853706588048,0.384265328253187,2.00213585200601
11.549560973767695,7.03853706588048,0.384265328253187,15.47777242945871,8.960128754901275,5.49304058507134,4.537047135318042
15.47777242945871,8.960128754901275,5.49304058507134,14.009938636590732,5.680561279412479,4.77755753080389,3.76185751473637
