x1,y1,theta1,x2,y2,theta,length
6.8786507450791206,1.8613407460925309,2.9145634969827183,0.5458316950230099,0.986585473911333,2.2027964114037806,6.502506774438064
0.5453385904384208,0.9872633533378546,2.199728449828009,2.0669672060777677,4.340209575389069,0.8805049722463574,3.7850600121464324
2.0675837651006868,4.340952537570521,0.8774370106705867,8.156811073491406,9.290903325481176,0.2638446955163303,7.854092282655607
8.157759243167854,9.291158157160604,0.260776733940559,12.529483309612795,8.377848826710064,-1.1873011298234846,4.5532500238973626
12.529720705067561,8.377260670671168,5.09281621578033,11.836845362886457,7.057705923097594,3.9361947017145553,1.5564507234686298
11.836250629093323,7.057100448334817,3.9331267401387837,9.704719766777055,5.240178558334208,4.52524332426264,2.828830904664451
9.704523592866517,5.239127619539019,4.528311285838413,10.838292159429997,2.9293797150854375,4.629554017838865,2.614570560438741
10.83822808427016,2.9286324539641853,4.626486056263094,8.799855473490393,0.6323378237193658,3.2489713087417877,3.1246226467863965
8.798759797630542,0.6322224578517452,3.245903347166017,6.879947994471891,1.8610376061352223,2.9114955354069467,2.3120793475146635
