x1,y1,theta1,x2,y2,theta,length
6.8789557618204205,1.8615726235265138,2.912141677936194,0.5442982878516237,0.9871836870160315,2.199702346962969,6.50523322485577
0.5442982878516237,0.9871836870160315,2.199702346962969,2.0670118957850496,4.340408875741927,0.8780325801564114,3.7858411080608416
2.0670118957850496,4.340408875741927,0.8780325801564114,8.157296680624617,9.291263136896996,0.2625141786381929,7.855547144541623
8.157296680624617,9.291263136896996,0.2625141786381929,12.530225795667107,8.377402724480403,5.095290037082262,4.55474797895559
12.530225795667107,8.377402724480403,5.095290037082262,11.836521296749833,7.057294480899029,3.935005552860151,1.5579897142168444
11.836521296749833,7.057294480899029,3.935005552860151,9.704239510601425,5.240191212418238,4.527761455796623,2.829861095131025
9.704239510601425,5.240191212418238,4.527761455796623,10.838551187752635,2.929221759758066,4.627227121191343,2.6161874608346656
10.838551187752635,2.929221759758066,4.627227121191343,8.799723348972673,0.6318059572136082,3.246698112408384,3.126145152634715
8.799723348972673,0.6318059572136082,3.246698112408384,6.8789557618204205,1.8615726235265138,2.912141677936194,2.3143482166026295
