TIME,LB,UB,OPEN,GAP,TREE
0.027338027954101562,0.0,33.92636579613587,1,100.0,1
0.027379989624023438,32.77644196497839,33.92636579613587,1,3.389469529590622,1
0.1365809440612793,32.77644196497839,33.92636579613587,4,3.389469529590622,4
0.23678016662597656,33.05306817789915,33.92636579613571,3,2.574097159372236,6
0.3487739562988281,33.05306817789915,33.92636579613571,4,2.574097159372236,8
0.4651601314544678,33.05306817789915,33.92636579613571,4,2.574097159372236,8
0.5738730430603027,33.3428139408816,33.92636579612788,3,1.720054127674609,9
0.9867560863494873,33.3428139408816,33.92636579612788,5,1.720054127674609,13
1.119394063949585,33.3428139408816,33.92636579612788,5,1.720054127674609,13
1.5775139331817627,33.3428139408816,33.92636579612788,5,1.720054127674609,13
1.680696964263916,33.35757376104972,33.92636579612788,5,1.6765486716030131,13
1.8351290225982666,33.5624226193785,33.92636579612788,5,1.0727443632966969,13
3.319308042526245,33.58740474945606,33.92636579612689,4,0.9991080350537322,13
3.3193650245666504,33.58740474945606,33.92636579612689,5,0.9991080350537322,13
3.442657947540283,33.62419146933839,33.92636579612689,4,0.8906769696593695,13
3.783445119857788,33.659928886594585,33.92636579612689,4,0.7853387867518647,13
4.341516017913818,33.69645940155579,33.92636579612689,3,0.6776629007441232,13
8.247282981872559,33.74965063650153,33.92636579612689,3,0.5208785423328012,13
20.29397201538086,33.83605091632234,33.92636579612526,2,0.26620853039683007,13
20.29402995109558,33.83605091632234,33.92636579612526,3,0.26620853039683007,13
62.15522813796997,33.880745890445894,33.92636579612526,3,0.134467410843565,13
63.17824602127075,33.89211945061388,33.92636579612526,2,0.1009431594211266,13
231.69184803962708,33.903493065687165,33.92636579612526,2,0.06741874616204145,13
883.027261018753,33.91489814794272,33.92636579612518,1,0.03380158149379506,13
883.0273571014404,33.91489814794272,33.92636579612518,2,0.03380158149379506,13
4026.7832119464874,33.92062571661774,33.92636579612516,1,0.016919228961665915,13
4026.7832980155945,33.92062571661774,33.92636579612516,2,0.016919228961665915,13
4026.7833290100098,33.92062571661774,33.92636579612516,2,0.016919228961665915,13
