x1,y1,theta1,x2,y2,theta,length
1.459143614043932,3.7792019843279467,0.02761165418194154,15.583473574358267,4.410267546225613,-1.3713788243697735,14.24702695170512
15.583493046130725,4.4101699934131355,4.908738521234052,4.794647409237879,0.4375998498780792,3.3808936564999508,11.60563186449983
4.793769091865567,0.4373873559886325,3.377825694924182,2.0173694731461187,0.15090984525259588,2.32244691285886,2.82435995633858
2.0171866466931188,0.1511061819548418,2.3193789512830896,2.191819439534547,1.611118453765852,1.8499808301900833,1.5042137610788124
2.1916913369395834,1.6115654529664485,1.8530487917658545,0.48605021653952557,3.6319496989688864,1.168893360368859,2.7051927604578845
0.48622406019651443,3.632356779918869,1.1658253987930873,1.4587306866934886,3.779190950528289,0.02454369260616973,1.0342004225375179
