x1,y1,theta1,x2,y2,theta,length
1.4588735419974552,3.779188096482023,0.026552397700647972,15.583797483421794,4.4104842642598205,4.909434265380282,14.248145101532101
15.583797483421794,4.4104842642598205,4.909434265380282,4.794309093597358,0.43747325444038687,3.379044836857386,11.606535877013396
4.794309093597358,0.43747325444038687,3.379044836857386,2.0171691036221646,0.1508431772955004,2.3206097542206385,2.825311970567304
2.0171691036221646,0.1508431772955004,2.3206097542206385,2.191805278732258,1.6116174819177311,1.850053571776708,1.505093113219597
2.191805278732258,1.6116174819177311,1.850053571776708,0.48562894262545475,3.6323056509519,1.167199980479379,2.7061308440354845
0.48562894262545475,3.6323056509519,1.167199980479379,1.4588735419974552,3.779188096482023,0.026552397700647972,1.0351488897572827
