x1,y1,theta1,x2,y2,theta,length
9.69956277768519,7.394103291884152,5.740156108268069,12.375096738383697,6.582712668305346,5.304505564508547,2.868425402908998
12.376510040805748,6.580594647358748,5.301437602932776,12.30529623617634,4.90779583818898,4.583534594202297,1.7337719417155901
12.304860088170537,4.904416793032568,4.586602555778068,11.644086608055066,1.7367867476553842,3.5281558121369745,3.4261944468466607
11.643305808790165,1.7364694161178613,3.5250878505612033,9.184973928008471,2.884391139723618,3.175340230923277,2.887164644300288
9.183452100310483,2.8843353111766503,3.1784081924990484,7.563950743239055,1.754834421858507,3.4115732722576664,2.036120490704437
7.561101048968567,1.7540543468833958,3.4085053106818948,3.5119648975489035,3.105241304005112,2.239611950313036,4.334063650267924
3.5097701307445264,3.108026068793262,2.2365439887372647,3.2204307005846404,6.305138856751432,1.0952622825503473,3.2711366622250226
3.2211239546467123,6.306475621222113,1.0921943209745764,8.090886485402658,9.02141269922057,-0.20248546400090384,5.667105023077003
8.092889247916055,9.020994835392928,6.07763188160291,9.698195556220224,7.39493103786469,5.737088146692297,2.3343126959186646
