x1,y1,theta1,x2,y2,theta,length
9.698396583340493,7.394422598382506,5.739267182823664,12.377692887558158,6.581332199167495,5.300970965556675,2.8736165242577254
12.377692887558158,6.581332199167495,5.300970965556675,12.304782418640972,4.905328683963081,4.584345463513908,1.7371437729773662
12.304782418640972,4.905328683963081,4.584345463513908,11.645805467525987,1.736411982588321,3.527032346536159,3.4281583294629705
11.645805467525987,1.736411982588321,3.527032346536159,9.184881089948036,2.885205087392327,3.177833241316483,2.891594079860959
9.184881089948036,2.885205087392327,3.177833241316483,7.563154015990707,1.7535907655496974,3.4097111523827763,2.039673060194393
7.563154015990707,1.7535907655496974,3.4097111523827763,3.509717509268622,3.106220390757408,2.2383583109170218,4.339008488289332
3.509717509268622,3.106220390757408,2.2383583109170218,3.220102657502557,6.305543322516239,1.0927914113946346,3.274041484988132
3.220102657502557,6.305543322516239,1.0927914113946346,8.090821183330196,9.022362650878904,6.077736590951919,5.66972649552827
8.090821183330196,9.022362650878904,6.077736590951919,9.698396583340493,7.394422598382506,5.739267182823664,2.3373605118857324
