x1,y1,theta1,x2,y2,theta,length
13.13161667295808,2.2054437516092884,3.9036103796095842,12.08459249810991,1.9424512019185423,3.1013159911691166,1.1189271161282714
12.08459249810991,1.9424512019185423,3.1013159911691166,9.708929200212351,2.066464474055383,2.863076730618085,2.380977411720545
9.708929200212351,2.066464474055383,2.863076730618085,8.946852028752657,2.4669102021926808,2.6384880285236187,0.8626629488482265
8.946852028752657,2.4669102021926808,2.6384880285236187,6.769010787545712,3.1104918319625092,3.647968514199402,2.3813360698069
6.769010787545712,3.1104918319625092,3.647968514199402,5.774309229170525,0.8439859047717896,3.7404396967932616,2.603917883123671
5.774309229170525,0.8439859047717896,3.7404396967932616,1.5316147457002947,2.044621418266949,2.1090299257258383,4.588069760354522
1.5316147457002947,2.044621418266949,2.1090299257258383,1.5508960100859905,3.491129230045982,1.403894036266282,1.4868016465313776
1.5508960100859905,3.491129230045982,1.403894036266282,2.797302036958332,8.952419117333793,0.4404006803455171,5.7359827583854495
2.797302036958332,8.952419117333793,0.4404006803455171,4.804038438066195,8.286404558866035,5.957415047316118,2.2149482502355418
4.804038438066195,8.286404558866035,5.957415047316118,8.08066073485157,7.851646110078365,5.823863469922095,3.3132999409250434
8.08066073485157,7.851646110078365,5.823863469922095,9.84941147022905,7.054463908148965,0.42639364879698033,2.0958717033329894
9.84941147022905,7.054463908148965,0.42639364879698033,10.870411921556675,9.054106763347386,0.5828586475684361,2.387189189361008
10.870411921556675,9.054106763347386,0.5828586475684361,13.317726651538708,8.16616692346691,5.247380155508774,2.7982543273668137
13.317726651538708,8.16616692346691,5.247380155508774,13.441672956054761,3.0550714458517056,4.708919412790471,5.136280272392995
13.441672956054761,3.0550714458517056,4.708919412790471,13.13161667295808,2.2054437516092884,3.9036103796095842,0.9349625697864005
