x1,y1,theta1,x2,y2,theta,length
2.662267916938318,4.859147164500656,3.9081664501519318,2.217533562959531,3.6979041373018346,4.791728868116793,1.2506095143828697
2.217533562959531,3.6979041373018346,4.791728868116793,3.208707117648381,1.9810718731594918,5.6541703204367115,1.9890472538488169
3.208707117648381,1.9810718731594918,5.6541703204367115,6.7013694655381775,1.2670882494710682,0.49233189020736273,3.5818994570302958
6.7013694655381775,1.2670882494710682,0.49233189020736273,7.699848882322946,3.551524264875744,0.6548439684053459,2.512052490766023
7.699848882322946,3.551524264875744,0.6548439684053459,8.757587509389674,3.7073948465326447,0.14111857496387797,1.0751013845603743
8.757587509389674,3.7073948465326447,0.14111857496387797,11.533623902059787,4.23076666136827,0.7962012773123313,2.8345982684781963
11.533623902059787,4.23076666136827,0.7962012773123313,11.623862061736862,4.513925586372305,1.4227609623739736,0.3034212192449904
11.623862061736862,4.513925586372305,1.4227609623739736,11.902687706891813,5.434512564068318,0.3075761583531866,1.005941933101329
11.902687706891813,5.434512564068318,0.3075761583531866,12.85879673564409,4.627298901763987,5.237610036360403,1.299069734407525
12.85879673564409,4.627298901763987,5.237610036360403,13.303978408408637,3.135064889615013,4.847500143549063,1.5579257048788875
13.303978408408637,3.135064889615013,4.847500143549063,13.436213997767721,0.5873695011099122,5.951902620708458,2.6215996546508364
13.436213997767721,0.5873695011099122,5.951902620708458,15.488155827174518,3.0502105735642884,1.2777790418396118,3.279957629024881
15.488155827174518,3.0502105735642884,1.2777790418396118,15.050048845664382,9.00627975384161,2.550336211339818,6.004498790674179
15.050048845664382,9.00627975384161,2.550336211339818,2.662267916938318,4.859147164500656,3.9081664501519318,13.09788181699469
