x1,y1,theta1,x2,y2,theta,length
2.8999826472380934,3.9184252303260547,4.663301595172349,2.5257190992544585,2.1626003090576593,5.203262832508095,1.8917895682347026
2.53314513455857,2.1478841624250244,5.252350217720435,6.078381345381535,1.672894173774705,6.626797003665969,3.725545395177271
6.129461197641585,1.693445946917669,0.39269908169872414,7.998071018785018,3.1758654500615373,0.14726215563702094,2.4219879215276565
8.020981724997124,3.177273769353995,0.09817477042468103,8.776876249732098,2.966200489831091,-0.39269908169872425,0.7998342220386416
8.824112047803228,2.946696424779919,5.939573610693202,12.94941970853184,2.4288409197293794,6.283185307179585,4.159782217843398
12.985387484909259,2.4246340625421863,0.04171561758276088,13.825605229491394,2.9523673555116643,1.0799224746714913,1.0382068570887304
13.831571187551294,2.9631744533431674,1.1290098598838318,13.168557601981588,4.805145414544603,1.86532063806894,2.0795594007284905
13.158597260818139,4.846272899826005,1.8162332528565992,13.379732430510439,7.1611002503734555,1.9144080232812797,2.3535844355479587
13.372204384313749,7.1815193914826105,1.9634954084936207,11.899193453817412,8.497289327788371,2.552544031041707,1.9933372422238396
11.870473437476168,8.514579529765216,2.6016314162540475,10.065162856059636,8.721920712336042,3.82881604656256,1.9460058978916255
10.057046364017939,8.714996416768352,3.877903431774901,9.369299305689415,6.561168666592174,3.730641276137879,2.405821722277393
9.36135332962981,6.55570179234464,3.6815538909255388,7.630565254645429,7.058861140423738,2.5158503669530443,1.9441908749691055
7.595032397746722,7.082903024270202,2.552544031041707,6.202772650185382,7.0405000029994245,3.9269908169872414,1.5277735455593306
6.201523086880887,7.038767497693612,3.976078202199582,5.2903327338761414,5.634839909560251,3.4852043500761765,1.7539367397591117
5.305648507859437,5.63823241161899,3.436116964863836,3.9989502529805807,7.070611384000433,1.8162332528565992,2.343742617726905
3.9930646549671476,7.103965237211597,1.8653206380689396,1.3177426553084468,8.710682094019553,3.7797286613502195,3.4818266017944604
1.3105348285559149,8.70513259465962,3.8288160465625602,2.9011218976975823,3.940729743879799,4.71238898038469,5.365678946514518
