x1,y1,theta1,x2,y2,theta,length
2.0422755719278713,2.081346449041466,6.283185307179586,3.4725011233687666,3.6296535509585337,7.068583470577034,2.132113141265369
3.602539548301624,3.6354675763848965,0.0,6.567237146995014,0.8155324236151027,-0.7779543995784511,4.110034352550334
6.727912829060546,0.7727221395295407,6.283185307179586,14.137087170939454,2.7480545557670975,7.068583470577041,7.674691254790373
14.199147309195109,2.863079234092101,1.5707963267948966,12.196075995508254,8.784920765907902,2.356194490192351,6.256884444105552
12.069951573759724,8.87704777619752,3.1265809999445207,9.928048426240279,8.909175528505848,3.141592653589792,2.142144226914983
9.82871729820674,8.81501125233203,3.9269908169872414,9.601282701793261,6.361988747667973,3.9269908169872414,2.4937249459714845
9.51711847016169,6.318096767744562,3.141592653589793,7.372104834541671,7.6489032322554396,2.5705822256788826,2.531628097815272
7.196868764589852,7.687318860828844,3.141592653589793,5.978131235410149,7.467904443874521,3.9269908169872396,1.2485159823629985
5.925840291273813,7.368875163210022,4.71238898038469,7.376159708726186,3.998124836789978,3.9269908169872423,3.742717542995421
7.344783890711125,3.973235489726361,3.141592653589793,5.6482161092888745,5.297541205570275,2.452282513797312,2.164807147906537
5.50166836399876,5.420555196256948,2.434272398996185,0.652108331297877,9.487444803743053,3.1415926535897927,6.343221130269559
0.5976917797717765,9.455707991824404,3.9269908169872414,1.9620849155248603,2.1022920081755965,5.49778714378214,7.524293920901824
