x1,y1,theta1,x2,y2,theta,length
9.369447334883025,3.0126337668689884,3.175340230923277,7.742659974424217,1.274986761560945,3.488272311651947,2.439380436449552
7.741458838165268,1.274554998645971,3.4852043500761765,4.299332068792642,2.171448323997463,2.1721167956460676,3.604458210435136
4.298685992637671,2.1723934403942344,2.1690488340702965,4.56229499385606,5.543906835570657,1.86838859964471,3.415038167640167
4.561885356941576,5.545242092387966,1.871456561220482,3.4292657894512035,7.23997251770356,1.2946797849754814,2.1054173250324544
3.4294931387085303,7.240765019985774,1.2916118233997098,9.043804102029195,9.146577792256545,0.3497476196379281,6.004514084960779
9.045241675867834,9.14710424737022,0.3528155812136975,10.347350824756727,9.395041829592211,-0.7363107781851049,1.4105737798157967
10.347811714551408,9.394622342400893,5.543806567418708,10.055977601661507,7.39484415643099,4.8688550207490255,2.118011458349474
10.055563327056774,7.3933688814500265,4.871736743263504,10.111935494231142,7.23027139069493,5.218602640386951,0.17343294856172342
10.112507039013623,7.229339879321689,5.221670601962723,11.967430493970989,6.606965893858616,6.0469522658451975,1.9943712138456062
11.968922771467989,6.606610917757844,6.050020227420968,14.13651081140117,5.924462948380081,5.175651178326156,2.320235500763715
14.136941796271879,5.923593733491165,5.1725832167503825,12.439676802479667,1.7416067827216406,4.190835512503574,4.565423971252844
12.438912149206605,1.7402856274545682,4.1877675509278,11.624177845759558,0.9323964207431157,3.181476154074821,1.1914141798031608
11.623235609959082,0.9323602067247783,3.1784081924990484,9.370398346165643,3.012663573562761,3.172272269347507,3.160825838643114
