TIME,LB,UB,OPEN,GAP,TREE
0.02475714683532715,0.0,28.402550326364853,1,100.0,1
0.024811983108520508,25.687036192280765,28.402550326364853,1,9.560810923247955,1
0.14484810829162598,25.687036192280765,28.402550326364832,1,9.560810923247887,4
0.14491796493530273,25.687036192280765,28.402550326364832,2,9.560810923247887,4
0.3425900936126709,26.850595560412174,28.402550326364832,3,5.464138776693046,8
0.5156481266021729,26.92906651415511,28.40255032636393,2,5.187857411667347,11
0.6503119468688965,26.92906651415511,28.40255032636393,4,5.187857411667347,13
1.178581953048706,27.31226038571743,28.40255032636393,4,3.8387043702708143,19
1.3244249820709229,27.31226038571743,28.40255032636393,4,3.8387043702708143,19
1.809852123260498,27.351111245638442,28.40255032636393,4,3.701917851192102,25
1.9390320777893066,27.351111245638442,28.40255032636393,4,3.701917851192102,25
2.3079140186309814,27.631554214928354,28.40255032636393,4,2.7145312747493615,25
2.673085927963257,27.85612684604793,28.40255032636393,4,1.923853576658564,25
3.839885950088501,27.997060097207928,28.40255032636393,4,1.4276542933527183,25
7.401242971420288,28.190937797492374,28.40255032636393,4,0.7450476328357433,25
8.528783082962036,28.220200501494283,28.40255032636393,3,0.6420191946650129,25
20.683977127075195,28.294878475837464,28.40255032636393,3,0.37909219168435554,25
20.80039095878601,28.324729186905643,28.40255032636393,2,0.27399349200712936,25
61.41742014884949,28.348341338236203,28.40255032636393,2,0.19085957952659013,25
215.19798302650452,28.375300178280423,28.40255032636393,2,0.0959426099782756,25
868.5435409545898,28.388894269870207,28.402550326363688,1,0.04808038833331581,25
868.5436899662018,28.388894269870207,28.402550326363688,2,0.04808038833331581,25
4085.2379829883575,28.395716936486057,28.402550326363688,2,0.024059071453481688,25
4085.2380471229553,28.395716936486057,28.402550326363688,2,0.024059071453481688,25
