x1,y1,theta1,x2,y2,theta,length
13.795961315500772,3.115461518892473,4.50069963165647,13.206360422117983,0.552368569335908,3.7797286613502195,2.6450941452351455
13.205901893477593,0.552030363894354,3.7766606997744483,7.027575512343011,1.1859535894636166,2.1629129109187564,6.254062700147155
7.027303273333828,1.1863586499419765,2.1598449493429825,7.691118752192789,3.544825903934495,0.6135923151542575,2.4891388444078757
7.691611068514148,3.5451720808290155,0.6105243535784852,8.612633032123199,3.6336699515650754,0.8007379712763013,0.9519484286874937
8.612980720903911,3.6340304493006097,0.8038059328520759,8.485304684723403,6.498637502795075,1.0246991663076097,2.9002812165137923
8.485625543169096,6.499161799025577,1.021631204731837,15.026041490591588,9.024145324586861,-0.7086991240031649,7.071872559848768
15.026311085109471,9.023914127154882,5.571418221600649,13.796124661457041,3.116210848809938,4.497631670080703,6.083319041645826
