x1,y1,theta1,x2,y2,theta,length
13.795966112960262,3.1155040529408504,4.497802313853821,13.206479446289109,0.5521378971322023,3.777219754063234,2.645499739380793
13.206479446289109,0.5521378971322023,3.777219754063234,7.027047163960202,1.1862101864919972,2.1624335766359244,6.255257372664623
7.027047163960202,1.1862101864919972,2.1624335766359244,7.691230163645744,3.545194498661945,0.6120673546511389,2.4900560741919326
7.691230163645744,3.545194498661945,0.6120673546511389,8.6129108572643,3.6335402508926187,0.802876565278353,0.9528826517883897
8.6129108572643,3.6335402508926187,0.802876565278353,8.485471096002282,6.499347720627827,1.0216384020764093,2.901686771496709
8.485471096002282,6.499347720627827,1.0216384020764093,15.026634070924793,9.024084229778683,5.574200260128107,7.072513177611775
15.026634070924793,9.024084229778683,5.574200260128107,13.795966112960262,3.1155040529408504,4.497802313853821,6.084654539229467
