TIME,LB,UB,OPEN,GAP,TREE
0.021793127059936523,0.0,36.27523818377492,1,100.0,1
0.021831035614013672,33.16777389754178,36.27523818377492,1,8.566351158027782,1
0.10059118270874023,33.16777389754178,36.2752381837749,1,8.566351158027746,3
0.14259600639343262,33.16777389754178,36.2752381837749,2,8.566351158027746,4
0.284027099609375,34.1085086216692,36.27523818377482,1,5.973026424054605,7
0.31992101669311523,34.1085086216692,36.27523818377482,2,5.973026424054605,8
0.5979211330413818,34.50649605704141,36.27523818377482,2,4.875893902536883,13
1.087489128112793,34.66314563847161,36.27523818377482,3,4.444057781608895,19
1.7145240306854248,34.66314563847161,36.27523818377482,5,4.444057781608895,26
2.51943302154541,34.71022749969395,36.27523818377482,6,4.314267148715416,34
3.46803617477417,34.71022749969395,36.27523818377482,6,4.314267148715416,43
4.636824131011963,34.71022749969395,36.27523818377482,7,4.314267148715416,53
4.844705104827881,34.71022749969395,36.27523818377482,7,4.314267148715416,53
5.475670099258423,34.94679104553361,36.27523818377482,7,3.6621320899703886,60
6.052961111068726,35.132348735625,36.27523818377482,7,3.1506049453343286,60
6.366210222244263,35.14266426432419,36.27523818377482,7,3.1221681128952747,60
6.518494129180908,35.44150747155479,36.27523818377482,7,2.298346624207516,60
6.681310176849365,35.46571044430408,36.27523818377482,7,2.2316262552696995,60
6.867356061935425,35.660583654396945,36.27523818377482,6,1.6944190035747182,60
8.300449132919312,35.679131158769714,36.27523818377482,6,1.6432890722457898,60
8.49146819114685,35.83522006693059,36.27523818377482,5,1.2129985601060504,60
12.313127994537354,35.96917722167469,36.27523818377482,5,0.8437186836640017,60
12.699427127838135,36.04023181027088,36.27523818377482,4,0.6478423995822286,60
13.12032699584961,36.04878815493924,36.27523818377482,3,0.6242551122293267,60
14.595739126205444,36.065300061402716,36.27523818377482,2,0.5787367165131453,60
25.5764000415802,36.11995627146578,36.27523818377482,2,0.4280658655426564,60
69.14326906204224,36.19708930871725,36.27523818377482,2,0.21543311352403235,60
210.68229699134827,36.236034145365096,36.27523818377482,2,0.10807382769234743,60
753.5506861209869,36.25560241456395,36.27523818377482,2,0.05412995253508089,60
2977.548070192337,36.265411177051895,36.27523818377471,1,0.027090123221330406,60
2977.548141002655,36.265411177051895,36.27523818377471,2,0.027090123221330406,60
