x1,y1,theta1,x2,y2,theta,length
7.953652212071994,8.659119344020544,2.8976897083159763,0.6478421588359697,9.807842541114985,4.124874338624491,7.454787144595401
0.6477574634269663,9.807715107561542,4.126408319412375,1.8952278100483737,7.6408725274555644,5.7048745501466955,2.5607691415376603
1.895521258879062,7.640681351464224,5.706408530934585,2.983206908210953,7.415036569709631,5.628175510752417,1.1177271378732239
2.983474185993403,7.4148312281860465,5.626641529964532,4.757345675089487,3.5366699090548837,5.477845393539621,4.27110306567857
4.757595623862807,3.536410023077495,5.47937937432751,8.34172974393941,1.7481117612289943,5.592893952631048,4.007687715439845
8.342016994995458,1.747873807212789,5.591359971843163,9.192848744385827,0.7532348993269159,6.155864901785081,1.327412366669998
9.193114057172806,0.7532009496600008,6.157398882572965,10.58518086489076,1.736597831628202,6.540894079544377,1.7250482681217267
10.585520376298216,1.7366873320101686,0.2561747915769021,13.308850383848027,1.4206908276226435,0.7225049510941386,2.7694283064885767
13.30903342451942,1.4208526466654787,0.7240389318820226,13.238980018164169,6.255706025089747,1.6168157504314695,4.861825892835834
13.238962356521256,6.256089081742984,1.6183497312193516,13.156001799651364,6.927051088695685,2.2273401040099503,0.6834189881789077
13.15580811159175,6.927301642424352,2.2288740847978366,7.9540233918177465,8.65902659981504,2.8961557275280905,5.491114884452799
