x1,y1,theta1,x2,y2,theta,length
7.953792340589444,8.659097814760457,2.896722337943753,0.6476736700834104,9.807906538080672,4.125787590580335,7.455243659609914
0.6476736700834104,9.807906538080672,4.125787590580335,1.8953058881259772,7.6407285212102,5.705765856258764,2.5612512363929727
1.8953058881259772,7.6407285212102,5.705765856258764,2.983524566722574,7.414907701825495,5.628056085098962,1.1182987422672803
2.983524566722574,7.414907701825495,5.628056085098962,4.757478136305154,3.5364381117464196,5.478298086632587,4.271467559590403
4.757478136305154,3.5364381117464196,5.478298086632587,8.34177221139043,1.7481342256722832,5.5914544928971335,4.007859597707455
8.34177221139043,1.7481342256722832,5.5914544928971335,9.193106659235248,0.7530635029983453,6.156056536423915,1.3280747397002166
9.193106659235248,0.7530635029983453,6.156056536423915,10.585519925019002,1.736766807426615,0.2577233804343692,1.7256112006269986
10.585519925019002,1.736766807426615,0.2577233804343692,13.308938531099415,1.4205716485499746,0.7238120664146372,2.769697764264894
13.308938531099415,1.4205716485499746,0.7238120664146372,13.23896253849394,6.2561357291585775,1.6166288927481494,4.862554210265217
13.23896253849394,6.2561357291585775,1.6166288927481494,13.156071970853503,6.927136897695823,2.228640391012523,0.683510517706367
13.156071970853503,6.927136897695823,2.228640391012523,7.953792340589444,8.659097814760457,2.896722337943753,5.491668955642995
