TIME,LB,UB,OPEN,GAP,TREE
0.02916884422302246,0.0,35.49267374794739,1,100.0,1
0.029223918914794922,32.69012393196691,35.49267374794739,1,7.89613607552618,1
0.06697893142700195,32.69012393196691,35.492673747947386,1,7.896136075526162,2
0.17720484733581543,32.69012393196691,35.492673747947386,2,7.896136075526162,4
0.23501801490783691,33.63085865609433,35.49267374794734,1,5.245632112910866,5
0.41219496726989746,33.63085865609433,35.49267374794734,2,5.245632112910866,8
0.7725639343261719,34.033334163070585,35.49267374794734,2,4.111664269759776,13
1.3453328609466553,34.18549567289674,35.49267374794734,2,3.6829518236173997,19
2.054482936859131,34.18549567289674,35.49267374794734,3,3.6829518236173997,26
3.123533010482788,34.18549567289674,35.49267374794734,4,3.6829518236173997,34
3.378710985183716,34.18549567289674,35.49267374794734,4,3.6829518236173997,34
3.920651912689209,34.54551638941571,35.49267374794734,4,2.668599624975875,34
5.536486864089966,35.00071067486349,35.49267374794734,4,1.386097526992606,34
5.827992916107178,35.15305298801699,35.49267374794734,3,0.9568756705741182,34
6.046799898147583,35.2291117133992,35.49267374794734,2,0.7425815153286017,34
10.45150899887085,35.24001648757832,35.49267374794734,2,0.7118575009684409,34
23.51129698753357,35.36444096741671,35.49267374794734,2,0.3612936614504762,34
59.536327838897705,35.42819119775976,35.49267374794734,2,0.18167848003086423,34
205.12976098060608,35.460348843420334,35.49267374794734,2,0.09107486451025212,34
673.0557999610901,35.476484595528255,35.49267374794734,2,0.045612659485886366,34
2642.9119148254395,35.484571350966604,35.49267374794734,2,0.02282836463175049,34
