x1,y1,theta1,x2,y2,theta,length
10.585551669740102,1.7366956038545365,3.400835406742466,9.193114083010258,0.7532009171516655,3.0158062289831724,1.7253671314935333
9.192848706262275,0.7532348706618814,3.014272248195285,8.341426762845286,1.7483635852636004,2.4482333374654828,1.3281481381523375
8.34113976008111,1.7486020900187882,2.449767318253369,4.741190057891828,3.5519806614989604,2.428291587222968,4.027544363000087
4.740909620216627,3.552223890369306,2.426757606435084,1.9658523227037268,7.571426119099815,2.1675148532824107,4.884819398749863
1.965636884456248,7.571743372003894,2.165980872494525,0.648815615715077,9.809317686915866,0.9940195505498939,2.6537419007104863
0.648897641873292,9.809443343721695,0.9924855697620099,7.938892575389542,8.66328934923779,-0.30526217678924183,7.440233862075958
7.939255104218014,8.663174622462716,5.976389149602458,13.27886562911178,6.131500659363148,5.289165756629695,5.916468601250923
13.279042725075442,6.131227842168297,5.287631775841805,13.310189502218101,1.4218644402326508,3.859495662320273,4.742757648036689
13.310003406013964,1.4217023858942581,3.8579616815323874,10.58589123186953,1.7367852302104063,3.399301425954581,2.769540556506627
