x1,y1,theta1,x2,y2,theta,length
9.193096841126756,0.753064757733056,3.0145034823070507,8.341460909999169,1.7483924859779412,2.4482437770972414,1.3284533622832524
8.341460909999169,1.7483924859779412,2.4482437770972414,4.7410896509066,3.5520041690815796,2.4271472053701793,4.028044910093637
4.7410896509066,3.5520041690815796,2.4271472053701793,1.965655671353499,7.571713829006549,2.167374854143742,4.885454066445097
1.965655671353499,7.571713829006549,2.167374854143742,0.6488153084383604,9.809639768554911,0.992496632190529,2.654276112682687
0.6488153084383604,9.809639768554911,0.992496632190529,7.938972420064674,8.663290088766328,-0.3064859507801698,7.440432095096351
7.938972420064674,8.663290088766328,-0.3064859507801698,13.27901360494419,6.131459122795381,5.288210004310054,5.9169621250706
13.27901360494419,6.131459122795381,5.288210004310054,13.31031195703176,1.421776620258941,3.8580965317790388,4.743225798481474
13.31031195703176,1.421776620258941,3.8580965317790388,10.585643530173472,1.7367994217147529,-2.883357997971555,2.770103913532518
10.585643530173472,1.7367994217147529,-2.883357997971555,9.193096841126756,0.753064757733056,3.0145034823070507,1.7257213642617297
