x1,y1,theta1,x2,y2,theta,length
12.877873599752082,7.6639330123816904,3.903981105168957,7.8828020387530815,2.4567285418651403,4.919476386749251,7.292080783370226
7.882887098371544,2.456326319348727,4.9210103675371375,8.694690538271999,1.919219711253817,6.151262959421421,1.0297261318783675
8.69543152854553,1.9191224841020664,6.152796940209307,13.459354853331304,2.4661909043927674,7.019496085364693,4.816823729692068
13.45981069047648,2.4666040691362947,0.7378447589729933,14.477904557321057,7.076105491530771,1.1811652066719436,4.741227135669734
14.478190871664985,7.0768011967186775,1.179631225884058,15.624522714697342,9.615780887840058,2.4359614911624012,2.9791056150158495
15.624454101852795,9.615839145868746,2.4374954719502835,12.878428620450448,7.664462290162046,3.9024471243810686,3.5698207733401714
