x1,y1,theta1,x2,y2,theta,length
12.878131362103915,7.664185216180078,3.9031680676189686,7.882494657617134,2.4566182938009966,4.920565933118417,7.292990735719547
7.882494657617134,2.4566182938009966,4.920565933118417,8.69479189169906,1.919119686411832,6.152550233929302,1.0304453467898362
8.69479189169906,1.919119686411832,6.152550233929302,13.45997605903624,2.4664452584130854,0.7364309272368607,4.8181185175797125
13.45997605903624,2.4664452584130854,0.7364309272368607,14.477944909288352,7.0763993295474545,1.1802201074270335,4.741795703225264
14.477944909288352,7.0763993295474545,1.1802201074270335,15.624970997751163,9.615899434978806,2.437348545945061,2.980540564196072
15.624970997751163,9.615899434978806,2.437348545945061,12.878131362103915,7.664185216180078,3.9031680676189686,3.5707115771401163
