x1,y1,theta1,x2,y2,theta,length
10.596585239457957,1.7397988122752854,0.30066023442558565,13.41896924221974,1.4771309641860453,0.22089323345552714,2.8385628263828466
13.419677674300742,1.477291230568025,0.22396119503130363,15.48316398538693,2.9233986991660292,1.788621598674658,2.589792814627587
15.483109866536832,2.9236413335606097,1.791689560250429,13.730208283857849,3.344113104085314,2.350058567040803,1.8748910454932761
13.729791073854866,3.344537238298015,2.346990605465031,13.628458140343877,3.8226729948757905,1.6649632746736134,0.4984603263521106
13.62838621960592,3.82343660549057,1.6644455138987289,13.337053258230556,6.068481637612774,2.4881168379505127,2.284957187421646
13.336639523679148,6.068798027247976,2.4911847995262817,11.881778877678476,5.91685440765269,2.923767381710034,1.4842541497983108
11.881087212356206,5.917009443199288,2.9206994201342606,7.918688856521804,8.670596956866136,2.7458256103152987,4.828071560157081
7.917997412793668,8.670884109582872,2.748893571891069,0.6483487813912417,9.808288972996905,4.126408319412375,7.417847946747895
0.6481796040506234,9.80803378476552,4.129476280988146,1.8984790393376505,7.638807665301438,5.688000761479961,2.563498055339884
1.899063793237224,7.6384117446536814,5.691068723055729,3.0261545553824147,7.388387745514089,5.832194955541208,1.1574619019054477
3.02682072861523,7.388062647017808,5.829126993965437,7.3179776271343675,3.650506784860631,5.123495831538037,5.695000513575409
7.318252083592741,3.649872542366443,5.1204278699622705,7.434899440978167,2.9281995095019986,5.7002726077830435,0.7630601782080946
7.435229597329312,2.9279825591805904,5.703340569358813,8.6570391244851,3.249532669641533,5.712544454086126,1.3252450074606865
8.657375438923976,3.2493155207695517,5.7094764925103565,8.74902596578596,1.9743184749275875,4.844311328142854,1.3146909456652027
8.749126527856872,1.9735676640399598,4.847379289718626,9.232034218444491,0.7452328016085237,5.9978648806328545,1.3544024944182305
9.232435058549779,0.745115149278667,6.000932842208627,10.595912840161308,1.7395890662917055,6.586913503180943,1.7237608611853423
