TIME,LB,UB,OPEN,GAP,TREE
0.04183077812194824,0.0,26.937080189506183,1,100.0,1
0.0418698787689209,24.599606285370097,26.937080189506183,1,8.67753255991973,1
0.15236783027648926,24.599606285370097,26.937080189506165,1,8.677532559919669,4
0.15240478515625,24.599606285370097,26.937080189506165,2,8.677532559919669,4
0.2608778476715088,24.82481592165001,26.937080189506165,2,7.841474476803266,4
0.5335040092468262,25.79043450519406,26.93708018950616,1,4.256755655198276,4
0.5335409641265869,25.79043450519406,26.93708018950616,2,4.256755655198276,4
1.247722864151001,26.31984933187165,26.93708018950616,2,2.2913799613477055,4
3.135302782058716,26.62101608729022,26.93708018950616,3,1.1733420994123493,8
3.6625378131866455,26.62101608729022,26.93708018950616,3,1.1733420994123493,8
4.21676778793335,26.62101608729022,26.93708018950616,3,1.1733420994123493,8
4.850848913192749,26.62101608729022,26.93708018950616,3,1.1733420994123493,8
5.4793689250946045,26.62101608729022,26.93708018950616,3,1.1733420994123493,8
6.529975891113281,26.62101608729022,26.93708018950616,3,1.1733420994123493,8
7.49425482749939,26.62101608729022,26.93708018950616,3,1.1733420994123493,8
10.133328914642334,26.62101608729022,26.937080189506148,2,1.1733420994123103,8
10.13337779045105,26.62101608729022,26.937080189506148,3,1.1733420994123103,8
12.926728010177612,26.62677751119164,26.937080189506148,3,1.1519536495102063,8
21.326213836669922,26.745648236634473,26.937080189506148,3,0.7106633366531334,8
28.8360378742218,26.815916959380814,26.937080189506148,3,0.4498009037094324,8
52.96804594993591,26.841272548090437,26.937080189506148,3,0.3556719612581998,8
147.42846989631653,26.888937517681153,26.937080189506148,3,0.17872268072969952,8
174.37232899665833,26.912589304703353,26.937080189506148,2,0.09091885471809821,8
589.1416130065918,26.91295721749191,26.937080189506148,2,0.08955303189702786,8
2663.0792849063873,26.925014124849962,26.937080189506148,2,0.044793513518535576,8
