x1,y1,theta1,x2,y2,theta,length
7.592825958030829,3.3795330326317887,5.864408552086806,15.237489819472438,3.138529377483492,7.5364476108821545,7.823385938920288
15.237547931357076,3.1387069574612334,1.2547962844904545,13.76108920336257,4.5030144192447,2.583223646799418,2.153866191201285
13.760281491117157,4.503520365207571,2.581689666011534,7.859793292921866,8.203278253900985,2.922233400922148,6.967816284741351
7.858785908314464,8.203501350719423,2.923767381710032,3.7408339141507234,7.415050939663975,4.394854957292361,4.299777193661216
3.740702671780586,7.414651271348852,4.396388938080246,7.591871720032023,3.3799594932318127,5.86287457129892,5.686198878162399
