x1,y1,theta1,x2,y2,theta,length
7.592718689321436,3.3793772074807364,5.862966515776632,15.237810900796374,3.1382766011697965,1.2544830004515177,7.824327929097745
15.237810900796374,3.1382766011697965,1.2544830004515177,13.760956087317604,4.503095462947744,2.5819412892676024,2.154591888118572
13.760956087317604,4.503095462947744,2.5819412892676024,7.859759798953457,8.203475993445801,2.9236162659608573,6.968788495195765
7.859759798953457,8.203475993445801,2.9236162659608573,3.740265393633424,7.414729945716635,4.395194438175394,4.301445806311394
3.740265393633424,7.414729945716635,4.395194438175394,7.592718689321436,3.3793772074807364,5.862966515776632,5.687926070782671
