x1,y1,theta1,x2,y2,theta,length
1.2446526443066643,7.290920871619947,1.6137477888556946,1.1880016127596513,9.281250158221955,0.846757394912873,2.0910910129909333
1.1891013104305177,9.282491218802344,0.8436894333371027,9.457081436018475,8.461784667014886,-0.15406794726150486,8.453490970758166
9.460113107490164,8.4613141897845,-0.153850660258466,12.177218787761712,7.833629714302585,5.47937937432751,2.8260057074405447
12.178903905005523,7.8318700264432675,5.476311412751739,12.528529727800404,6.549106927585235,4.822951867597062,1.3590097501732405
12.5288693204146,6.546057820089325,-1.4595245682088411,12.722153697859977,1.893735011248332,3.994485971654211,4.736814684075961
12.720790384981761,1.8921786696760852,3.991418010078439,9.25026908200507,1.5012915045481796,3.0556897294681975,3.5698549172004013
9.247231053588425,1.5015595555453403,3.052621767892426,4.669175633414885,2.3669340433122192,3.2305635392871603,4.662977654789584
4.666245318871326,2.366668431324309,3.2336315008629315,0.6652487887185319,1.3807124419449324,2.451301299041255,4.2782181597895566
0.6641121512346779,1.3816533843291026,2.448233337465483,1.244779458629847,7.287937954363255,1.6106798272799232,6.103150173164783
