x1,y1,theta1,x2,y2,theta,length
1.2451051999294824,7.2885463538681385,1.6131127202016473,1.1880026933803811,9.283195500146812,0.8458507008896682,2.0958046038986335
1.1880026933803811,9.283195500146812,0.8458507008896682,9.468277153419361,8.462922853633842,6.129168168664819,8.466564526089742
9.468277153419361,8.462922853633842,6.129168168664819,12.17783483503716,7.834330595667326,5.476547021086696,2.8192659185283224
12.17783483503716,7.834330595667326,5.476547021086696,12.528731172609987,6.547696855395299,4.823918079708607,1.363045822867602
12.528731172609987,6.547696855395299,4.823918079708607,12.722303499659636,1.8921888627753751,3.992981813872795,4.740501240257618
12.722303499659636,1.8921888627753751,3.992981813872795,9.249513403813507,1.5011923342576081,3.0533747956006057,3.5726473212010976
9.249513403813507,1.5011923342576081,3.0533747956006057,4.667722085040607,2.367237375244343,3.2321485069733686,4.666841604166823
4.667722085040607,2.367237375244343,3.2321485069733686,0.6636036111382878,1.3803300278718906,2.450053059290942,4.282178815956996
0.6636036111382878,1.3803300278718906,2.450053059290942,1.2451051999294824,7.2885463538681385,1.6131127202016473,6.106212799443086
