x1,y1,theta1,x2,y2,theta,length
3.957898550780961,8.23734948099872,0.6485823960802315,4.4467336750934505,8.370739823407385,0.2039231027494753,0.5135096595022319
4.4467336750934505,8.370739823407385,0.2039231027494753,5.509162804597025,8.663322083492337,0.2561372729237561,1.1020034519080948
5.509162804597025,8.663322083492337,0.2561372729237561,8.563150988016057,9.36180493105088,-0.2327745199647382,3.1412036132421752
8.563150988016057,9.36180493105088,-0.2327745199647382,11.952479030003152,6.649552106745647,-0.10354276575622019,4.365485407191566
11.952479030003152,6.649552106745647,-0.10354276575622019,14.086002961366946,7.45647351711484,5.787773253263313,2.35540721517868
14.086002961366946,7.45647351711484,5.787773253263313,14.592426710546212,1.190400510294522,3.8199906220364563,6.437793433525233
14.592426710546212,1.190400510294522,3.8199906220364563,9.06284187201768,2.660034563010802,2.512954523054684,5.794385991793593
9.06284187201768,2.660034563010802,2.512954523054684,8.153691925414813,3.8299783590979812,2.638432879813148,1.4907120165444998
8.153691925414813,3.8299783590979812,2.638432879813148,6.6051648511545675,3.88259697999015,3.6140206319406345,1.5686526988805733
6.6051648511545675,3.88259697999015,3.6140206319406345,4.857800222802182,1.5907312285203856,9.67497974085701,2.9190615242329474
4.857800222802182,1.5907312285203856,9.67497974085701,3.6808587430371715,1.9955970071497995,-3.1218938091399404,1.2727731412814856
3.6808587430371715,1.9955970071497995,-3.1218938091399404,1.086251101305171,0.9603213288857329,2.4132680228853554,2.9263340874016297
1.086251101305171,0.9603213288857329,2.4132680228853554,3.957898550780961,8.23734948099872,0.6485823960802315,7.980998302147766
