TIME,LB,UB,OPEN,GAP,TREE
0.0536198616027832,0.0,24.48267592458294,1,100.0,1
0.05365705490112305,21.8017293464712,24.48267592458294,1,10.950382165618647,1
0.19931292533874512,21.8017293464712,24.48267592458294,3,10.950382165618647,4
0.4817829132080078,22.074830231049397,24.48267592458294,4,9.834895911503837,8
0.7393779754638672,22.58698175259568,24.48267592458294,5,7.743002349199098,12
0.8201620578765869,22.739782546146607,24.48267592458294,5,7.11888432377729,12
1.0988268852233887,23.22738359189281,24.48267592458294,5,5.127267691476876,12
1.7612299919128418,23.49987504521605,24.48267592458294,6,4.01427067202267,17
1.8759138584136963,23.49987504521605,24.48267592458294,6,4.01427067202267,17
2.211319923400879,23.49987504521605,24.482667606091574,5,4.014238058891071,17
2.211369037628174,23.49987504521605,24.482667606091574,6,4.014238058891071,17
2.338115930557251,23.676159973629233,24.482667606091574,6,3.2941983505983368,17
2.5095579624176025,23.882405330331963,24.482667606091574,6,2.4517846070428173,17
3.5263419151306152,23.89061085429193,24.482667606091574,6,2.4182689620486264,17
3.874722957611084,24.02222171002438,24.482667606091574,5,1.8807014965666211,17
4.2287280559539795,24.12241577522537,24.482667606091574,4,1.4714566102942528,17
7.965173006057739,24.178164826807524,24.482665733624504,3,1.2437408169927266,17
7.965231895446777,24.178164826807524,24.482665733624504,4,1.2437408169927266,17
9.821425914764404,24.19908004890793,24.482665733624504,3,1.1583121209186666,17
20.362371921539307,24.328012694260828,24.482665733624504,3,0.6316838249818357,17
54.474185943603516,24.404887925335764,24.482665710203833,2,0.31768511561897633,17
54.474250078201294,24.404887925335764,24.482665710203833,3,0.31768511561897633,17
185.47482109069824,24.443631389951996,24.482665530808745,2,0.15943582943462267,17
185.47487497329712,24.443631389951996,24.482665530808745,3,0.15943582943462267,17
185.91448593139648,24.44470662151236,24.482665530808745,2,0.15504402185545663,17
787.4822058677673,24.46312976464997,24.482665469502194,1,0.07979402764196336,17
787.482253074646,24.46312976464997,24.482665469502194,2,0.07979402764196336,17
4041.8563430309296,24.472887027142086,24.482665460675996,1,0.039940232609133375,17
4041.8563978672028,24.472887027142086,24.482665460675996,2,0.039940232609133375,17
4041.8564190864563,24.472887027142086,24.482665460675996,2,0.039940232609133375,17
