x1,y1,theta1,x2,y2,theta,length
10.792961856281867,7.074434538037805,6.03161245796634,12.501892754645437,5.534487969947968,5.522147359297229,2.3104095788483963
12.503458610840296,5.532995187002579,-0.7619859231055577,12.826422178159858,4.833717002189022,4.399456899656018,0.8268487969824398
12.826314815484082,4.8333880328563135,4.396388938080246,11.62908090772239,4.387759403544085,3.350214040742242,1.3562493910762001
11.627963343957445,4.38752262252549,3.3532820023180117,3.263235462337877,2.099846398696513,2.5832236467994187,8.7187887333449
3.2625824361548417,2.100255013719894,2.5801556852236485,2.7611222184748367,4.863428539527914,1.0001554737014389,2.8887082661673684
2.761519985735583,4.864046361199409,0.9970875121256668,10.791667782365511,7.074765195593951,-0.2485048876374738,8.371882260722783
