x1,y1,theta1,x2,y2,theta,length
10.79237547567941,7.07497010553243,6.033082684954202,12.501914648043158,5.53545662409616,5.522360749376919,2.310645007405393
12.501914648043158,5.53545662409616,5.522360749376919,12.826755163147231,4.833573817054798,4.39738638531995,0.8305918565821144
12.826755163147231,4.833573817054798,4.39738638531995,11.62795175452819,4.38756483616708,3.35021147348588,1.3581385262657517
11.62795175452819,4.38756483616708,3.35021147348588,3.2624615158254144,2.099818667691104,2.5823663383434816,8.719688500630971
3.2624615158254144,2.099818667691104,2.5823663383434816,2.761044694572554,4.863924725877055,0.9986455659734806,2.8901882129867227
2.761044694572554,4.863924725877055,0.9986455659734806,10.79237547567941,7.07497010553243,6.033082684954202,8.373413356805042
