x1,y1,theta1,x2,y2,theta,length
10.974326669825688,6.4208548250177575,1.9599585097438017,10.44033411936575,8.525993959462548,2.3775220150459297,2.209975958027954
10.44033411936575,8.525993959462548,2.3775220150459297,3.4307705026050015,9.135156334580799,3.7568521578909837,7.142872921127632
3.4307705026050015,9.135156334580799,3.7568521578909837,2.378980065687254,4.8726435393393395,5.230653413794802,4.520696487908067
2.378980065687254,4.8726435393393395,5.230653413794802,3.216295864254033,4.343666407950736,-0.17807639618872592,1.0256597035928354
3.216295864254033,4.343666407950736,-0.17807639618872592,6.607303014997602,3.877750699239765,5.61634494550335,3.4507420096215986
6.607303014997602,3.877750699239765,5.61634494550335,7.277803040363556,2.727609632018825,5.498909385829271,1.3520451411754484
7.277803040363556,2.727609632018825,5.498909385829271,14.092858833693578,1.068763114013949,0.9466141721895455,7.319990440280147
14.092858833693578,1.068763114013949,0.9466141721895455,10.974326669825688,6.4208548250177575,1.9599585097438017,6.468827395435406
