TIME,LB,UB,OPEN,GAP,TREE
0.03164482116699219,0.0,30.892674495461314,1,100.0,1
0.03168988227844238,28.171629786548856,30.892674495461314,1,8.808058069922787,1
0.1904749870300293,28.171629786548856,30.892674495461314,4,8.808058069922787,4
0.31059789657592773,28.171629786548856,30.892674495461314,4,8.808058069922787,4
0.4443788528442383,28.916414480150145,30.892674495461314,4,6.3971800680498445,4
0.8322758674621582,28.976802801083437,30.892674495461314,4,6.2017022665336174,4
1.9715068340301514,29.871705190161872,30.892674495461314,4,3.3048912791588845,4
5.546941041946411,30.358107282535713,30.892674495461314,4,1.7304012088825107,4
6.021054983139038,30.37179995050365,30.892674495461314,3,1.6860778597663655,4
16.80624294281006,30.622579868227522,30.89267449417714,2,0.8742999121054638,4
16.806313037872314,30.622579868227522,30.89267449417714,3,0.8742999121054638,4
57.360883951187134,30.75436371995609,30.89267449417714,3,0.44771382369992047,4
57.78945302963257,30.813146622641803,30.89267449417714,2,0.2574327824880519,4
207.78273487091064,30.823748898278332,30.89267449417714,2,0.22311307462809452,4
828.0507400035858,30.85847564015126,30.89267449417714,2,0.11070214730785807,4
4003.479684829712,30.875561179329228,30.89267449417707,1,0.055396028761012815,4
4003.479744911194,30.875561179329228,30.89267449417707,2,0.055396028761012815,4
4003.4797689914703,30.875561179329228,30.89267449417707,2,0.055396028761012815,4
