x1,y1,theta1,x2,y2,theta,length
14.827358159830993,4.299251285923348,4.8688550207490255,4.692946179193908,1.135184515678012,3.316466463408757,11.09011962663244
4.689926459926233,1.1346573509562694,3.3133985018329852,2.3078800843524174,0.9629589091438086,2.730485802436441,2.4102416328783356
2.3054781040601373,0.964012722947015,2.72741784086067,1.0519903710814893,3.3597212408272092,1.1412817061869167,2.8858964657268107
1.0526352804099695,3.3611307735092244,1.1382137446111458,14.827330989477908,4.299422731766279,-1.4112623248547904,14.489303454091644
