x1,y1,theta1,x2,y2,theta,length
14.828723477830717,4.300410934589774,4.8695442183939335,4.691508578231964,1.1348710258972714,3.3148700241623303,11.093822490863339
4.691508578231964,1.1348710258972714,3.3148700241623303,2.307105863816621,0.9624313385538256,2.728137285080705,2.4130161052230332
2.307105863816621,0.9624313385538256,2.728137285080705,1.0517242876561288,3.3623143450304918,1.1412199299087358,2.89053660293282
1.0517242876561288,3.3623143450304918,1.1412199299087358,14.828723477830717,4.300410934589774,4.8695442183939335,14.495299295157878
