x1,y1,theta1,x2,y2,theta,length
14.070354482768185,8.60324301275583,3.2633722914992207,6.312401444830004,7.443218987117021,3.9218282975955217,7.8879758085764
6.312401444830004,7.443218987117021,3.9218282975955217,5.920231167506696,6.657600577821785,4.16569952740885,0.8885029378543978
5.920231167506696,6.657600577821785,4.16569952740885,1.5038143218662716,3.2734762562059148,4.118577966956136,5.579370984552787
1.5038143218662716,3.2734762562059148,4.118577966956136,1.4136322572335562,0.9244649823954803,5.564186672584431,2.5148160659020036
1.4136322572335562,0.9244649823954803,5.564186672584431,3.091267979461108,1.0132062396268062,0.4923886398149018,1.7993596692141662
3.091267979461108,1.0132062396268062,0.4923886398149018,5.620143792290995,2.7011672572104977,0.3016997666559137,3.044921302812778
5.620143792290995,2.7011672572104977,0.3016997666559137,6.7903573363648535,2.770977978714285,0.22862918358790604,1.1767577474025113
6.7903573363648535,2.770977978714285,0.22862918358790604,8.540920354841331,3.49502394594227,0.0069205844954741145,1.9074373713669912
8.540920354841331,3.49502394594227,0.0069205844954741145,12.646019943029962,1.6463640036123208,5.837705576103708,4.516303841804186
12.646019943029962,1.6463640036123208,5.837705576103708,14.244230074159908,1.6214434761364163,0.7849475432367018,1.7407650813658861
14.244230074159908,1.6214434761364163,0.7849475432367018,14.374859920021759,2.875443408155797,2.1490527487897024,1.3641052055530007
14.374859920021759,2.875443408155797,2.1490527487897024,13.066329335145362,4.307115352333771,1.7038891097307667,1.9937696425332794
13.066329335145362,4.307115352333771,1.7038891097307667,13.100544065183021,4.730110146607779,1.2762720155208536,0.4276170942099131
13.100544065183021,4.730110146607779,1.2762720155208536,13.554614676406983,5.323087889975335,0.5699773642314605,0.7616103502301199
13.554614676406983,5.323087889975335,0.5699773642314605,14.707233767755607,5.740177018875557,0.5231840626886682,1.229520242204636
14.707233767755607,5.740177018875557,0.5231840626886682,14.803300695507566,5.803207531480645,0.6381360077604268,0.11495194507175854
14.803300695507566,5.803207531480645,0.6381360077604268,14.843330623919348,8.37169329502142,2.4352552550458406,2.8017416292705515
14.843330623919348,8.37169329502142,2.4352552550458406,14.070354482768185,8.60324301275583,3.2633722914992207,0.8305808392703914
