x1,y1,theta1,x2,y2,theta,length
7.675478147577229,3.9646760899976528,5.749359992995383,8.543354562409903,3.4382036465108237,4.801359866082056,1.0543349528116694
8.543387201952195,3.437834494120685,4.798291904506286,7.492371256169141,2.561992890962186,4.031301510563466,1.4095080645352291
7.491909712461784,2.561423071887799,4.034369472139236,7.032320529933318,1.1786092734934883,5.26462206402352,1.488065628353912
7.032559329129863,1.178222221655354,5.267690025599292,13.270656602904124,0.5865090383752503,6.623729042090194,6.301165830839124
13.271314359063917,0.5867443828166027,0.3436116964863836,15.48996326151821,2.898948885537074,1.8867963690993368,3.260124696251542
15.489858592203795,2.8992656492615767,1.8898643306751097,13.739617907286755,3.33400622620124,2.294835258676922,1.8620022563300007
13.739236363289482,3.3344397577060865,2.2917672971011482,13.6783386027553,3.939114631109527,1.423534171157875,0.6200243651013725
13.678452025231472,3.939864048564262,1.420466209582104,15.061088800680261,8.998845271749493,2.6016314162540515,5.331675257640485
15.060936515585647,8.998935949813431,2.6046993778298186,11.755063017985554,5.912401090236875,3.4361169648638397,4.613713455753496
11.754421270842803,5.912207448281472,3.433049003288065,3.3630249396826213,7.507916250418117,4.276738436625166,8.637579162599181
3.36295480598106,7.507764830479398,4.279806398200938,7.674822795766897,3.9650641192495715,5.746292031419612,5.670918219438621
