x1,y1,theta1,x2,y2,theta,length
11.75157248627938,5.951566952697297,0.19634954084936207,15.030840257723204,8.777951772642655,-0.09817477042468137,4.38975516771468
15.03134681952945,8.777736320299212,6.086835766330224,15.30098551043793,3.5443434348445653,4.025165587411924,5.456680867315184
15.298811874426798,3.542016635570623,3.9269908169872414,9.170590663718569,2.949912405127208,3.534291735288519,6.187168932546438
9.167373489291,2.948307086888239,3.730641276137879,7.072595536244329,1.2373780296251073,2.552544031041707,2.89324966056133
7.0717087286613864,1.2378159916261444,2.356194490192345,7.250011829830447,3.6070523008444235,1.9144080232812801,2.4465763301275145
7.249437449096725,3.608691549142857,1.9634954084936207,3.432148384764446,7.396018295096539,1.0799224746714922,5.560242001311108
3.432617389086024,7.3969705331068765,1.055378782065321,11.750074138134517,5.951142257677038,0.17180584824319345,8.596839341059557
