x1,y1,theta1,x2,y2,theta,length
11.746070351665823,5.949574957153622,0.2844525578389937,15.01629730029643,8.784208774941897,5.900173004888708,4.4517338672869045
15.01629730029643,8.784208774941897,5.900173004888708,15.210407760843879,3.460529660741868,3.9615529537372733,5.488118746361961
15.210407760843879,3.460529660741868,3.9615529537372733,9.060949022464417,2.885784550663952,3.5786312645025684,6.21291806828588
9.060949022464417,2.885784550663952,3.5786312645025684,6.980231326721763,1.3176166162871616,2.6061037688566517,2.760133056988122
6.980231326721763,1.3176166162871616,2.6061037688566517,7.231058598833615,3.6584855395918483,1.8516845208070236,2.508012660239385
7.231058598833615,3.6584855395918483,1.8516845208070236,3.4619509471272485,7.448942888825975,1.1043277513601688,5.523669283481322
3.4619509471272485,7.448942888825975,1.1043277513601688,11.746070351665823,5.949574957153622,0.2844525578389937,8.600089384950259
